"standard_deviation_of_life_satisfaction","all_causes_disability_adjusted_life_years_who_2015","share_of_population_covered_by_health_insurance_ilo_2014","current_health_expenditure_per_capita_ppp_current_international","haq_index_ihme_2017","beds_in_for_profit_privately_owned_hospitals_per_1_000_population_oecd","beds_in_not_for_profit_privately_owned_hospitals_per_1_000_population_oecd","beds_in_publicly_owned_hospitals_per_1_000_population_oecd","acute_care_beds_per_1_000_population_oecd","dentists_per_100_000_population_oecd","for_profit_privately_owned_hospitals_per_million_population_oecd","general_hospitals_per_million_population_oecd","hospitals_per_million_population_oecd","long_term_care_beds_per_1_000_population_oecd","midwives_per_1_000_live_births_oecd","not_for_profit_privately_owned_hospitals_per_million_population_oecd","nurses_per_1_000_population_oecd","physicians_per_1_000_population_oecd","psychiatric_care_beds_per_1_000_population_oecd","psychiatrists_per_1_000_population_oecd","publicly_owned_hospitals_per_million_population_oecd","surgical_specialists_per_1_000_population_oecd","hospital_beds_per_1_000_population_oecd","years_lived_with_disability_ihme","out_of_pocket_expenditure_per_capita_on_healthcare_ppp_usd_who_global_health_expenditure","total_gross_official_disbursements_for_medical_research_and_basic_heath_sectors"
1.75135165024957,68970,17.6410125364622,183.9278576,32.5,0.601737960715382,2.21141718311972,1.08043298616835,2.85762907698934,0.897087714562206,15.2152585377847,11.0835701732588,23.3611099381792,0.17436589486522,43.6239778474319,5.7798451269704,13.6622343995449,5.12225249340067,0.497626401225668,0.144240044253722,5.30727057401261,0.527260536830076,2.11716788992514,8.46,144.16689,1.6701e+11
1.81331350868313,29903,23.6,773.6782919,78.2,0.514738053529666,0.104931527430937,5.14196551086199,3.97691457542881,1.21571952150706,6.64614105767784,17.0657559713446,28.0094681991593,0.653649810528605,55.899056018078,0.613963839329889,10.8162836037814,5.57114259926605,0.966768598906377,0.170782497437224,20.8680851721139,0.783378349060378,5.99989372236881,9.83,440.42001,2.01e+09
1.69934822265078,34790,85.2,1031.16964,63.7,0.538041196761009,0.819730207341334,2.63265014566991,3.234659534067,1.09079261889381,6.4433594729399,12.9315376569546,21.2702363346061,0.288981131074591,58.4199887560949,5.33641419252863,13.1404840861855,4.78264301384448,0.564380482977994,0.167278672800293,10.1030346204038,0.675253618594687,3.49119291124258,11.34,289.74506,3e+08
1.75760903205355,22191.0154115193,91.3596973353321,5948.635486,94.6,0.877350882778025,0.832001563296526,2.87960961734223,3.47880679201236,1.22100224288153,10.7408001921527,16.873143795227,31.1643128004147,0.22703041262095,84.9343937042657,5.2724601757794,19.770609947529,5.80165088669655,0.748530389094049,0.260115033246175,14.1919865171526,0.749609115913414,4.27516576683715,11.33,2164.9558,8811526597.89326
1.74159104761131,93709,0,195.5144172,40.7,0.798219032434555,0.0641095773432936,2.13520508985025,2.70109539755355,1.01999962260014,8.60232719749317,16.1731477338859,18.239174754167,0.139999948200019,44.3299835979061,0.261369815322658,7.43999724720102,6.5499975765009,0.0697260146746505,0.109178062270523,9.37547774135118,0.71123274693671,2.32259502540722,8.34,65.277954,4.999e+10
1.67655394365267,32510.9004884847,51.1,1105.111025,66.7,0.549079280950401,0.177776112537617,2.54885117026333,2.70140829655217,1.03181880449786,10.5480040590652,14.3022990193347,23.7460445615584,0.385919880375,60.1040848661881,1.24259032384963,9.00965498736687,4.79263674566162,0.334413666992683,0.111496311437114,11.7874658403296,0.589265853171065,2.70893895463776,9.83,268.01904,2.6e+08
1.66895384060926,26808,96.8,1389.840341,68.4,0.689255462313856,0.151780242445988,4.2544648398487,3.89920363912552,1.05214436302553,9.84749371786901,20.1970713190772,31.5069049008528,0.651800351884452,57.6841127809585,1.72494770986325,10.2713472233213,5.11026694033964,0.838407915097801,0.158460896811243,19.0393149040596,0.726575291860779,4.53952838011248,9.48,245.00212,8.1e+08
1.7896563554681,35083,100,883.2206519,67.5,1.10456107785009,0.899996244910796,3.14308589248529,3.73884752304708,1.19143812302103,10.9496466706937,17.541569098956,29.3676921141415,0.212585788017546,84.6965269964834,4.32637077436957,16.2273698705566,5.67144133001473,0.768655103429083,0.235168707123044,14.2548684172894,0.776027306104829,4.40379721951295,9.38,720.97192,5.41e+09
1.77189676835574,17696,100,4491.629858,89.8,0.72,0.56,2.55,3.7174431988116,0.69,22.45,38.77,55.89,0.580609193964974,103.67,4.71,15.25,4.49,0.42,0.17,28.73,0.65,3.84,10.99,838.4942,9232708244.92669
1.920911789,19763,99.3,5138.184731,88.2,1.01,1.22,5.14,5.45,1.07567721520172,9.66,13.19,30.8,0.66,27.58,4.43,16.3236659798239,5.04715545153068,0.61,0.19,16.71,1.03,7.37,10.6,920.96967,10945698042.4304
1.86401320241259,33879,2.9,1191.289459,64.5,0.803115170259893,0.64235468929439,4.58994464872798,4.36818258714555,1.13408918065324,7.77856502546836,15.6316722481823,26.6713862759629,0.625735080238617,48.0909436282252,3.35991296368328,12.3853669195737,5.21330044759409,0.798008263311053,0.218370092676241,16.0735565057536,0.889762849783924,5.73785758567341,8.63,936.67621,5.29e+09
1.80673653052166,30459,100,1699.052483,71.7038703211977,0.384389376166421,0.105100584127504,5.14991054982388,4.12698863405941,1.22121116972818,5.38858725536545,18.4147341863479,26.6067042803092,0.99159097871199,61.0889236167748,1.35528274072142,11.3104879647875,5.42233517235209,0.90807615406529,0.167546921475009,17.6105317203732,0.802639583419747,5.97435324622536,8.98,471.66946,20939331508.034
1.71868407954243,25533,100,2453.155914,79,0.793135631819511,0.727231610065588,3.41481199233074,3.64774172981317,1.17410326160724,10.1218707173875,15.9791026603604,29.9153476606262,0.498657410133906,67.8252319650302,4.35688922126563,17.5066327792853,4.97698107026867,0.752015065549407,0.220300038658763,15.4831969562641,0.781265966647522,4.71213169457658,11.41,615.72601,9622639888.77824
1.81527103511327,38814,1.4,88.03535581,51.7,0.561467299776784,0.0406586419837376,4.50034749275372,3.95509570187659,1.30712521898226,7.24813052706028,14.4865973384877,24.5705918064012,0.783563914841218,55.7821741282882,0.401256213195853,11.7131828982501,5.36753456778525,0.814550382829724,0.181674858277214,16.9794840811832,0.87905365636519,4.54792738527784,9.85,63.223766,2.2242e+11
1.78333557744118,26768,100,1233.55044,66.8,0.687068148191882,0.125421928869997,4.00160846979009,3.74273733218778,1.17704936801543,8.50246939812848,17.8626572617073,27.2826707759761,0.749965965538828,64.631182988845,1.42704888519688,13.4501088483257,5.88600548545313,0.826926218165408,0.192256271146602,15.6156990324682,0.871006765986701,4.82487213105924,9.7,557.15704,1e+07
2.01840998876385,33783,100,1084.619757,74.4,0.501473660702106,0.637358527523929,3.66851966010216,3.77143852220569,1.19106933754136,6.02183733164665,14.8185688047053,21.6295549901809,0.649145880282711,72.6784323959534,2.8755240040435,13.3878311299713,5.41313164242353,0.711731288004003,0.156673116075433,13.1496743628993,0.736512330961885,4.57578110204241,9.51,374.66376,1.24e+09
2.134913683,19878,99,4782.361046,87.9,0.856344645287306,4.18,1.46,4.98,1.06,8.41394784695912,10,15.27,0.1,103.74,11.76,18.47,5.84,1.36,0.17,3.51,0.6,5.64,10.8,840.12659,19806908860.5627
1.93003496700463,31420,25,523.7288925,58.3,0.560896409402384,0.393583632067777,3.63954127563265,3.34925780136223,0.958999369435248,8.64434747970725,15.9751478841897,23.9381528489099,0.832682121480933,112.273790946359,1.77883658549937,13.0326600456098,5.22478330943391,0.556717206338539,0.124871060668748,14.0446001893633,0.609573411895035,3.35675767115841,8.79,118.64302,3.19e+09
1.77378093025278,65706,9,84.46045434,43,0.725555410444473,2.20867184969267,1.16915976612811,3.26878013700896,0.918789906106476,11.6471834769316,11.2492670854445,19.618778382375,0.168075862721398,46.9122984885447,7.021083257358,13.635039187134,5.23040594275318,0.619349527029156,0.174552826795957,4.07775023989455,0.631056842845932,2.27340879782094,8.48,34.203602,4.702e+10
1.73553051933252,44087,42.7,445.8226242,59.2,0.485325984590666,0.658602356649357,2.39787323352813,2.86773367944319,0.927592357023,12.6138939334981,15.0523631756229,28.7455275389559,0.24601619223507,63.7591449342839,3.30715468993854,13.4435260158599,4.79613923345514,0.429023994639123,0.146838934937391,13.9505144746726,0.615391992642304,2.59390588830239,9.24,115.56576,2.114e+10
1.83288524697196,24000,59.2,1101.792914,78.2,0.874060881943113,0.101371155909055,4.90652900036418,4.43054003418394,1.19879428105183,8.11941335919599,19.4393108797865,28.161130325375,1.03379125579892,67.2302657401287,1.27075647869063,11.145912053241,4.60648039997299,0.909195731074598,0.150654608491869,16.0440764834001,0.765212120510821,5.94431262376754,10.25,315.49902,5.03e+09
1.92697014967254,61513,56.9743462241224,969.9563729,51.1,0.78047358716227,0.356650840035218,3.66556940967837,3.16924778539716,0.953132332374232,11.537460470646,26.386678741619,37.2469367203596,0.909616544622578,99.1663574364783,3.80686502028622,18.9786500968099,5.49545140234581,0.637430972002132,0.198303127577276,21.9051244640464,0.688021660448558,2.28376131075777,8.63,51.02795,3.52e+09
1.76924893490815,31632,100,1391.52257,64.9,0.496306284968071,0.615615973341784,2.47901297556959,2.92751682377172,1.04585750801067,10.2584998918288,16.5964850389807,28.9962305721138,0.20344090283885,79.6154394562488,4.70309226779339,14.8429179685186,4.83425601684142,0.486167397750504,0.180462491962257,15.7664564248312,0.690509536479778,2.3,9.76,393.65927,2.44e+09
1.8624670483279,22941,100,2083.430502,70,0.866809953207803,0.922774018918895,4.08742783830131,4.7332962240107,1.02560878852839,10.872094556768,22.9365907053256,34.4750886143721,0.878270603333008,59.1773480377516,5.35488363076296,12.2315602540794,5.12813470430862,0.96329354289997,0.179619915710273,16.0876983344011,0.741753533888671,6.0439857070327,9.4,125.25507,14890369418.34
1.90589208225731,28771,87,1491.868089,71.4,0.557669727204781,0.343239554494244,4.92214475402074,4.33872924195882,1.21688391573131,6.3984737006119,17.5445439817926,26.51264661556,0.688530406319596,55.087768261069,1.97166494334886,10.9072073841615,5.41981691629267,0.784162192586936,0.18262124437049,18.4751846092978,0.862627888986212,6.20598785395993,9.43,711.14771,7031321216.42024
0,70891,1,96.10067087,42.9,0,0,0,0,0,0,0,0,0,0,0,0,0,0,0,0,0,0,7.86,34.698746,1.0803e+11
0,80027,28.4,63.73553919,40.4,0,0,0,0,0,0,0,0,0,0,0,0,0,0,0,0,0,1.78430631302812,6.83,12.152169,4.981e+10
0,77369,2,162.8401984,44.4,0,0,0,0,0,0,0,0,0,0,0,0,0,0,0,0,0,0,7.65,113.57147,9.525e+10
1.710261106,18838,100,4600.088285,87.6,0.02,0.616560371031835,2.49,1.95,0.67,0.19,16.05,19.67,0.43,4.49,4.41754998044929,11.6,2.93,0.34,0.18,19.48,0.43,2.5,10.66,670.91956,14541461646.6027
1.82924019745217,31195,58.0803710483354,310.4060324,61.7,0.399763887225859,0.327828959554161,3.28753059091421,3.3406383123907,1.19488996266549,5.70399502203832,16.9137935795531,24.1647894948453,0.451757570321791,79.7758956489543,2.12243319483565,14.8227812627058,5.61754198574504,0.607259692029773,0.161473182726035,14.8315325298062,0.670431361520544,3.25686088905197,9.41,71.923409,49840726453.9183
0,97115,6,31.85577603,28.6,0,0,0,0,0,0,0,0,0,0,0,0,0,0,0,0,0,0,6.51,12.615376,2.319e+10
0,94563,6.74924478035625,99.77119413,37.7,0,0,0,0,0,0,0,0,0,0,0,0,0,0,0,0,0,2.31999900240043,8.11,56.241741,2.234e+10
1.71858155347416,21333,93.1,1903.118645,76,0.55,0.975118377630208,1.56,1.99,1.27,8.05,13.44,19.48,0,49.85,3.92254442443327,2.99,2.62,0.1,0.1,11.43,0.45,2.11,10.42,613.57904,3.4e+08
1.8157985459036,24811,96.9,762.2437789,74.2,0.957963044891632,0.397051969407935,3.62829665250561,4.09153215250961,1.16712715687116,10.3101596790646,16.2358410616243,27.8907916839815,0.801154487790577,51.7985816998961,3.36884769816716,15.8786366488929,5.24580158723452,0.834351692490532,0.178245602896284,13.3654475905479,0.866332750536717,4.34,8.51,246.86253,7.943e+10
1.67140801221727,27188,87.7,852.8121654,67.8,0.423657750681854,0.801814416504668,1.66593063148684,2.09514970268564,1.10450190080992,13.3433337097987,12.0815992782446,25.3209055150084,0.294920403019007,55.5919555213565,1.9877727525007,9.59459185288745,4.13956596428828,0.253100509043462,0.0996069532634506,10.5601028917902,0.438425978637508,1.71,9.17,156.01645,4.45e+09
1.33517802652167,59673,34.3381251114394,121.0422012,47.7,1.08924555771126,0.700634417701091,2.57381751806958,3.25543629267656,0.939032138110733,15.5705715688849,18.7673086021859,29.0515990396159,0.098387084206037,73.8887002387338,1.27666016549078,8.86580531907777,4.05032206324918,0.413746641761769,0.0840603670298006,11.2630030619151,0.405838977323534,2.6880863546857,8.25,90.556938,2.28e+09
0,70611,19.9442675446726,202.6585841,43.5,0.471379244026644,0,1.33655153609896,1.73758596243618,1.26999969520007,15.5189633338838,13.4399967744008,26.9406858648966,0,49.8499880360029,0.149999949000017,2.98999928240017,2.61999937120015,0.0710344727648052,0.0627586118601677,11.359653574228,0.32999995357242,1.72395138593411,8.25,88.853043,9.32e+09
1.72224929682716,23017,100,1286.462817,72.9,0.467153287797503,0.663249471216748,2.27371570818989,2.61579060013601,1.04793646036029,9.24624815213111,14.913791709629,26.1967751145847,0.307271443300925,74.1258298201207,4.19790021742223,12.5852207193446,4.45038095897365,0.41421686289815,0.161773521998521,12.9957082386997,0.593791234155219,1.13,9.82,276.40625,3.3e+08
0,88856,1.2,189.6011903,42.4,0.462823431728796,0,1.31223501715887,1.71011728612348,1.26999950470019,16.33176125892,13.439994758402,27.7525823778667,0,49.8499805585076,0.149999931000032,2.98999883390045,2.6199989782004,0.0678823386140099,0.0587058699625493,11.3519976040607,0.316941109577371,1.77505844888766,7.72,68.291847,5.166e+10
1.85889298925461,24063,97,1656.426156,81.6,0.549688123077996,0.423857358747381,3.37930874488922,3.30855801665891,0.998347124427969,6.5454433019236,15.0102060549079,23.7280975702086,0.644391122740165,108.063625500545,3.15992571169005,12.717263821789,4.448972824299,0.542433460206729,0.154263738326505,14.1832357716706,0.677311490473276,3.72960848981872,9.94,251.05083,8e+07
1.84673305132506,25180,100,1871.34601244459,73.5,0.816220818481132,0.46745094382244,3.55380020857037,3.9360341034766,1.19038647477958,10.0248630532912,17.7888647145639,29.7330114108966,0.667436854532497,68.3710264722977,3.10702026196302,15.6232686411533,5.23897766129947,0.842115796428888,0.208457614909694,15.2711802804597,0.835368317745375,4.44596391329306,9.73,455.675425008669,2.01e+09
1.75522540034642,15789,65,2136.797759,85.3,0.66076019626213,0.521209264961218,4.10290274098909,4.62867826844911,1.20231458900233,9.53672141249028,24.6419772030776,36.8689126392815,0.972500849342354,58.9124794499169,2.72024487458718,14.3416808106896,5.54367151372313,1.06567418374046,0.203013693768357,17.3399639750399,0.841833358252071,6.37132348812154,10.28,937.77203,14734746209.5291
0,92831,10,33.97361777,40.4,0.049999974500013,0,6.49999668500169,5.46999721030142,1.38999929110036,2.82999855670074,25.8099868369067,32.8799832312086,0.49999974500013,40.5899792991106,0,9.27999526720241,5.27999730720137,0.989999495100258,0.239999877600062,30.0499846745078,1.06999945430028,1.49210845363619,8.45,12.715207,5.183e+11
1.815271616,20451,100,5083.20928,85.7,0.05,0.11,2.34,2.42,1.43,6.78190028432497,14.8929128373389,25.8255579704845,0.04,57.6,5.35009379792161,18.23,6.22,0.47,0.19,15.3941212598076,0.63,2.5,10.95,697.55823,35519210118.3244
1.92091096300829,64677,30,146.6987696,44.7,0.817631426286974,0.529736743197837,3.44828882985239,3.93934136974666,0,8.34170896883092,15.6172339262033,24.0671007695768,0.659999716200122,27.5799881406051,1.92355227243149,0,0,0.293157840001187,0.110789452998653,13.8018395283144,0.69618408054142,3.8615412718799,8.1,29.903355,6.23e+09
1.71986854690141,29597,26.5,873.1177009,62.5,0.426591740344001,1.10392670485756,1.42902534287904,2.10082201859626,1.08341574724065,13.442733994275,13.0184681117306,25.5928081138931,0.191738907943681,56.3516402953729,2.79088390942546,10.6974051002806,3.95913560208972,0.219487275326319,0.0967158163022217,10.1579956773067,0.408394899547393,2.05549963434273,9.22,381.37183,3.73e+09
1.71557884192765,29357,22.8,980.2299724,61.2,0.466795896335601,0.701728228164625,2.18985803846701,2.72539319325743,0.959219923437706,11.2584286445508,14.9678655042871,25.9547665975787,0.363298982276135,81.370198036914,2.73281695164491,11.754077167791,4.36312510594038,0.390796227767792,0.124151794041014,11.4247583108193,0.502626889708597,2.74404036388352,9.63,428.47943,2.73e+09
1.78274814519602,35784,51.1,495.1650809,61,0.569999774324991,0.958736957057872,3.74187542270178,3.92433815061904,1.06039509565724,9.34916495244637,14.9839334080699,25.7028558744841,0.643074863981179,68.9352133845836,4.53722158425149,14.0530067988102,5.21175264383873,0.793399146412387,0.183604313632058,13.8429212930708,0.720743657365151,4.50684121258073,10.09,306.79916,1.337e+10
1.74825690826937,36007,21.6,578.4609406,64.4,0.420924914936157,0.703672409402238,2.36394208633421,2.82562904124713,0.974310632575328,6.54110571362815,13.3855465606361,19.7053620751749,0.309796592580789,67.1943600142944,3.78437967953681,13.070119714783,4.59753767747459,0.363536492765985,0.136429216104199,10.4740588899324,0.566390770101629,2.92286166951512,8.99,161.16724,3.15e+09
1.68134135931336,82201,47.3373310122796,789.5788502,48.4,0.532073298555674,1.06754803663519,1.56940198632021,2.40829657208694,1.01813546626326,11.4867109567475,12.3384156018363,22.703828237625,0.219022174173927,32.6849767193954,3.69839955052698,9.94978596739822,4.557831820742,0.337169801319104,0.128585019013598,7.79319465184627,0.567854321615425,2.14356799728721,8.81,568.37732,8.8e+08
1.8061254499353,26242,92.9,1886.814387,81.4,0.24,0.12,4.34,3.45,1.38,5.31,15.94,22.77,0.91,68.36,2.28,10.45,5.15,0.53,0.18,15.18,0.85,4.69,10.41,429.6655,12275102040.2381
0,54964,12.0020840033866,65.60194586,44.2,0.66999970520013,0,2.14999905400042,2.77999877680054,0,7.32999677480142,17.4799923088034,18.8999916840037,0,0,0,0,0,0.0499999780000097,0.0499999780000097,11.5699949092022,0.439999806400085,1.44999979239686,7.72,24.804361,3.9209e+11
1.68696021387462,39681,100,331.3576231,46.6,0.452410544156397,0.115506053512533,2.80571710812883,3.07979501312014,1.22720326435264,10.6631705692172,26.5828719213551,34.4246777029513,0.541310228307666,92.5230572001934,1.6171332924111,17.8688561031056,5.75571479260424,0.543406373824563,0.156075701898714,17.2338082645779,0.604574525082047,2.97870410982914,8.17,70.953873,1.428e+10
1.746749282,19843,100,3996.436879,89.6,0.15,0.563028795791071,3.13,2.8,1.01,14.34,23.6,44.84,0.41,85.96,4.15003226176736,19.69,3.84,0.39,0.24,30.5,0.56,3.28,11.21,794.92712,18608128315.343
1.926970959,19104,99.9,4542.307106,87.9,1.45,0.84,3.68,3.09,0.998287370599334,14.99,28.65,45.55,0.47,82.6238731427577,10.17,16.5030726047557,4.81697131300098,0.84,0.23,20.4,0.48,5.98,10.64,308.73276,32345430647.0637
1.57710917350842,58498,57.6,480.8514802,51.4,0.682319954229977,1.25902428554757,1.58631886842604,2.80013540603206,0.819451953596344,11.3794217868376,10.9524720295201,19.8591990181113,0.346770128113953,35.3882931744189,4.03555411012133,8.72649254655819,5.53965961924005,0.502950286482648,0.15323186118421,5.45975673039045,0.823422990099695,2.34267667004425,8.94,124.56293,3.29e+09
1.53280236734173,62697,99.9,114.0747188,49.7,0.651778838619606,0.919529092424185,2.93797286678633,3.28464359071783,0.904314728205521,11.771485413213,20.0350643876876,31.0960990347335,0.445227862437011,59.3271279607042,3.57768322920434,11.3166617093608,4.22304606502092,0.561797661472243,0.170175859255826,16.0085430971646,0.591429495923766,2.61605748564772,9.07,23.163185,2.127e+10
1.72228218188196,29323,25,717.7162423,62.1,0.746196442522405,0.138729864707171,3.72031154098972,3.33872078062441,1.18387435409587,10.0240863526312,17.6308281779443,28.0027000825417,0.428768886439013,66.3155162440016,0.992593407752919,11.6504008635139,5.25374202531889,0.615431222874747,0.149350163899454,16.3882812968163,0.652101806463513,3.88305558972313,8.9,411.42606,3.98e+09
1.79266770307952,19224,100,5356.811177,86.4,2.43,2.31,3.26,6.02,1.18,16.08,19.26,37.31,0,80.0044309560636,11.74,18.3208654698288,6.1,1.28,0.27,9.5,1.18,8,10.7,671.1239,10889264563.1297
0,58375,73.9,249.328504,49.7,0.14617280991069,0.0607407284426179,5.40666557198376,4.44752996370998,1.38493799119774,4.08530781482657,20.8140698598673,27.7625869715256,0.707530720944397,54.6464086888753,1.15407384040974,9.87222022340232,5.21419647515034,0.757160340525561,0.209629587186108,22.5232053162893,0.958641781213269,3.0848129280047,8.08,90.020622,1.4816e+11
1.79040515120217,19627,100,2204.354384,87,1.38,0.08,2.74,3.6,1.23,13.67,16.18,25.76,0.57,65.8437311383776,0.46,15.4383670251982,6.07,0.74,0.25,11.62,1.32,4.21,10.34,781.69025,15242590042.209
1.71670463087225,37079,30,443.9018463,55.7,0.330801588981918,0.262426287703959,2.36623052978008,2.68597924200814,1.26035507047202,10.362125798582,18.8807010535263,27.4860705044246,0.520131932568212,60.8007235525534,1.36353941937636,14.657101964598,5.10362659307334,0.411784317120925,0.130043543341744,12.8110485838802,0.541897659752377,2.50038107535107,8.89,247.54504,4.64e+10
0,72518,0.2,57.19135929,38.6,0,0,0,0,0,0,0,0,0,0,0,0,0,0,0,0,0,0,7.76,31.166372,1.3984e+11
0,83441,1.6,100.2957262,36.3,0,0,0,0,0,0,0,0,0,0,0,0,0,0,0,0,0,0,7.37,37.274281,1.847e+10
1.7415909779477,55470,23.8,336.1484296,49.8,0.734999924662508,0.0324999966687503,2.14249978039377,2.9907004104495,1.14299980585332,6.33891671739032,14.1440116676924,18.0126737950911,0.0579999901482874,60.2262754844226,2.78248386570871,17.2975684904559,5.16771340794125,0.237579599841902,0.113949035956344,9.96458523261836,0.60426747016089,1.62653439215635,8.57,136.16254,1.79e+09
0,61717,3.1,120.1457421,38.5,0,0,0,0,0,0,0,0,0,0,0,0,0,0,0,0,0,0,8.07,43.579815,5.685e+10
1.50388792970808,33106,12,353.3645701,53.9,0.207244076211546,0.633861307941607,3.01299022437451,2.75053434636054,1.25348247711418,6.4332330308568,14.1050123525958,25.3777427928762,0.369400473699778,83.5707208157127,3.36033017285849,19.500307806091,5.82438732500448,0.620648769319251,0.208589474312633,15.7984414794397,0.698565003944794,2.92373483245781,8.4,173.59322,3.594e+10
1.74334190973813,28707,100,1912.069053,79.6,0.02,0.21,6.96,4.27,1,1.2,14.64,16.86,1.22,62.57,2.91,11.8,5.68,0.87,0.15,13.24,0.68,7.02,9.92,555.2157,5630739470.40864
1.76527435844972,17257,100,4116.171894,93.6,0,0,2.91,2.37,1.21,0,22.96,22.96,0.36,127.52,0,29.55,7.74,0.37,0.24,22.96,0.74,2.91,10.79,700.42822,15154113323.0493
1.78463503280423,47950,12.5,237.7234161,44.8,0.759588902496929,0.479999912416454,2.88308704338484,2.43546462460481,1.57999970770005,14.9899946036019,21.0724347687863,38.2051142356501,0.232201806486899,82.4649847439778,10.1699963388013,18.9799964887006,5.6383713491079,0.539905400124356,0.209067108714214,20.3999926560026,0.637478665207071,0.53,9.66,154.66501,3.9127e+11
1.50786702478498,36015,59,369.2864404,49.2,0.562912750077709,1.27872928411503,1.49433042054258,2.46688927284025,0.979528066631253,13.6094538192323,12.1723881186315,24.0812513875148,0.181751593767572,41.7023632378177,2.81017667775388,9.9139770227901,4.31661230617569,0.368777023548952,0.120604297704338,8.3691116254279,0.477273121667554,1.04,8.71,189.93916,9.857e+10
1.6199354560355,30911,90,1261.730503,71.1,0.417241154344097,0.104553523303115,5.20728053423615,4.07905029360194,1.20614755328007,6.17080342711716,16.537358269322,26.0130015803574,0.822626051653577,55.1617726793608,1.18184794387787,10.3568147164026,5.35369205296089,0.868532302355609,0.171462620431188,18.8748821031057,0.803931680482425,6.18324238176359,11.15,500.40799,3.48e+09
1.81468219948722,38798,70.5205816562776,481.0398448,60.1,0.623935369075444,0.265599481043303,3.63084179713068,3.96872700316029,1.01521798194417,10.0907759597146,20.8972621854799,34.9887479441123,0.914105810151989,53.9872930755718,2.8130310349998,11.2138038340207,4.74232436109608,0.87742432703471,0.177036131574344,17.6240988115166,0.864081226638947,4.93749841844409,10.17,367.85107,1.166e+10
1.82536912,19319,100,5334.947576,88.4,0.458494357848733,0.901576406492759,2.4702946543589,2.77,0.67,3.95,11.65,17.89,0.15,291.99,5.00663621051229,14.76,4.82,0.34,0.17,13.3273181437251,0.47,2.96,10.7,809.01556,8925800542.47405
1.68851897420826,17719,100,2819.111414,85.5,0.37,0.59,2.03,2.19,1.31,2.48,5.07,9.58,0.53,14.65,2.93,7.41,4.37,0.4,0.16,4.17,0.61,2.99,10.7,686.99359,8424383798.2954
1.741591692,16957,100,3350.575515,88.7,0.93,0.13,2.12,2.62,1.02,9.91,14.83,17.56,0.14,44.33,0.53,7.44,6.55,0.09,0.17,7.12,0.99,3.18,10.59,765.02649,20781212891.6323
1.9209110782629,32646,20.1,511.3773951,63.7,0.414027160665558,0.189703560601664,4.50310263006177,3.93833666946638,1.10582256234537,6.28695606567726,15.5951190880176,24.891943496373,0.734318520385841,50.3362857604367,1.8700742912979,10.6979378738396,5.29923986020582,0.644615402887077,0.146340346058103,16.9814978459441,0.722648038626701,4.77814270699474,9.55,121.21803,1.8e+08
1.82590826176989,15700,100,4405.131829,89,0.984014119741648,1.00740799476109,3.55,7.79,1.04430771287008,11.9867205061751,58.03,66.39,2.64,88.7466325795355,5.75072541316429,16.3203910359631,5.28414012081844,2.62,0.12,12.14,0.753938767642472,13.05,10.78,576.96307,11395152172.4014
1.67459169630953,30626,75,568.122532,76.5,0.673314672641992,0.620185789850435,3.80788593173668,4.35972130396293,1.15631846983604,9.73477992231414,23.7156520556114,35.8442029698218,0.704008690766654,70.7494320935602,3.91345015065699,15.1669287877993,4.7616199362912,0.956122670802148,0.190565308466821,17.8064620366686,0.708766145439107,5.21337288724579,11.19,142.87909,3.763e+10
1.77020523088264,42084,70,903.3240914,61.1,0.672414431246344,0.837146757615933,2.83711211644725,3.07602464559733,1.07717140660545,11.9377441464573,20.752055117773,34.3018987296389,0.41529993325766,86.8942775806458,6.43895658765338,18.7061177939423,5.02293765529051,0.606296150300959,0.204708339202108,18.2977954404118,0.639273415593837,4.35313798421914,9.08,350.55191,4.23e+09
1.7415909779477,62578,39.4,157.1920959,48.7,0.929999618700156,0.129999946700022,2.11999913080036,2.61999892580044,1.01999958180017,9.90999593690167,14.8299939197025,17.5599928004029,0.139999942600024,44.3299818247075,0.529999782700089,7.43999694960125,6.5499973145011,0.0899999631000151,0.169999930300029,7.1199970808012,0.989999594100166,1.38125494777981,8.25,52.449409,1.9222e+11
1.88105454174113,22687,100,2977.514144,82,0.859685808797789,0.551100689487897,4.18283965806692,3.94926778095137,1.2452408984443,8.25490318161794,16.6193295484169,26.859647188078,0.866272608869656,63.7485233744849,3.82238742537446,14.2398632619447,4.90829317427835,0.779313397049703,0.17967529270195,13.9806041743118,0.793455821352983,5.53118039602744,11.46,428.12521,16110813869.7804
1.65853021264278,39969,83,286.577877,60.4,0.473796408541117,0.552589137858871,2.74911319762868,2.81561523552258,0.99307202301925,6.25063105001461,11.9942949384962,18.5544018217703,0.388294648914716,62.9808942938586,3.30520430453842,11.4114478515244,4.91918355969053,0.456052755940894,0.158491665654603,9.10506899010942,0.676483688391639,3.18060604347874,8.78,138.24355,2.132e+10
1.7680383934642,29932,70,1429.309665,77.7,0.56,0,5,3.3,1.18,9.27,13.9,32.44,0.63,43.25,0,9.8,6.18,1.25,0.15,23.17,0.7,5.57,9.85,594.9317,20727530667.6599
1.75919626693939,20828,48.3,1117.255973,80,0.892653436580977,1.12152388693678,3.02989495710783,3.5499239442159,1.00227661180277,13.717350066143,20.5587198898073,36.0299131862044,0.465752572182259,69.4590423265733,6.08138293760715,15.9488073156642,4.80298225133227,0.792851968254426,0.197707780062215,16.7661467468942,0.664816598657636,4.6223387640818,11.79,358.2995,2.968e+10
1.78774618378138,99421,17.6,251.1429737,35.7,0.918809619466013,1.29619351593175,2.90135820940364,4.28553290357829,1.04777716386511,12.7308813445692,17.7085460354557,33.1457381081954,0.627520545004473,41.9985079914439,4.55307964121618,19.1152530970025,5.50894485672415,1.00993036016976,0.292835436812798,10.7644616615943,0.827358694941149,3.70870475263909,6.49,42.327137,2.32e+09
1.55627378159831,62373,40.5614071450074,127.7707491,45.4,0.0499999795000084,1.84171017857183,1.74488058398146,2.42521437741142,0.966052449172991,23.9899916035029,8.67043359513627,29.9899958926745,0.174868388034719,40.1695976785036,7.81999726300096,14.7288130084412,4.56370382400449,0.557996763064164,0.197170091045694,0,0.655095322253131,1.89409336843441,9.11,25.088203,2.1117e+11
1.83653723676378,28906,79.8074662738689,1582.38232275588,69.9,0.624451125706064,0.0883082024604479,4.27491441720056,4.05757681805263,1.20306624747592,6.85484074281761,16.135793089487,23.9073075783494,0.884911637870194,73.5315798908118,1.12169492314941,12.8970180541277,5.00181215764643,0.723927118402188,0.147205298466553,13.9377706531799,0.746446067979395,5.2551655981769,10.85,230.01372,1e+07
1.72915130930667,29282.7024097093,95,1547.6449216879,73.4684872339418,0.409455060891789,0.0767244217780024,5.21181956675126,4.13496962803091,1.27301217494708,5.40330388082562,18.2836638967528,26.2410339617077,0.71454404487848,62.1751002492767,1.08177566796472,11.6467737393105,5.54379736992882,0.807243450494017,0.190409951921309,19.9387443860415,0.854802708625577,5.8914451520906,9.8294469826142,453.450421238714,11974298341.3757
1.67842352263255,30215,95,1874.615864,76.6,0.05,0,6.5,5.47,1.39,2.83,25.81,32.88,0.5,40.59,0,9.28,5.28,0.99,0.24,30.05,1.07,6.56,9.96,601.2337,22421487927.6528
1.81340858215301,18648,97.6,6381.507524,89.3,0.64037897097633,1.28438904407551,2.56733617694515,3.7,1.23,1.71,6.58,16.45,0,71.47,10.28,24.27,4.19,0.74,0.21,8.57,0.68,4.51,11.16,679.28198,23604977111.0256
0,54971,3.7,76.74339356,43.7,0.669999738700102,0,2.14999916150033,2.77999891580042,0,7.32999714130111,17.4799931828027,18.8999926290029,0,0,0,0,0,0.0499999805000076,0.0499999805000076,11.5699954877018,0.439999828400067,1.71222187597291,7.47,16.622654,1.1243e+11
0,70678,8.79409104375418,108.1896442,47,0,0,0,0,0,0,0,0,0,0,0,0,0,0,0,0,0,0.529999777400093,7.46,11.881274,1.6338e+11
1.96642173555452,29765,100,1063.888395,66.6,0.8881374736796,1.02202527912229,3.22764906418791,4.39243238229156,0.979106469814019,8.37986198796229,19.3012319549717,28.1018217915927,0.849931689952595,119.072219682881,5.00690743480191,12.7020114957918,4.65105682948274,0.896238273990561,0.148117282014594,12.7020340423283,0.652057586258589,4.79588214396457,9.14,370.69351,6.2e+08
1.87376520816579,25036,30,1513.882431,75.5,0.708199936305337,0.759103351701193,2.84518603542686,3.18299864676413,1.0911961193132,12.0429186918513,18.8026520448299,31.5837760192586,0.335509334629319,96.295108992244,4.31165085752085,18.5150873263207,5.08729672850387,0.544572840323582,0.180360537441215,18.0205987796462,0.686408233213353,3.52796583552206,10.2,247.58975,1.06e+09
0,75910,1.9,118.4518361,45.6,0,0,0,0,0,0,0,0,0,0,0,0,0,0,0,0,0,0.810140702668226,8.15,54.852081,1.3294e+11
1.619936347,19507,100,3470.896993,85.1,0.840709571138804,0.82392402677404,3.10250084115902,3.51633863612115,1.07266795911376,10.8292979498226,19.6875933718613,32.5862957488241,0.491360532216073,81.8181721206052,5.35052008122931,16.7411486149472,4.93322768382118,0.747526265376104,0.20591651174545,15.551485366712,0.710478486354593,4.54426980653761,10.5,1287.7975,10758066934.9324
1.74159143076129,58285,6,177.0806661,52,0.681963914693432,0.119076261229329,2.72466877173363,2.76676373107744,1.05930027577707,8.34704216566128,13.7698172627795,21.2129530126844,0.449959816721239,44.3553986990652,1.20844290931175,8.28185286286265,5.03740658897985,0.34303035312104,0.134507487760712,11.7726803683006,0.71193008693182,2.44382141750948,9.17,85.419205,1.33e+10
1.85711136673513,30076,100,1098.625455,65.7,0.377177819258632,0.35078862086999,3.46290137122868,3.40897204581453,1.02939618621633,6.7716155873159,16.3011092842815,25.0343947592928,0.64087071574782,90.684145427137,3.42451641728133,11.7106058351769,4.8517353306362,0.629620689842501,0.155705715393655,13.6333423909605,0.683825074013985,3.92741152507068,9.72,556.64081,1.8e+08
1.69486561747367,26763,85.6,1008.676198,62.6,0.36,0.710568396912771,1.02,1.38,1.08583241246688,26.1,12.6056701629885,37.51,0.247699067141817,56.8429117355069,0.15,9.09786314800706,3.83625876304259,0.03,0.01,11.26,0.16,1.38,9.32,417.28952,9.6e+08
1.64381977022078,35472,75.7,515.3230735,73.1,0.595088394780163,0.212080621689652,4.91255755124596,4.01532814009709,1.10734455595871,7.74622601679408,16.6763633534412,28.584765689126,0.673005900297772,47.9248352367263,1.15349818181952,9.90498634207864,5.20377099398123,0.915227261861217,0.169550572317752,19.7532855891885,0.795276750146913,6.09758122722713,8.97,238.01622,1.13e+10
1.81630230669802,26704.9144672523,85.716854750161,3406.868928,76.4917951015843,0.568884372545946,0.641781575845797,2.7362265742743,3.45683008998673,0.979319907699344,11.4722138325101,20.7611943998944,33.2284851115362,0.471831898967145,90.3070281725333,4.81385546205933,17.1144509921156,4.84992111771202,0.648025809545198,0.183130760743088,17.5805859827466,0.661824784454721,4.07093541833637,10.230039923909,206.57016,12900076632.5999
1.71820311767098,26702,95,957.0148208,80.7,0.647144999533943,0.144399299720844,3.2110463693012,3.50397042785827,1.12884334235771,9.06491319107453,15.2641426871938,24.2205823064654,0.573806931328273,61.3401710626957,1.04771654950803,11.4339719139069,5.50251365781417,0.587757812523198,0.152969163476245,13.7785667530546,0.808257275887718,3.65319461398423,9.91,304.52347,9e+07
1.78048243095566,38061,42.3,435.2900287,61.3,0.941260362163036,0.665752215189299,3.33251894977849,4.32664726604456,1.14150381483185,11.7732325021891,26.2354371118142,37.5313405479273,0.855170654853427,55.5087371194425,4.08870944223256,15.1566788079366,5.2533837755031,1.0130784631055,0.19930138499523,15.7615990710665,0.841778404850106,5.01504891917156,11.03,231.06967,3.89e+09
0,88491,5.44254882605191,63.74393076,43,0,0,0,0,0,0,0,0,0,0,0,0,0,0,0,0,0,0,7.94,4.3641877,2.3915e+11
1.76659964569415,48793,39.4754758323879,267.2280328,48.4,0.49644279075656,0.304239725525823,3.12833397853445,3.01338511468635,1.22058913826744,11.2176174668248,20.7275714859458,29.9237796916272,0.337769329233393,64.6580989872185,1.2080925455369,15.1025767556815,5.37992226381149,0.492060592670801,0.126192737907525,17.1569680109572,0.538608493714284,1.79444071398236,8.46,197.51004,9.451e+10
1.73796312645429,48404,28,942.4741866,53.7,0.393553572321966,1.0412264971504,2.7866534684367,3.27244374107034,1.08751582874172,6.46934882250489,13.1746241968168,20.8899389143743,0.404459081981956,30.4381131756899,3.95315743464775,11.4358817141525,4.7682575346832,0.564828155223404,0.163020643993517,11.1339600221208,0.657338110739662,3.59102991809012,8.3,78.47451,4.04e+09
1.5592139970129,43324,0.1,150.5903691,50.8,0.540688907547544,0.592465606549627,2.15317898113453,2.82159757533545,0.998991255864249,6.6396612006422,9.25094801458736,16.4017283882017,0.315446901637418,33.6562105899309,3.51420661750628,10.0919276023103,5.17337621025909,0.445018410862163,0.157787423278772,6.8334399521057,0.781452500933141,1.9158917866177,9.49,90.96965,9.946e+10
1.335178614,18770,98.9,5313.243391,89.5,0.694717900313363,3.32,0,2.92,0.57,23.99,4.44,31.81,0.29,25.29,7.82,11.74,4.54,0.91,0.23,0,0.42,3.32,10.94,650.96637,35342543177.7565
1.7173521914871,18742,100,3530.096913,86.2,0.31,0.1,2.2,2.59,0.61,10.69,10.9,33.92,0.02,50.56,5.96,11.58,3.5,0.3,0.19,17.27,0.71,2.61,10.68,422.60583,5682649218.92651
1.80747201062159,33239,12.2,405.9922707,64.3,0.262087845332619,0.190565234400302,3.98621739003226,3.3872781260711,1.03871115621024,5.80774510522423,15.1542570008728,24.5290758498283,0.556985412684285,63.09874313779,2.93342871769037,14.4186247612512,4.71675539536647,0.610379166993627,0.159503641667233,16.381575993067,0.655305183832686,3.42741834930094,9.35,146.10959,1.948e+10
0,70093,3.1,68.46968478,41,0,0,0,0,0,0,0,0,0,0,0,0,0,0,0,0,0,0,7.66,35.789703,6.702e+10
0,84764,2.2,215.223799,51.3,0.559999820800057,0,4.99999840000051,3.29999894400034,1.17999962240012,9.26999703360095,13.8999955520014,32.4399896192033,0.629999798400064,43.2499861600044,0,9.799996864001,6.17999802240063,1.24999960000013,0.149999952000015,23.1699925856024,0.699999776000072,2.19499943613619,8.74,155.4747,6.9788e+11
1.868804097,19615,100,6221.641638,90.5,0.864963651148786,1.23268504971948,2.74,3.2,1.37,10.188310716132,17.2060267361364,31.161243504415,0,78.14,6.53643110212193,26.34,6.46,1.07,0.26,14.299900648503,0.57,3.6,10.61,887.98853,19312382422.8228
1.77201087276916,27260,97,1635.870769,77.1,0.407484057057689,0.376095438951786,2.51962538695177,3.03557796072131,1.03460882123961,7.69862411175472,15.119809169543,24.560439498216,0.502962140287794,67.7578355469667,3.14366536439272,11.9727739865168,4.46924724083456,0.50300830628924,0.145938142444965,12.4306180862818,0.615939723155023,3.30423933885887,10.76,104.14493,2.5e+08
1.6054027558345,50534,26.6,134.4414606,43.1,0.279999961733339,1.58279035811067,1.98664751901337,2.87558356322796,0.900511755563667,8.84154403904673,13.4054530005912,25.7048755950035,0.263389074787989,48.9134671395542,6.35771943580649,17.4322709471571,3.88203208680607,0.49249962675247,0.182694916696124,13.9686561124656,0.516897110448568,1.64380903032508,8.98,89.383614,2.0375e+11
1.76070730460083,27476,51.8,1542.796273,64.4,0.492376305010808,0.123694087370969,4.47479505967096,3.82195340515613,1.28809077968974,7.827277494223,18.0839410279688,27.5288717234444,0.78838378839739,65.0143495102708,1.30058391995138,12.0320752606527,5.31016729857389,0.70583221631375,0.182534331888279,18.6590783284148,0.839266695761559,5.45359818190399,9.54,470.90369,3.23e+09
0,59322,8.27123634827306,98.58088454,38.6,0,0,0,0,0,0,0,0,0,0,0,0,0,0,0,0,0,0.529999835700051,7.67,5.6810246,6.417e+10
1.70334725175051,30862,23.6,724.3116252,60.4,0.44015611978792,0.819022128236251,1.69731530432048,2.2689509894193,1.09257513503852,9.96698772627578,12.4293336005015,22.1398451864302,0.213926542742765,40.3253116193452,3.32978574098589,10.4915827488071,4.12935927782935,0.268670192797753,0.11601523532157,10.1792126731783,0.513265945955926,2.27867602412707,9.52,264.27051,5.62e+09
1.7695908514798,26911,64.4,671.0036469,69.6,0.634416961307091,0.630747857074035,2.50872714163855,3.33332458044156,1.07109916500768,9.17960335998868,14.9111797813021,22.9614148679875,0.520189730182921,37.7928759884706,2.63904588319168,7.99842722716634,5.16018317714718,0.529514648995052,0.131709494304945,10.027399117355,0.705599007307648,3.45718106490943,9.9,207.45259,9.5e+09
1.74625006306676,41446,82,322.7779997,52,0.613945645618414,1.20198195017167,1.51539540700164,2.20588443207994,1.01738533080657,14.1769275583056,15.9636151197282,28.5706160838637,0.30470272764357,16.4204459840003,4.80307541159177,12.1860343417159,3.80033578447227,0.287806608204396,0.108490547015862,9.91680689897263,0.383764578119795,2.0203439960425,8.46,172.83017,9.55e+10
1.83063685465531,25415,97.5,1704.195989,79.6,1.78,0,4.85,4.85,1.09,9.72,25.31,27.86,0.02,93.77,0,7.69,3.85,0.65,0.09,15.71,0.54,6.62,10.33,396.16248,10370068141.9846
1.956165552,19815,100,2661.397049,84.5,0.36,0.7,2.33,3.25,1.01,5.44,16.6,21.84,0.547882974978485,77.0412009212149,5.63,14.6404862571878,4.97,0.64,0.13,10.78,0.73,3.39,10.47,735.89484,7066997394.61364
1.7881834937076,22923,100,3900.286232,85.2,0.567168746484932,0.415909030488924,3.18432322862785,3.16032049610947,1.1579336446396,10.1751998962911,19.6460508360673,33.6686868979045,0.316273640522009,90.0660690853505,5.37713601790148,18.9359374715414,5.00948793972444,0.620357260470077,0.221722583937319,20.0746995035102,0.673933590699409,3.85949058552174,11.71,242.92445,25502266142.2459
1.74159083862049,28496,94.3,1090.416516,74.4,0.29570203751814,0.0556539449034137,4.99692585965261,3.89296891909011,1.23184852194865,4.73288557524386,16.587683280949,24.7785760088942,0.800005299241209,64.74454873154,0.97383458898174,12.9068715124981,5.59732214227576,0.782247840140439,0.181923672500069,19.1710323840714,0.816181449120414,4.9318289771008,9.69,232.00484,15127842071.3025
1.66285484555654,39906,88,1414.028282,71.7,0.47559689090614,0.156069158131826,5.11873606925682,4.28235896724144,1.30628214407661,6.55201611131806,18.7104729059617,29.4987990415131,0.49002007435368,48.503678843816,0.910673192983476,10.1090899021651,5.77497309003758,0.918317828256725,0.204077062202028,22.2854571596304,0.924368126830235,8.05,8.96,515.22107,29369958630.0611
1.65612215820724,54160,91,143.1853392,47.8,0.1914826109869,0.284999941575012,3.6566001279866,2.87565107512983,0.875669886988981,5.99618425959028,16.8529573596488,25.287162465494,0.63812648659664,46.1081405172967,2.75499943522512,12.5957989794951,4.47921170766451,0.489100447015913,0.172220826326443,18.0577773375554,0.657983804695874,2.55317750610052,8.3,37.179249,8.313e+10
1.77110737880596,26386.1160216645,87.939526106421,3674.645142,76.2788993687354,0.371214093237411,0.38189209435285,3.95401574285484,3.82161142820989,0.997400558150064,5.53748682327923,14.6218759870685,23.5551333527262,0.636841120300576,66.2066157130096,3.4134724727509,12.4336005596681,4.81072394887546,0.69982541913896,0.172528210659808,14.1538432898263,0.702551553592464,4.72064187337856,10.107139546281,673.5119,17070375274.1102
1.60770890961024,51815.7642152671,2.1,308.3572367,49.6,0.138850544708158,0.161379275472065,4.84499932025383,4.22715902161281,1.42081257853407,3.42034408847737,30.3148464931409,36.3053680407394,1.16399557865817,82.798267805368,2.56965461713211,14.6274943139822,5.90560335551985,1.07337576639652,0.17492540570989,13.534624966784,0.725901152926548,3.25641610887097,8.95,35.996059,3.65e+09
1.82264149110229,27174,83.5803772405932,3121.341632,79.4,0.796033636228674,1.04582269053998,3.4772581164726,4.07672289097003,1.12977169713576,10.5156888396178,17.0494086406388,30.3931407662122,0.456815699342415,68.0395659488136,4.93081449815639,16.7370216048373,4.98611909722073,0.799524926609045,0.213809034913708,16.0815033705357,0.77665971496126,5.00846413216083,10.72,467.57504,1e+07
0,53970,20.1,97.08918675,44.4,0.55999983200005,0,4.99999850000045,3.2999990100003,1.17999964600011,9.26999721900083,13.8999958300013,32.4399902680029,0.629999811000057,43.2499870250039,0,9.79999706000088,6.17999814600056,1.24999962500011,0.149999955000014,23.1699930490021,0.699999790000063,2.0076511142155,8.35,42.894653,8.352e+10
1.80228180129018,28151,92.1,1323.690595,75.4,0.352956927138867,0.186729379956743,4.25667240585887,3.61721838095616,1.15402278738924,5.38317808287368,14.7161305320187,23.565378303694,0.673854460273811,75.566522488268,1.87922769731653,13.0953474170936,5.0267819546613,0.665458040984367,0.181964339126451,16.0638012490999,0.735770833039594,4.44201866902379,9.84,537.25604,1.15e+09
0,117683,0,256.3404367,41.3,0,0,0,0,0,0,0,0,0,0,0,0,0,0,0,0,0,1.03999969840009,7.52,98.019753,1.4083e+11
1.75435223581843,14354,100,3681.29594,86.3,1.03409496667037,1.16038587856832,3.33148441272713,4.31532080092978,1.03358890671783,13.8399917073601,24.9324475947156,40.2995271979242,0.7303925238512,73.7613542697492,6.53451033546464,16.7186343408484,5.00639639284656,0.992373762163016,0.220063382037907,17.0731975308657,0.721177452366502,6.01242517744959,10.11,1161.4761,20448937935.3768
1.88865393555619,25991,94.8,2061.950585,78.6,0.58821192384332,0.571791644031405,4.03650949472891,4.91,1.09592105397293,7.48966932727342,13.24,24.08,0.76,62.85639782344,3.65058656469221,11.8843635059149,4.82710743328842,0.81,0.164274161893813,13.8768612290642,0.764613068023429,5.82,10.09,380.29736,11194277545.8562
1.82256093924105,21200,100,2733.762624,87.4,0.05,0,4.45,4.2,1.08420660570123,1.45,5.81,14.03,0.14,70.3445765506848,0,14.1351118800319,4.9285919126937,0.66,0.14,12.58,0.62,4.5,11.51,342.3797,16402139390.8131
1.77437316596953,89247,45.7218547709161,878.66507136718,34.2,0.429134269528273,1.97307444680889,1.37449305256343,2.75605241468964,1.06548185136526,10.8793388029103,10.1323503232089,19.9858505089989,0.241983155943077,43.1305379174275,6.164792692163,11.948512724518,4.61398796610832,0.520284226749727,0.133612530944729,6.01834223969622,0.530308772718599,2.45723620078464,6.75,247.845395499483,5.67e+10
1.68992284071194,67514,100,1086.409415,52,0.831387332267843,0.56327811222154,2.83573635163071,2.81908332433618,1.3183586472432,12.5736060233793,20.2891396316609,31.6496524018257,0.2028949900039,84.3435635246426,2.90717361807232,16.6929249605469,5.54387249905323,0.480500510897386,0.189207602990453,16.3842493424676,0.593939955334958,2.32,8.61,83.637741,8.779e+10
1.82004489694427,17921,100,2556.046343,85.8,1.35095676493138,1.19211357021624,3.52651755125984,4.34580474550024,1.11635992555633,13.5169375743835,21.4005715014465,36.7534510774441,0.501450872044519,67.644169809907,7.16275675592376,18.7407864523803,5.35348102220675,0.939633586632449,0.246497298951962,15.989840165621,0.822838641277416,5.75587220745262,10.24,940.44543,14723185024.5891
0,80319,5.0723272359198,71.16543519,38.8,0,0,0,0,0,0,0,0,0,0,0,0,0,0,0,0,0,0,8.03,43.657784,1.1859e+11
1.502460957,16984,99.2,3182.544019,89.6,0.57,0.36,2.04,2.43,0.79,6.7,12.13,16.68,0.51,23.04,2.6,6.24,5.45,0.36,0.11,7.38,0.96,2.97,10.35,771.09918,19789289849.7969
1.84493615131365,28527,100,353.1291505,72.8,0.511165804344652,0.76497392379875,2.61593024187988,3.11453758656071,0.926630494521704,7.35685589836716,17.2817084727893,26.1235714515238,0.267690020811109,147.715386467878,4.92655741176305,17.3236517013107,4.90791170214044,0.566502363900157,0.182496388054969,15.7023599829345,0.621103199948014,3.39917093033669,9.66,135.6982,3.374e+10
1.57683745307176,59210,29.7,277.0008938,50.1,0.487680365156754,1.33552586701261,1.56522558821372,2.35060105829267,0.733120080811845,12.541902987788,11.1432792244653,24.176770071421,0.335209670351086,67.9106089068108,3.17156057846791,9.86224824313565,4.79200795251539,0.382179540235023,0.145624974888072,7.93928882341657,0.6200342170776,2.00152617072513,10.13,175.13531,1.0946e+11
1.68143007747217,29901,59.8521115786709,1016.908901,56.7,0.550377314178092,0.439187120649039,1.8934553835245,2.47849030465746,1.028360005502,8.95801928573919,12.9083134442876,20.317299568678,0.298570579987109,74.6864482854779,2.19697827069003,9.67896581031608,4.41048053347108,0.233130085743748,0.107652312369916,9.34117153140599,0.539273024164562,2.43005057597415,9.1,103.195,1.77e+09
1.607709408,18308,100,5298.603868,90.5,0.540681032746258,0.804017731454678,2.62139746580065,2.04,1.73,9.02512853114211,18.1387999351156,30.4924729128888,0.18,107.33,5.43741587511801,19.73,6.64,0.43,0.23,16.4102863827409,0.66,2.22,11.16,804.94183,27440232897.1965
1.79082733236145,17679,100,7582.571519,91.8,1.26706027517,1.50150675179722,2.89655283209369,3.56,1.16549493319691,10.5856898557674,12.07,33.25,0.13,79.1344001444393,7.99286743617377,20.4630110342375,5.56744938087513,0.93,0.52,12.5441861525513,0.82,4.53,11.24,2149.3345,13220151010.9209
1.74660773531112,43178,90,1389.59481821765,74.6,0.529883778496812,0.724037379972138,2.45279849600586,2.69990116169654,0.978420810450392,11.7888631274943,17.135301976833,31.3604898458563,0.36638106945571,53.5088071338291,4.6386458436385,13.6648449985353,4.28202455407865,0.420317545691104,0.173256755850348,16.3916869580024,0.614452464092546,3.09852614026258,9.15,85.753609,1.105e+10
1.64070473808701,42752,0.3,192.6961909,58.6,0.242153196824345,0.134550789243803,3.50494776643622,3.00473143412109,1.25564365724456,6.42714434627357,16.0273587990308,26.5299423447714,0.367520283063684,61.8296793478546,2.77755872186327,13.0029021860175,5.41602941608233,0.504399906959459,0.192476901313718,17.3252392766345,0.800832043582231,2.49789384562808,8.67,121.52,2.398e+10
0,63043,13,96.49687717,49.9,0.359999892000032,0,1.01999969400009,1.37999958600012,0,26.0999921700023,0,37.5099887470034,0,0,0.149999955000014,0,0,0.0299999910000027,0.0099999970000009,11.259996622001,0.159999952000014,0.999402819501921,7.76,25.233082,3.1549e+11
1.89815186289461,28993,98,610.1700037,70.8,0.919910856439416,0.431512561484978,3.85211210424884,4.35135732158804,1.07239724412515,9.87986995717359,22.8948209231672,31.9534205867037,0.813727441233716,76.1193918641036,2.86500808722881,11.2521897035273,4.36743796480129,0.826113906747299,0.149218231802458,16.9779409329092,0.655922849847522,5.16863310346404,9.77,75.361549,2.679e+10
0,71808,4,95.63100552,44.3,0.600117587964892,0,3.9605878452927,3.28189758106792,1.19962014018767,6.56889422330224,12.6962034930784,24.2865780748391,0.382784774076978,54.3236657700244,2.99074014571433,15.4780998081385,5.39911341557717,0.791303385833499,0.141595402000805,15.9226579080488,0.626944690323028,3.40644951738816,7.72,48.73756,1.644e+10
1.68207005400215,38360,72.858494335868,2204.137969,62.1,0.508764629760972,0.178885481485433,3.84620134528713,3.77940508739188,1.17974035372409,8.49444465784863,16.8909306577307,29.3583590112353,0.520746312537635,54.784640988856,1.85249881519584,11.9066521209158,4.8191463875027,0.606227543851959,0.224310087033056,19.4087675007395,0.886428757111837,4.68940283030445,9.51,822.86584,5e+07
1.70739837260548,26814,80,774.0570073,70.1,0.948939339833045,0.540738787236006,2.84809465595583,3.51246087856405,1.17336857964974,14.8260329826117,18.8570363829906,33.7711785799507,0.551162503862664,65.9374102935868,3.4597375927495,16.4654675350562,5.30850436734472,0.680705524463787,0.190935356840558,14.6076160242127,0.823338069330579,4.01631227401657,10.85,307.94397,4.34e+09
1.7593795043116,29027,86,995.9660375,76.2,0.67,0,2.15,2.78,1.01002717717427,7.33,17.48,18.9,0.362405820177269,64.3859601864598,0,11.4102484928744,4.56600340994808,0.05,0.05,11.57,0.44,2.81,11.56,168.79961,2.16e+09
0,74116,2,138.5283968,42.9,0,0,0,0,0,0,0,0,0,0,0,0,0,0,0,0,0,0.529999788000085,7.86,56.105515,2.0389e+11
1.49520988232755,35121,100,469.4283772,72.7,0.568591562362429,0.57624321904679,2.85078617721159,2.93629962274796,1.0723612710865,9.28288211540823,14.7071644862678,25.5545720517769,0.510602868013881,58.9548137805265,2.10729854908596,14.1963040503279,5.61126999390194,0.631656284606814,0.198134024042759,14.1103004341364,0.8345105408177,4.3868538334605,9.07,224.43942,5.127e+10
1.79141043046771,25546,100,2425.795649,72.2,0.837953808372594,0.432056053053147,4.09346762968096,4.12255272665423,1.14599815816366,9.17220573691207,18.0701707923183,27.997388660292,0.787765359877627,65.1579566618802,2.49286623419042,12.1341914243302,5.07055860059145,0.771595580893977,0.173297317863861,15.2450051509774,0.803519029979048,5.58288720440586,10.43,431.54056,8767916550.93175
1.76391710739577,20376,100,4144.60079,84.6,0.45914766383028,0.707491191226424,2.54,2.11,1.0116770105852,8.98995393337977,11.39,28.82,0.35148399981452,80.7383092304948,4.9707550128754,16.0376487453511,3.67,0.38,0.18,15.8584578909646,0.82,2.54,10.85,613.17255,18091561334.7216
1.76660037,22775,84,9535.945335,81.3,0.47,1.68,0.61,2.44,0.976537658409262,3.72,13.75,17.11,0.18,3.9,9.15,17.49,3.46,0.21,0.14,4.25,0.39,2.77,11.16,1056.9528,18635287658.9137
0,24820,97.2,1747.771686,72,0.70081186504045,0.0205363210784476,5.16299324363882,4.15663852481829,1.19942029629363,7.36595847415511,16.1873017692616,26.7183024571737,0.758880064783774,58.6366320752955,0.320060394635903,9.63398990226078,5.03990626379145,0.910621465511412,0.149540715828262,19.1601540174041,0.744730703719713,5.83942289091234,9.39,282.98938,2.1e+08
1.77983028888917,40253,100,382.8217102,62.3,0.501599416543519,0.0487353265531525,4.12187221354957,3.75715208408283,1.23004587874783,7.23418277925437,17.6782088198794,27.3718376763131,0.577545808100351,60.7884464204449,0.807548308210595,13.2381563928692,5.78907998828604,0.744894143558425,0.207002997216586,19.7306455929907,0.935047552476891,5.01715730790984,8.49,163.58907,2.245e+10
1.68489750713307,29410,100,579.4147164,64.7,0.59072839418753,0.154709132657379,2.50224334550359,2.59795252740004,0.928504875120716,11.6709707676897,14.2817344963664,30.015817699698,0.285404776024477,57.998335377138,2.89061788178753,12.7424545338148,4.69774679828188,0.436524342418981,0.183069033053645,15.7233293053689,0.799441558533282,2.97865745135058,8.87,265.49927,1e+08
1.78430162636197,29226,61,334.319988,66.3,0.744558048676129,1.61277745066204,1.94160486753382,3.44039860943787,1.00398663876541,8.11785688138999,11.4503249441906,21.2414758344209,0.178409791963153,74.8580092905912,6.61202943332445,15.5205749966615,5.18916919303158,0.655788723069283,0.20862255997132,7.01903882469139,0.690469886328528,3.60929202861222,8.64,145.36028,7.389e+10
1.92091100142649,55241,42,144.4998841,49.6,0.64995321588907,0.143880425724774,5.01148033781141,4.07112946532112,1.20388943045482,8.7009614180636,15.6663325810155,26.1058739264216,1.06386221383892,59.2798064082974,0.899306902516879,10.585268103623,4.76658566866589,0.770460120235182,0.143321917125741,16.4965497143363,0.754529566136053,4.69603606764612,10.68,116.98312,6.458e+10
0,76189,8.4,203.0385646,41.6,0,0,0,0,0,0,0,0,0,0,0,0,0,0,0,0,0,2.31999897920045,7.16,55.894348,1.4342e+11
0,72784,1,182.2733538,48.7,0,0,0,0,0,0,0,0,0,0,0,0,0,0,0,0,0,0,7.13,47.00177,1.1784e+11
1.84553010128295,22380,100,2469.851757,84.8,0.98,0.02,5.63,4.11,1.10293750477092,8.87,14.72,24.35,1.96,64.02,0.28,11.54,4.14,0.94,0.15,15.2,0.89,6.63,11,366.23938,16127070349.5552
