"","Entity","Indoor (10 to 14 years)","Indoor (15 to 19 years)","Indoor (20 to 24 years)","Indoor (25 to 29 years)","Indoor (30 to 34 years)","Indoor (35 to 39 years)","Indoor (40 to 44 years)","Indoor (45 to 49 years)","Indoor (5 to 9 years)","Indoor (50 to 54 years)","Indoor (55 to 59 years)","Indoor (60 to 64 years)","Indoor (65 to 69 years)","Indoor (70 to 74 years)","Indoor (75 to 79 years)","Indoor (80+ years)","Indoor (Under-5s)","Outdoor (10 to 14 years)","Outdoor (15 to 19 years)","Outdoor (20 to 24 years)","Outdoor (25 to 29 years)","Outdoor (30 to 34 years)","Outdoor (35 to 39 years)","Outdoor (40 to 44 years)","Outdoor (45 to 49 years)","Outdoor (5 to 9 years)","Outdoor (50 to 54 years)","Outdoor (55 to 59 years)","Outdoor (60 to 64 years)","Outdoor (65 to 69 years)","Outdoor (70 to 74 years)","Outdoor (75 to 79 years)","Outdoor (80+ years)","Outdoor (Under-5s)","Excess mortality from air pollution (all sources)","Excess mortality from fossil fuels","Excess mortality from all anthropogenic pollution","Total Years Life Lost from air pollution (all sources)","Total Years Life Lost from fossil fuels","Total Years Life Lost from all anthropogenic pollution","Death rates from all air pollution (per 100,000)","Death rates from air pollution from fossil fuels (per 100,000)","Death rates from all anthropogenic air pollution (per 100,000)","YLL rates from all air pollution (per 100,000)","YLL rates from air pollution from fossil fuels (per 100,000)","YLL rates from anthropogenic air pollution (per 100,000)","Deaths from fossil pollution as a share of total air pollution deaths","Deaths from fossil pollution as a share of total anthropogenic air pollution deaths","Deaths from anthropogenic pollution as a share of total air pollution deaths"
"1","Afghanistan",172,98,91,525,792,1201,1720,2285,298,2811,3091,3331,3570,3103,2297,2024,6948,123,71,65,420,635,979,1407,1879,214,2304,2528,2720,2905,2530,1854,1635,5156,25376,2494,4384,1224383,107238,195192,78.01518738,7.66747625,13.47803363,3764.205122,329.6891813,600.0922311,9.828184111,56.88868613,17.27616646
"2","Africa",NA,NA,NA,NA,NA,NA,NA,NA,NA,NA,NA,NA,NA,NA,NA,NA,NA,NA,NA,NA,NA,NA,NA,NA,NA,NA,NA,NA,NA,NA,NA,NA,NA,NA,956711,67132,230333,39986277,2209333,9149427,80.7691847,5.667539003,19.44558871,3375.793727,186.5203025,772.429458,7.016957054,29.14562829,24.07550451
"3","Albania",0,1,1,7,7,7,12,21,1,38,59,86,106,138,170,336,13,0,0,0,10,10,10,16,28,1,51,78,116,145,197,243,507,10,2860,1308,1530,59005,26908,31502,98.72281671,45.15015533,52.81325509,2036.762168,928.8229203,1087.400759,45.73426573,85.49019608,53.4965035
"4","Algeria",0,0,0,1,2,2,3,5,0,6,8,11,11,12,14,34,2,13,11,16,105,160,219,321,500,23,709,895,1284,1297,1423,1697,4121,180,32100,2008,2809,884673,52344,73671,80.92368972,5.062142335,7.081453097,2230.249326,131.958555,185.7236494,6.255451713,71.48451406,8.750778816
"5","American Samoa",0,0,0,0,0,0,0,1,0,1,1,1,1,1,0,1,0,0,0,0,0,0,0,0,0,0,0,0,0,0,0,0,0,0,NA,NA,NA,NA,NA,NA,NA,NA,NA,NA,NA,NA,NA,NA,NA
"6","Andorra",0,0,0,0,0,0,0,0,0,0,0,0,0,0,0,0,0,0,0,0,0,0,0,0,0,0,1,1,2,2,3,3,15,0,NA,NA,NA,NA,NA,NA,NA,NA,NA,NA,NA,NA,NA,NA,NA
"7","Angola",60,47,56,92,122,160,218,304,87,393,507,671,700,729,645,712,2399,47,37,44,82,111,148,206,294,68,381,492,657,697,737,646,718,1962,18239,622,10433,1088251,36028,624177,72.89185517,2.485812485,41.69530813,4349.176724,143.9852929,2494.512829,3.410274686,5.961851816,57.20160096
"8","Antigua and Barbuda",0,0,0,0,0,0,0,0,0,0,0,0,0,0,0,0,0,0,0,0,0,0,0,0,1,0,1,2,2,2,2,3,6,0,60,4,5,1335,91,110,65.2173913,4.347826087,5.434782609,1451.086957,98.91304348,119.5652174,6.666666667,80,8.333333333
"9","Argentina",1,1,2,5,7,11,16,25,1,42,64,90,114,131,146,540,7,5,11,13,59,87,137,218,347,5,583,873,1246,1571,1820,1987,6776,68,16568,3815,11651,347196,78922,243556,38.16016943,8.78688112,26.83511191,799.6775825,181.7767318,560.9692315,23.02631579,32.74397047,70.32230806
"10","Armenia",0,0,0,2,4,6,9,15,0,33,52,65,59,47,108,238,11,1,1,1,6,11,17,28,47,1,107,168,212,192,157,361,813,26,4168,1240,1270,89011,26287,26872,138.1047051,41.08681246,42.08084824,2949.337309,871.0072896,890.3909874,29.75047985,97.63779528,30.47024952
"11","Australasia",0,0,0,0,0,0,1,1,0,2,3,5,6,8,9,41,0,0,0,0,4,8,17,37,59,0,100,131,198,278,339,400,2081,2,NA,NA,NA,NA,NA,NA,NA,NA,NA,NA,NA,NA,NA,NA,NA
"12","Australia",0,0,0,0,0,0,1,1,0,2,2,3,5,6,7,33,0,0,0,0,3,7,15,31,49,0,83,108,167,231,280,333,1790,1,11697,1451,2938,204526,24881,50874,48.80053199,6.053652382,12.25749876,853.2938023,103.8049104,212.2491463,12.40489014,49.38733833,25.11755151
"13","Austria",0,0,0,0,0,0,0,1,0,3,4,5,7,11,11,44,0,0,0,0,2,4,7,17,46,0,87,130,184,263,407,434,1872,1,11293,7835,10117,190288,131882,170403,132.1591419,91.69103667,118.3967094,2226.892659,1543.381914,1994.1835,69.37926149,77.4439063,89.58646949
"14","Azerbaijan",4,2,3,17,27,32,48,75,8,154,182,238,130,139,251,390,150,10,7,8,58,92,109,171,272,21,566,670,897,498,543,978,1562,424,12462,1381,1682,331765,35515,43250,127.762969,14.15829403,17.2442075,3401.322534,364.107033,443.4078327,11.08168833,82.10463734,13.49703097
"15","Bahamas",0,0,0,0,0,0,0,0,0,1,1,1,1,1,1,3,0,0,0,0,1,1,2,3,5,0,7,9,9,11,11,12,24,1,207,44,61,5643,1213,1682,53.35051546,11.34020619,15.72164948,1454.381443,312.628866,433.5051546,21.25603865,72.13114754,29.46859903
"16","Bahrain",0,0,0,0,0,0,0,0,0,1,1,1,1,1,1,1,0,0,0,1,4,7,9,14,22,1,28,38,29,31,36,32,52,4,893,125,143,26300,3482,4020,64.85112564,9.077705156,10.3848947,1909.949165,252.8685548,291.9389978,13.99776036,87.41258741,16.01343785
"17","Bangladesh",130,104,106,1151,2358,2832,3978,5702,264,7195,7861,8135,10395,13106,12622,23742,7190,126,103,104,1208,2424,2947,4157,6010,255,7616,8425,8749,11301,14389,13959,26503,7213,175170,72971,129786,5090921,2021995,3705716,108.8039407,45.32472659,80.6144217,3162.141158,1255.928664,2301.744043,41.65724725,56.22409197,74.09145402
"18","Barbados",0,0,0,0,0,0,0,0,0,0,0,0,0,0,0,0,0,0,0,0,0,1,1,1,3,0,4,6,8,10,11,13,44,1,357,15,27,7007,305,541,125.7042254,5.281690141,9.507042254,2467.253521,107.3943662,190.4929577,4.201680672,55.55555556,7.56302521
"19","Belarus",0,0,0,1,1,3,4,7,0,13,21,26,27,22,44,76,0,0,0,1,19,48,82,145,234,0,460,763,1005,1073,881,1761,3180,4,13963,10938,13956,307217,240546,307075,147.0408593,115.1853412,146.9671441,3235.225358,2533.129739,3233.729992,78.33560123,78.37489252,99.94986751
"20","Belgium",0,0,0,0,0,0,0,1,0,1,2,3,5,5,7,31,0,0,0,0,3,6,12,27,61,0,124,219,316,441,471,664,2883,2,14251,7305,11554,240286,122953,194663,126.1262059,64.65173909,102.2568369,2126.612975,1088.175945,1722.833879,51.25956073,63.22485719,81.07501228
"21","Belize",0,0,0,0,1,1,1,2,0,2,3,3,3,3,3,7,2,0,0,0,1,1,1,2,4,0,6,7,8,9,8,9,17,3,129,25,52,3922,702,1555,35.93314763,6.963788301,14.48467967,1092.479109,195.5431755,433.1476323,19.37984496,48.07692308,40.31007752
"22","Benin",37,42,57,102,122,157,208,298,75,409,468,572,671,793,655,655,1735,29,33,46,85,102,131,174,250,59,337,384,469,548,646,527,526,1390,10110,300,2589,459373,11652,105282,92.92280266,2.757353195,23.79595807,4222.178697,107.0955981,967.6655301,2.96735905,11.58748552,25.60830861
"23","Bermuda",0,0,0,0,0,0,0,0,0,0,0,0,0,0,0,1,0,0,0,0,0,0,0,0,0,0,1,1,1,1,2,2,5,0,NA,NA,NA,NA,NA,NA,NA,NA,NA,NA,NA,NA,NA,NA,NA
"24","Bhutan",0,0,0,2,3,4,5,7,1,9,12,14,17,20,21,48,14,1,0,1,4,7,9,11,16,1,19,26,31,38,46,47,106,25,581,311,487,19472,10435,16317,74.96774194,40.12903226,62.83870968,2512.516129,1346.451613,2105.419355,53.52839931,63.86036961,83.82099828
"25","Bolivia",9,6,6,19,24,31,40,56,13,73,91,127,150,200,234,800,272,11,8,8,31,42,55,72,103,16,134,169,237,282,373,431,1410,368,3832,125,3051,117280,3779,93388,35.72960373,1.165501166,28.44755245,1093.519814,35.23543124,870.7505828,3.262004175,4.097017371,79.61899791
"26","Bosnia and Herzegovina",0,0,0,4,7,12,22,43,0,88,129,204,285,250,358,659,1,0,0,0,6,11,18,35,69,0,141,205,328,467,416,596,1136,2,5349,3023,3522,105188,59369,69162,140.3937008,79.34383202,92.44094488,2760.839895,1558.24147,1815.275591,56.51523649,85.83191369,65.84408301
"27","Botswana",1,2,4,7,11,16,20,26,2,31,39,55,51,53,50,69,11,1,3,4,9,14,20,27,35,2,44,54,78,73,78,73,99,13,656,204,597,20944,6687,19121,29.00088417,9.018567639,26.39257294,925.9062776,295.6233422,845.3138815,31.09756098,34.17085427,91.00609756
"28","Brazil",10,16,17,58,98,144,208,315,11,473,601,738,854,905,968,2417,174,29,51,58,291,516,825,1296,2060,29,3220,4236,5224,5925,6123,6558,15849,453,102317,15682,65282,2662316,407885,1693114,49.22683198,7.544935632,31.40852493,1280.895476,196.2419379,814.5922808,15.32687628,24.0219356,63.80366899
"29","Brunei",0,0,0,0,0,0,0,0,0,0,0,0,0,0,0,0,0,0,0,0,0,1,1,2,3,0,3,4,4,4,4,4,8,0,92,19,56,2630,517,1579,21.74940898,4.491725768,13.23877069,621.749409,122.2222222,373.286052,20.65217391,33.92857143,60.86956522
"30","Bulgaria",0,0,0,3,6,12,22,36,0,62,98,169,178,183,292,647,4,1,1,2,12,28,57,108,180,1,317,505,885,953,997,1588,3689,16,15077,8247,10343,300170,164022,205739,210.8671329,115.3426573,144.6573427,4198.181818,2294.013986,2877.468531,54.69921072,79.73508653,68.60118061
"31","Burkina Faso",77,82,104,159,196,244,306,415,191,539,626,744,902,1064,877,822,5304,62,65,84,131,162,203,253,344,153,440,509,602,725,858,701,656,4320,15110,567,1016,686785,22183,39861,83.45300361,3.131558772,5.611399846,3793.135082,122.5174043,220.1535524,3.7524818,55.80708661,6.724023825
"32","Burundi",66,52,68,121,147,162,206,290,119,399,554,703,666,695,672,853,2711,35,28,37,71,86,95,121,171,64,233,321,405,383,398,379,483,1479,5565,292,2758,281079,14129,140399,49.78083462,2.612040199,24.6712564,2514.348107,126.3887533,1255.917233,5.247079964,10.58738216,49.55974843
"33","Cambodia",38,44,74,126,251,187,279,484,52,727,810,1040,1163,1207,1127,1482,1704,18,21,36,71,146,110,166,288,24,430,465,593,662,682,631,831,826,10312,2169,6001,334594,68107,193149,66.19591307,13.92348094,38.52227253,2147.862232,437.1998692,1239.883089,21.03374709,36.143976,58.1943367
"34","Cameroon",84,83,111,209,249,295,362,481,164,640,750,952,1229,1489,1396,1919,4247,89,89,121,234,278,331,408,545,173,715,838,1068,1375,1664,1550,2118,4627,20485,650,3628,928371,25624,149710,87.75274912,2.784441637,15.54146809,3976.91518,109.7669731,641.3211653,3.173053454,17.91620728,17.71051989
"35","Canada",0,0,0,0,0,0,0,1,0,1,2,3,4,5,5,21,0,0,0,1,7,13,25,55,113,0,239,372,500,697,810,963,3844,3,20089,17574,19427,366535,320940,354426,55.89592523,48.89815272,54.05396682,1019.852305,892.9881151,986.1600476,87.48071084,90.46172852,96.70466424
"36","Cape Verde",0,0,1,1,2,2,2,4,0,6,7,9,7,10,18,43,5,0,1,1,3,3,4,5,8,1,13,15,18,15,21,37,88,9,505,22,45,12283,462,976,96.92898273,4.222648752,8.637236084,2357.581574,88.6756238,187.3320537,4.356435644,48.88888889,8.910891089
"37","Caribbean",24,25,33,142,205,271,349,519,36,736,879,1076,1145,1312,1331,2201,1190,16,15,20,108,165,232,355,606,23,952,1176,1547,1782,2013,2190,5293,596,NA,NA,NA,NA,NA,NA,NA,NA,NA,NA,NA,NA,NA,NA,NA
"38","Central African Republic",30,27,32,63,88,114,160,226,37,291,387,517,595,665,590,600,1791,19,18,21,44,62,81,114,161,24,206,272,360,415,464,405,413,1190,6532,198,1930,286714,7228,73412,133.3061224,4.040816327,39.3877551,5851.306122,147.5102041,1498.204082,3.031230863,10.25906736,29.5468463
"39","Central Asia",56,42,47,196,282,384,558,837,100,1390,1728,2033,1661,1673,2525,4521,1702,119,99,109,536,776,1035,1539,2322,209,3909,4951,5881,4778,4686,7180,12696,3983,NA,NA,NA,NA,NA,NA,NA,NA,NA,NA,NA,NA,NA,NA,NA
"40","Central Europe",4,6,7,40,68,135,255,485,4,795,1330,2120,2520,2510,3339,7745,66,10,15,19,111,219,464,924,1747,10,2980,5367,8619,10164,10092,13391,36616,141,NA,NA,NA,NA,NA,NA,NA,NA,NA,NA,NA,NA,NA,NA,NA
"41","Central Sub-Saharan Africa",449,363,425,720,947,1185,1617,2395,682,3092,4161,5508,6639,7337,6501,7360,20079,288,234,276,502,669,852,1167,1729,431,2213,2945,3890,4659,5161,4537,5220,13070,NA,NA,NA,NA,NA,NA,NA,NA,NA,NA,NA,NA,NA,NA,NA
"42","Chad",89,65,81,125,142,174,211,284,200,403,503,679,763,886,799,999,5921,65,47,60,96,109,135,163,219,145,305,379,510,572,665,593,740,4379,19073,584,1950,1112372,27365,93557,135.8766118,4.160433141,13.89185723,7924.570777,194.9490632,666.502814,3.061919992,29.94871795,10.22387668
"43","Chile",0,0,0,1,2,4,7,13,0,20,28,38,49,59,67,259,2,1,1,1,13,22,36,66,124,1,198,269,365,471,574,631,2213,14,8562,1282,2826,176406,25743,57558,47.70448227,7.142857541,15.74548784,982.8727982,143.4310309,320.6931313,14.97313712,45.36447275,33.00630694
"44","China",149,110,138,2712,3555,4855,10668,21030,266,29660,35902,64584,78323,81571,89257,179056,3261,193,159,216,4934,6286,8146,18402,37199,351,53945,65760,118367,142355,151056,171006,361663,4710,2799443,1554096,2203704,61869738,34008747,48525631,202.2828099,112.2962338,159.2357613,4470.598062,2457.41203,3506.376444,55.51447199,70.52199388,78.71937382
"45","Colombia",7,6,7,23,31,41,58,103,7,170,227,317,408,478,511,1418,79,10,10,11,52,72,97,145,265,11,439,592,833,1085,1285,1369,3703,135,7503,3726,4539,192493,94166,114756,15.55703065,7.725642569,9.411350408,399.1229509,195.2476807,237.9398386,49.66013595,82.08856576,60.49580168
"46","Comoros",3,3,3,5,6,8,11,15,5,19,24,30,29,33,33,40,68,1,1,1,3,3,4,6,8,2,10,13,15,15,16,16,20,27,266,13,83,12814,639,4119,33.75634518,1.649746193,10.53299492,1626.142132,81.09137056,522.715736,4.887218045,15.6626506,31.20300752
"47","Congo",11,9,11,21,31,43,62,85,15,107,140,185,228,264,253,326,331,9,7,9,19,28,40,58,80,12,101,132,175,217,253,240,311,292,2042,46,967,76372,1655,36027,44.1991342,0.995670996,20.93073593,1653.073593,35.82251082,779.8051948,2.252693438,4.756980352,47.35553379
"48","Costa Rica",0,0,0,1,1,2,2,4,0,7,9,10,12,15,17,54,1,0,0,0,4,6,9,14,26,0,43,60,66,82,96,111,327,5,1502,371,548,34811,8339,12462,31.23960067,7.716306156,11.39767055,724.0224626,173.4400998,259.1930116,24.70039947,67.70072993,36.48468708
"49","Cote d'Ivoire",90,103,137,252,307,400,535,746,164,1014,1177,1397,1616,1714,1361,1262,3540,65,76,102,201,248,326,437,617,118,825,953,1135,1307,1387,1086,1004,2628,25297,84,6001,1146355,2965,252298,111.4307011,0.37001142,26.43379205,5049.576685,13.06052215,1111.34692,0.332055184,1.399766706,23.7221805
"50","Croatia",0,0,0,0,1,2,5,10,0,20,33,49,67,72,115,303,0,0,0,0,2,5,10,24,47,0,95,159,239,334,369,597,1649,1,7436,4512,5402,135918,82341,98612,175.3773585,106.4150943,127.4056604,3205.613208,1942.004717,2325.754717,60.67778375,83.52462051,72.64658419
"51","Cuba",0,0,0,1,1,1,4,9,0,18,21,33,40,45,52,145,1,0,1,1,7,12,20,57,133,0,255,307,477,590,679,790,2109,9,8639,1728,2629,180346,35648,54346,75.84723442,15.17120281,23.08165057,1583.371378,312.976295,477.1378402,20.00231508,65.72841385,30.43176294
"52","Cyprus",0,0,0,0,0,0,0,0,0,0,0,0,0,1,1,3,0,0,0,0,1,1,2,3,6,0,10,14,23,29,39,51,182,0,1165,356,470,21349,6493,8577,100,30.55793991,40.34334764,1832.532189,557.3390558,736.223176,30.55793991,75.74468085,40.34334764
"53","Czech Republic",0,0,0,0,0,1,2,3,0,6,11,22,34,35,32,114,0,0,1,1,4,8,21,46,79,0,149,271,531,830,881,835,3054,3,16941,11534,16509,318065,216295,309937,160.6848146,109.3996016,156.5873091,3016.835815,2051.550792,2939.742009,68.08334809,69.86492216,97.44997344
"54","Democratic Republic of Congo",346,278,324,540,701,861,1168,1762,540,2274,3093,4095,5075,5633,4963,5631,15506,208,168,197,349,457,569,769,1160,322,1478,1988,2619,3239,3594,3123,3558,9529,46546,1274,18745,2329251,57326,912142,60.24046254,1.648828026,24.26003245,3014.548138,74.1920843,1180.506509,2.7370773,6.796479061,40.271989
"55","Denmark",0,0,0,0,0,0,0,0,0,0,1,1,2,3,4,11,0,0,0,0,1,1,3,8,19,0,40,63,102,182,248,301,970,0,6194,2499,4218,111607,44887,75858,109.2608926,44.08184865,74.40465691,1968.724643,791.7974951,1338.119598,40.34549564,59.24608819,68.09815951
"56","Djibouti",1,1,1,2,3,4,5,7,2,9,11,13,16,18,18,22,51,2,2,3,6,6,9,12,18,3,23,27,31,40,45,43,55,111,870,50,94,31769,1656,3106,97.97297297,5.630630631,10.58558559,3577.59009,186.4864865,349.7747748,5.747126437,53.19148936,10.8045977
"57","Dominica",0,0,0,0,0,0,0,0,0,0,0,0,0,1,1,2,0,0,0,0,0,0,0,0,1,0,1,1,2,2,3,3,8,0,NA,NA,NA,NA,NA,NA,NA,NA,NA,NA,NA,NA,NA,NA,NA
"58","Dominican Republic",2,1,1,5,8,11,17,26,3,38,48,61,69,75,87,261,32,5,3,3,18,28,41,65,104,7,153,195,250,284,312,362,1069,90,4765,620,784,127609,16397,20750,45.26025836,5.889057751,7.446808511,1212.091565,155.7465805,197.093465,13.0115425,79.08163265,16.45330535
"59","East Asia",163,127,157,2904,3863,5262,11670,22875,289,31852,39376,67631,82929,88199,96164,187635,4222,201,171,229,5087,6548,8526,19213,38646,365,55751,68518,121092,146095,156470,176917,372257,5259,3112131,1698062,2403201,67395901,36604795,52124175,195.8663601,106.8699303,151.2488492,4241.65622,2303.774474,3280.508574,54.56267747,70.65834277,77.22043192
"60","Eastern Europe",1,1,3,28,58,87,132,189,1,376,578,864,820,879,1533,2398,14,13,18,47,620,1348,2021,3228,4676,18,9450,15056,21407,21927,18716,38493,61034,259,NA,NA,NA,NA,NA,NA,NA,NA,NA,NA,NA,NA,NA,NA,NA
"61","Eastern Sub-Saharan Africa",1902,1474,1823,3042,3621,4457,6089,8082,2713,10077,13151,17323,20960,23766,22558,29304,61204,922,722,907,1676,2005,2492,3407,4564,1291,5584,7216,9423,11474,12990,12079,15690,29486,NA,NA,NA,NA,NA,NA,NA,NA,NA,NA,NA,NA,NA,NA,NA
"62","Ecuador",2,2,2,6,7,8,11,15,3,19,23,29,31,38,46,159,33,6,5,7,31,36,44,58,83,9,111,132,171,180,220,255,807,114,3022,2079,2984,77911,53884,76921,18.71902758,12.87784856,18.48364603,482.600317,333.7710398,476.4680081,68.79549967,69.67158177,98.7425546
"63","Egypt",1,1,1,3,4,5,8,14,2,24,34,36,39,33,23,36,17,246,172,151,523,730,1072,1667,3214,440,5653,8170,9001,10003,8535,6138,9709,3471,119634,18539,20527,3365055,502761,557423,130.7361091,20.25943065,22.43191828,3677.334182,549.4175313,609.1521986,15.49643078,90.31519462,17.15816574
"64","El Salvador",2,2,3,10,12,13,16,22,2,29,37,48,53,66,83,283,16,4,5,6,26,32,36,45,63,4,84,106,139,157,197,247,829,38,3080,747,1658,80513,19399,43248,50.26929982,12.19193733,27.06055166,1314.068875,316.6149829,705.8593112,24.25324675,45.05428227,53.83116883
"65","England",0,0,0,0,1,1,3,6,0,10,14,24,39,45,60,278,0,1,1,2,16,33,63,152,298,1,480,675,1082,1795,2058,2788,11894,13,NA,NA,NA,NA,NA,NA,NA,NA,NA,NA,NA,NA,NA,NA,NA
"66","Equatorial Guinea",1,1,1,3,3,3,5,11,2,17,23,25,20,22,23,42,29,1,1,1,3,3,3,6,12,2,18,24,27,22,23,24,44,30,699,5,251,30483,196,10695,82.72189349,0.591715976,29.70414201,3607.455621,23.19526627,1265.680473,0.715307582,1.992031873,35.90844063
"67","Eritrea",17,12,16,32,41,50,62,75,25,92,118,151,190,195,163,161,455,16,11,15,32,42,51,63,78,22,94,121,154,195,199,163,161,430,4962,329,522,198933,11472,18312,94.91201224,6.29303749,9.984697781,3805.145371,219.4338179,350.2677888,6.630390971,63.02681992,10.51995163
"68","Estonia",0,0,0,0,0,1,2,3,0,7,11,18,20,26,36,102,0,0,0,0,0,1,1,3,5,0,10,17,27,32,43,61,195,0,1420,755,1383,27828,14789,27104,108.1492765,57.50190404,105.3313024,2119.421173,1126.351866,2064.280274,53.16901408,54.59146782,97.3943662
"69","Ethiopia",469,394,504,815,1010,1254,1779,2455,530,3036,4045,5268,6582,7558,7072,9001,10380,269,226,292,508,628,786,1117,1551,302,1888,2496,3236,4042,4641,4285,5467,6059,68169,3496,14652,2836579,129379,565601,68.58669779,3.517421342,14.74177846,2853.959815,130.1717551,569.0666558,5.128430812,23.86022386,21.4936408
"70","Europe",NA,NA,NA,NA,NA,NA,NA,NA,NA,NA,NA,NA,NA,NA,NA,NA,NA,NA,NA,NA,NA,NA,NA,NA,NA,NA,NA,NA,NA,NA,NA,NA,NA,NA,790009,433560,607759,14291111,7961642,11127445,132.891659,72.93145732,102.2344072,2403.984574,1339.270582,1871.807316,54.88038744,71.33748739,76.93064256
"71","Fiji",1,1,1,3,5,7,10,14,1,20,24,25,22,21,17,18,7,0,0,0,3,5,7,10,14,0,21,25,25,22,21,17,17,4,321,19,20,10499,604,636,35.98654709,2.130044843,2.242152466,1177.017937,67.71300448,71.30044843,5.919003115,95,6.230529595
"72","Finland",0,0,0,0,0,0,0,0,0,1,1,2,3,3,4,13,0,0,0,0,1,1,2,4,10,0,21,41,72,121,115,150,594,0,4008,2369,3878,69137,40830,66890,72.83300018,43.04924587,70.47065237,1256.351081,741.9589315,1215.518808,59.10678643,61.08818979,96.75648703
"73","France",0,0,0,0,0,1,2,5,0,8,12,16,21,18,25,158,0,1,1,1,14,29,59,145,279,1,491,717,976,1319,1177,1702,10471,5,67300,30802,48780,1140573,520297,825327,104.5112085,47.83290108,75.75121469,1771.213411,807.9772396,1281.663033,45.76820208,63.14473145,72.48142645
"74","Gabon",1,1,1,2,3,3,5,7,1,9,11,15,20,25,28,51,22,3,2,3,6,8,11,15,22,4,29,38,52,70,90,99,175,67,1158,12,560,34821,338,16722,67.13043478,0.695652174,32.46376812,2018.608696,19.5942029,969.3913043,1.03626943,2.142857143,48.35924007
"75","Gambia",8,7,9,14,17,21,26,38,15,55,66,84,88,113,97,110,246,6,5,6,11,13,16,20,29,11,41,50,63,66,85,72,81,182,1939,52,225,82045,1919,8260,97.38824711,2.611752888,11.30085384,4120.793571,96.38372677,414.8669011,2.68179474,23.11111111,11.60391955
"76","Georgia",1,1,2,12,20,32,46,79,2,139,204,264,271,316,533,1153,15,1,1,1,13,23,35,54,91,1,159,231,302,313,370,624,1392,12,6460,2112,2275,126415,41183,44327,161.5,52.8,56.875,3160.375,1029.575,1108.175,32.69349845,92.83516484,35.21671827
"77","Germany",0,0,0,1,1,2,5,15,0,32,45,68,66,124,182,516,0,1,1,2,20,39,71,163,502,1,1041,1467,2268,2254,4493,6773,19770,5,123943,76052,115446,2115179,1296173,1969675,153.605818,94.25324277,143.0752625,2621.396936,1606.381271,2441.070004,61.36046408,65.87668694,93.14442929
"78","Ghana",60,87,128,214,276,371,525,777,89,1004,1151,1309,1593,1666,1550,2208,1452,46,69,102,178,229,310,440,660,69,844,962,1097,1338,1400,1282,1821,1144,24686,177,7298,927867,5779,257669,90.06203102,0.645749797,26.62532214,3385.14083,21.08354846,940.0548274,0.71700559,2.425322006,29.56331524
"79","Greece",0,0,0,0,0,1,1,2,0,3,4,5,7,8,15,61,0,0,0,0,8,19,32,61,108,0,154,216,260,396,480,853,3815,1,16431,6297,7637,265792,101374,122958,149.9863076,57.48060246,69.71246006,2426.21634,925.3674121,1122.391602,38.32389995,82.45384313,46.47921612
"80","Greenland",0,0,0,0,0,0,0,0,0,0,0,0,0,0,0,0,0,0,0,0,0,0,0,0,0,0,0,0,0,0,1,1,0,0,NA,NA,NA,NA,NA,NA,NA,NA,NA,NA,NA,NA,NA,NA,NA
"81","Grenada",0,0,0,0,0,0,0,0,0,0,0,0,0,0,0,1,0,0,0,0,0,1,1,1,1,0,2,3,3,3,4,5,13,1,98,3,8,2229,90,190,91.58878505,2.803738318,7.476635514,2083.17757,84.11214953,177.5700935,3.06122449,37.5,8.163265306
"82","Guam",0,0,0,0,0,0,0,1,0,1,1,2,2,2,2,3,0,0,0,0,0,1,1,2,3,0,5,6,7,8,7,7,13,0,NA,NA,NA,NA,NA,NA,NA,NA,NA,NA,NA,NA,NA,NA,NA
"83","Guatemala",32,38,42,85,102,107,121,146,45,184,213,257,312,357,399,1264,755,25,29,33,79,96,103,118,144,35,180,207,251,305,350,390,1220,613,5425,1436,3322,177172,46957,108847,33.19464194,8.786637018,20.32674664,1084.084996,287.3218067,666.0160721,26.47004608,43.2269717,61.23502304
"84","Guinea",61,59,78,149,183,210,269,378,128,565,739,993,1084,1171,1018,1002,3481,33,33,43,89,110,128,162,229,70,336,437,588,638,688,590,582,1930,12186,249,1358,574581,9955,54453,96.64524573,1.974779762,10.77008401,4556.911368,78.95153629,431.8581623,2.04332841,18.33578792,11.14393566
"85","Guinea-Bissau",9,11,15,29,39,48,66,90,15,122,148,198,211,217,167,156,249,6,7,9,20,26,33,44,61,9,81,98,130,138,141,107,100,156,2139,36,373,91585,1224,13256,115.9978308,1.952277657,20.22776573,4966.64859,66.37744035,718.8720174,1.683029453,9.651474531,17.43805517
"86","Guyana",0,0,0,1,1,1,2,5,0,7,10,9,9,8,8,8,1,0,1,1,2,3,5,8,19,0,31,43,41,39,33,33,33,4,441,17,79,14101,549,2524,57.49674055,2.21642764,10.29986962,1838.461538,71.57757497,329.0743155,3.854875283,21.51898734,17.9138322
"87","Haiti",22,23,31,133,192,253,318,465,32,652,773,940,992,1144,1137,1647,1146,9,9,12,67,100,134,170,251,13,349,408,493,516,592,574,825,468,6330,915,1266,245543,35266,49026,59.09812342,8.542619737,11.81962468,2292.437681,329.2503034,457.7163664,14.4549763,72.27488152,20
"88","High-income",1,2,3,11,19,33,60,114,1,204,300,425,554,699,879,3440,12,21,33,50,445,854,1538,3058,5834,22,10584,15791,22299,30306,38179,48069,189381,213,NA,NA,NA,NA,NA,NA,NA,NA,NA,NA,NA,NA,NA,NA,NA
"89","High-income Asia Pacific",0,0,0,0,0,0,0,1,0,1,1,2,3,4,6,32,0,4,5,7,60,129,261,560,897,5,1325,1840,2911,4715,6593,8934,38739,29,NA,NA,NA,NA,NA,NA,NA,NA,NA,NA,NA,NA,NA,NA,NA
"90","Honduras",3,3,3,37,42,50,68,96,3,131,171,222,243,261,284,722,95,2,2,3,40,44,52,72,103,3,140,182,235,258,278,301,767,76,2112,427,1034,58723,11595,28585,26.15479876,5.287925697,12.80495356,727.2198142,143.5913313,353.993808,20.21780303,41.2959381,48.95833333
"91","Hungary",0,0,0,2,3,10,23,48,0,76,145,224,222,260,270,716,2,0,1,1,6,13,43,97,204,0,327,627,984,1003,1216,1278,3538,5,18567,12660,16142,375428,255691,326254,188.4018265,128.4627093,163.7950279,3809.518011,2594.530695,3310.542872,68.18549039,78.42894313,86.93919319
"92","Iceland",0,0,0,0,0,0,0,0,0,0,0,0,0,0,0,1,0,0,0,0,0,0,0,0,1,0,1,2,3,5,5,7,34,0,142,26,27,2327,427,450,43.16109422,7.902735562,8.20668693,707.2948328,129.787234,136.7781155,18.30985915,96.2962963,19.01408451
"93","India",1171,1166,1096,6026,9504,14393,20329,30487,2090,45666,63717,91873,102093,105251,93327,143662,51057,1310,1326,1277,9066,14351,21506,30744,46143,2356,68905,95675,131877,145310,149675,135593,209961,59599,1853455,691711,1139621,55027097,19560101,32882311,141.3716697,52.7600287,86.92421643,4197.1737,1491.940261,2508.087441,37.320086,60.69658246,61.48630531
"94","Indonesia",105,69,77,638,1061,1722,2539,3770,125,5062,6269,6828,6935,7164,6913,9111,2447,82,53,63,871,1457,2323,3534,5259,92,7016,8648,9344,9483,9697,9056,11864,1809,174383,34924,88353,5274288,1036588,2660033,67.7047358,13.55935036,34.30332385,2047.758529,402.4584775,1032.765989,20.02718155,39.52780324,50.66606263
"95","Iran",0,0,0,3,6,7,9,13,0,18,23,28,27,26,31,66,5,23,23,32,311,530,669,899,1385,32,1987,2476,3176,3047,3018,3642,7983,430,67385,9065,11312,1568600,202792,253542,85.17994375,11.45887349,14.29925835,1982.833862,256.3450494,320.4970438,13.45254879,80.13613861,16.78711879
"96","Iraq",2,2,2,11,16,25,33,46,3,50,52,73,66,68,63,78,69,32,38,42,245,384,620,855,1239,54,1372,1469,2119,1961,2100,1970,2498,1472,28963,2956,3172,920824,84566,90725,79.51844052,8.115751482,8.70878339,2528.138952,232.177483,249.087129,10.20612506,93.19041614,10.95190415
"97","Ireland",0,0,0,0,0,0,0,0,0,1,1,2,3,3,4,15,0,0,0,0,1,2,5,10,19,0,30,43,65,97,122,159,562,0,3049,970,1176,54939,17333,21042,65.0383959,20.69112628,25.08532423,1171.906997,369.7312287,448.8481229,31.81370941,82.4829932,38.57002296
"98","Israel",0,0,0,0,0,0,0,1,0,1,1,2,3,4,4,18,0,0,1,1,3,5,10,17,28,0,46,70,122,187,202,238,1029,3,7636,1925,2222,135142,33697,38911,94.69246032,23.87152778,27.55456349,1675.868056,417.8695437,482.5272817,25.20953379,86.63366337,29.09900471
"99","Italy",0,0,0,0,1,2,3,7,0,10,15,22,32,47,66,298,0,1,1,1,16,30,69,152,315,1,477,675,1041,1553,2418,3544,17032,5,81473,40630,49771,1242579,617655,756837,136.2470453,67.94542305,83.23188902,2077.96101,1032.902542,1265.656169,49.86928185,81.63388318,61.08894971
"100","Jamaica",0,0,0,1,2,2,4,7,0,11,15,19,22,26,29,101,5,0,1,1,3,5,7,12,23,1,36,48,64,75,88,98,343,9,1580,274,410,33761,5771,8662,56.56999642,9.810239885,14.67955603,1208.77193,206.6237021,310.132474,17.34177215,66.82926829,25.94936709
"101","Japan",0,0,0,0,0,0,0,0,0,1,1,2,3,4,5,30,0,3,3,4,35,75,151,338,500,4,690,959,1801,3178,4259,5848,30095,17,202811,83696,117465,3066480,1258663,1769775,160.2324287,66.12468433,92.80414888,2422.696688,994.4166215,1398.224685,41.26797856,71.25186226,57.9184561
"102","Jordan",0,0,0,0,0,0,0,0,0,0,0,0,0,0,0,0,0,3,3,4,14,28,44,70,105,3,128,132,144,169,204,205,331,73,4662,1060,1220,129597,28465,32810,61.38248848,13.95655036,16.06319947,1706.34628,374.7860434,431.9947334,22.73702274,86.8852459,26.16902617
"103","Kazakhstan",1,1,3,23,44,66,97,135,3,240,302,390,315,324,491,668,52,3,3,5,58,121,181,277,394,5,709,905,1169,959,1008,1528,2157,103,15412,5341,7873,394993,135577,199984,87.44397163,30.3035461,44.66950355,2241.095035,769.2312057,1134.660993,34.65481443,67.83945129,51.08357124
"104","Kenya",117,81,102,183,240,302,392,505,147,655,894,1198,1351,1372,1458,2603,4965,39,28,37,83,109,136,176,232,49,293,392,512,585,574,599,1033,1678,14852,1164,5295,633590,49166,227142,32.25190081,2.527687351,11.49837159,1375.87408,106.7665604,493.250825,7.837328306,21.98300283,35.65176407
"105","Kiribati",0,0,0,3,4,4,5,8,0,11,11,11,9,8,8,7,6,0,0,0,0,0,0,1,1,0,1,1,1,1,1,1,1,0,30,0,1,1232,7,34,26.78571429,0,0.892857143,1100,6.25,30.35714286,0,0,3.333333333
"106","Kuwait",0,0,0,0,0,0,0,0,0,0,0,0,0,0,0,0,0,1,2,2,15,29,44,63,83,2,91,108,86,92,75,54,106,14,2465,298,351,73611,8748,10302,63.33504625,7.656731757,9.018499486,1891.341213,224.7687564,264.696814,12.08924949,84.9002849,14.23935091
"107","Kyrgyzstan",3,2,2,10,20,28,42,64,6,118,155,199,150,141,215,407,157,2,1,1,14,27,39,61,95,5,177,234,306,235,226,346,679,142,4257,837,1273,118691,22818,34980,71.66666667,14.09090909,21.43097643,1998.164983,384.1414141,588.8888889,19.66173362,65.75019639,29.90368804
"108","Laos",20,14,20,89,101,131,168,226,34,305,378,463,504,527,504,708,1793,9,7,9,54,61,79,101,135,15,180,221,270,292,305,288,404,841,6070,2245,3945,219041,76924,139968,89.23845928,33.00499853,57.99764775,3220.244046,1130.902676,2057.747721,36.98517298,56.90747782,64.99176277
"109","Latin America and Caribbean",125,131,155,524,705,912,1192,1731,167,2460,3053,3889,4441,5103,5604,14859,3384,161,190,230,1076,1572,2221,3271,5098,200,7726,9871,12464,14378,15910,17492,45940,3728,NA,NA,NA,NA,NA,NA,NA,NA,NA,NA,NA,NA,NA,NA,NA
"110","Latvia",0,0,0,0,1,2,4,7,0,14,22,30,31,46,57,137,0,0,0,0,1,3,6,15,28,0,62,97,136,144,218,274,693,1,3061,1682,2946,60303,33098,58020,155.3018772,85.33739219,149.4672755,3059.512938,1679.249112,2943.683409,54.94936295,57.09436524,96.24305782
"111","Lebanon",0,0,0,0,0,0,0,0,0,0,0,0,0,0,0,0,0,0,1,1,10,17,21,32,58,1,94,114,146,188,233,296,637,5,6032,2001,2357,132199,43453,51218,103.0934707,34.19927633,40.2837053,2259.425353,742.6592475,875.3715817,33.17307692,84.89605431,39.07493369
"112","Lesotho",6,9,12,22,31,39,43,49,9,63,91,151,173,172,174,264,179,4,5,7,15,21,27,31,36,5,46,66,111,129,130,130,195,107,1167,584,1102,45017,22997,42636,54.66042155,27.35362998,51.61592506,2108.52459,1077.142857,1997.002342,50.0428449,52.99455535,94.43016281
"113","Liberia",18,15,17,31,40,54,74,111,31,170,209,258,293,343,298,287,448,5,4,5,11,15,21,29,45,9,67,81,100,112,130,111,106,131,3374,15,789,142946,505,29169,74.92782589,0.333111259,17.52165223,3174.46147,11.21474573,647.7681546,0.444576171,1.901140684,23.38470658
"114","Libya",0,0,0,0,0,0,0,1,0,1,1,1,1,1,1,2,0,2,3,3,28,38,63,100,154,3,182,215,261,276,306,305,509,15,6200,598,617,163854,15346,15812,98.7575661,9.525326537,9.827970691,2609.971328,244.4409047,251.8636508,9.64516129,96.92058347,9.951612903
"115","Lithuania",0,0,0,0,0,1,1,2,0,5,7,9,9,13,17,48,0,0,0,0,3,6,12,25,47,0,95,142,195,202,281,374,1138,2,4786,3023,4654,93375,58924,90793,166.2960389,105.038221,161.7095205,3244.440584,2047.394024,3154.725504,63.16339323,64.95487752,97.2419557
"116","Luxembourg",0,0,0,0,0,0,0,0,0,0,0,0,0,0,0,1,0,0,0,0,0,0,1,1,3,0,5,7,11,14,17,24,101,0,476,293,446,8601,5281,8056,83.95061728,51.67548501,78.65961199,1516.931217,931.3932981,1420.811287,61.55462185,65.69506726,93.69747899
"117","Macedonia",0,0,0,2,4,6,12,23,0,36,54,83,94,105,130,199,2,0,0,0,4,7,12,24,48,0,75,114,176,202,231,284,460,4,2713,1452,1657,57748,30879,35253,130.5582291,69.87487969,79.74013474,2779.018287,1485.99615,1696.487007,53.52008846,87.62824381,61.0762993
"118","Madagascar",188,163,199,387,454,575,785,979,274,1195,1439,1751,1737,1790,1751,2272,5205,64,56,69,164,197,256,349,439,93,527,620,744,733,746,716,945,1821,8258,196,4052,342769,8061,169739,34.07468537,0.808747679,16.71962038,1414.355271,33.26181143,700.3878688,2.373456043,4.837117473,49.06757084
"119","Malawi",86,69,90,142,143,173,211,271,140,318,449,672,1054,1294,1191,1297,3710,36,29,38,69,70,86,105,137,57,159,220,326,510,621,560,611,1563,7132,201,3653,291686,7948,149701,41.42898635,1.167586407,21.2198664,1694.371188,46.16903863,869.5962823,2.818283791,5.502326855,51.21985418
"120","Malaysia",0,0,0,2,3,4,5,8,0,12,17,21,27,26,26,43,1,7,11,17,77,137,183,272,450,6,698,959,1190,1506,1450,1387,2237,38,13387,4220,8574,341032,106553,217612,44.13636068,13.9131577,28.2681076,1124.367771,351.3006379,717.4573632,31.52311944,49.21856776,64.04720998
"121","Maldives",0,0,0,0,0,0,0,0,0,1,1,1,1,1,2,3,0,0,0,0,1,1,1,2,3,0,5,6,8,8,13,17,25,0,135,26,65,3367,676,1642,37.08791209,7.142857143,17.85714286,925,185.7142857,451.0989011,19.25925926,40,48.14814815
"122","Mali",45,31,35,129,170,191,232,304,132,387,442,623,776,946,767,786,2823,32,22,26,97,127,145,172,227,96,283,323,454,563,688,552,572,2077,17107,495,622,822000,19382,23931,97.19885259,2.81249968,3.534090507,4670.454015,110.1249875,135.9715755,2.893552347,79.58199357,3.635938505
"123","Malta",0,0,0,0,0,0,0,0,0,0,0,0,0,1,1,2,0,0,0,0,0,0,1,1,2,0,3,6,10,17,20,32,69,0,576,140,180,9554,2315,2988,137.4701671,33.41288783,42.95942721,2280.190931,552.5059666,713.1264916,24.30555556,77.77777778,31.25
"124","Marshall Islands",0,0,0,0,1,1,1,1,0,1,1,1,1,1,1,1,1,0,0,0,0,1,1,1,1,0,2,2,2,1,1,1,1,1,NA,NA,NA,NA,NA,NA,NA,NA,NA,NA,NA,NA,NA,NA,NA
"125","Mauritania",9,7,9,14,16,21,32,50,17,77,94,115,136,158,148,187,238,11,9,11,18,21,28,43,68,22,102,126,155,183,211,197,250,312,4789,92,161,184193,2959,5172,117.7236971,2.261553589,3.957718781,4527.851524,72.73844641,127.1386431,1.921069117,57.14285714,3.361870954
"126","Mauritius",0,0,0,0,0,1,1,1,0,2,2,3,3,3,3,8,0,0,0,0,2,4,8,11,17,0,29,37,46,54,49,46,116,2,819,37,62,21460,949,1590,64.33621367,2.906520031,4.870384918,1685.781618,74.54831108,124.9018068,4.517704518,59.67741935,7.57020757
"127","Mexico",11,12,16,66,85,115,155,218,13,300,367,473,572,689,816,2240,314,21,25,39,221,301,428,635,932,23,1301,1607,2078,2495,2900,3327,9098,601,54893,32082,43261,1405148,819172,1104665,43.21704764,25.25803513,34.05921881,1106.267613,644.930963,869.6985032,58.44461042,74.15917339,78.80968429
"128","Micronesia",0,0,0,1,1,1,1,2,0,3,4,5,5,3,3,5,1,0,0,0,1,1,1,1,1,0,2,3,4,3,2,2,4,0,20,2,4,768,100,166,19.23076923,1.923076923,3.846153846,738.4615385,96.15384615,159.6153846,10,50,20
"129","Moldova",0,0,0,1,3,5,8,12,0,24,36,60,49,52,63,104,3,1,1,1,7,15,31,53,83,1,165,253,437,372,413,506,880,15,5393,3450,4624,126973,81183,108871,132.5387073,84.78741706,113.6397149,3120.496436,1995.158516,2675.620546,63.97181532,74.61072664,85.74077508
"130","Mongolia",2,2,2,20,32,51,81,125,5,175,176,158,139,148,140,214,113,2,1,2,19,31,49,80,124,3,173,174,156,138,148,138,217,87,1790,462,566,56830,14801,18122,60.49340994,15.6133829,19.12808381,1920.581277,500.2027712,612.436634,25.81005587,81.6254417,31.62011173
"131","Montenegro",0,0,0,1,1,2,5,8,0,15,22,35,37,37,54,98,0,0,0,0,1,2,3,6,10,0,18,28,45,49,49,72,142,0,NA,NA,NA,NA,NA,NA,NA,NA,NA,NA,NA,NA,NA,NA,NA
"132","Morocco",1,1,1,8,11,16,24,38,2,62,83,101,92,99,108,212,17,11,10,12,90,141,203,319,522,15,857,1183,1467,1375,1506,1639,3171,157,29938,2959,4909,734714,70017,116910,87.08476604,8.607249072,14.27948148,2137.163364,203.6680494,340.0721491,9.88375977,60.27704217,16.39722092
"133","Mozambique",138,101,117,187,207,246,340,495,215,660,915,1322,1590,1817,1619,1938,5245,47,34,40,77,85,106,145,217,72,287,393,563,679,762,662,795,1796,15057,410,7224,696634,18493,333057,53.81728116,1.465437024,25.82028552,2489.934771,66.09835827,1190.424534,2.722985987,5.675526024,47.9776848
"134","Myanmar",72,65,89,251,366,561,805,1222,80,1951,2714,3617,3739,3815,3726,5415,2380,55,51,70,217,318,480,693,1067,61,1706,2392,3223,3371,3503,3424,5054,1842,70995,17414,40377,2128521,508995,1182203,131.7234725,32.30977605,74.91511587,3949.238362,944.3846596,2193.448615,24.52848792,43.12851376,56.87301923
"135","Namibia",5,6,8,11,13,17,24,34,7,46,54,77,86,95,90,137,92,3,4,5,8,10,14,20,29,4,40,48,68,77,87,81,122,65,769,50,421,28002,1869,15350,31.27287515,2.033346889,17.12078081,1138.755592,76.00650671,624.2374949,6.501950585,11.87648456,54.74642393
"136","Nepal",36,33,29,148,204,297,470,735,51,1097,1463,2300,2819,3040,2792,3707,1934,33,30,26,153,210,306,488,771,46,1152,1545,2436,2995,3267,3007,3967,1824,26639,11299,17459,743763,309041,484611,93.42428608,39.62614995,61.22957359,2608.413502,1083.82202,1699.554664,42.41525583,64.71733776,65.53924697
"137","Netherlands",0,0,0,0,0,0,0,1,0,2,2,4,6,7,8,34,0,0,0,0,3,7,13,40,87,0,160,238,373,638,701,918,3545,2,20104,9412,14597,346338,161811,251158,118.7828656,55.61004431,86.24519941,2046.310192,956.0472674,1483.946824,46.81655392,64.47900253,72.60744131
"138","New Zealand",0,0,0,0,0,0,0,0,0,1,1,1,2,2,2,9,0,0,0,0,0,1,2,6,10,0,17,23,31,47,59,67,291,0,2122,154,259,38463,2746,4644,46.85361007,3.400309119,5.7187017,849.2603224,60.63148598,102.5391919,7.25730443,59.45945946,12.20546654
"139","Nicaragua",3,3,3,11,14,20,26,35,3,45,66,91,74,91,103,395,81,2,2,2,10,14,19,25,34,2,44,65,91,73,91,104,391,58,2208,435,883,66030,12886,26382,36.30384742,7.152252549,14.51825058,1085.662611,211.871095,433.7717856,19.70108696,49.26387316,39.99094203
"140","Niger",103,86,96,163,193,256,340,459,246,784,955,1126,1317,1440,1125,1075,6440,91,76,86,148,175,235,308,415,217,703,857,1007,1168,1274,987,945,5769,19364,562,1108,1029502,22762,45463,97.31142757,2.824262668,5.568119281,5173.637126,114.3876634,228.4687788,2.902292915,50.72202166,5.721958273
"141","Nigeria",702,437,519,742,830,1003,1271,1777,2092,2498,3052,4082,5199,6221,5310,5622,23229,735,460,547,804,903,1095,1386,1951,2181,2715,3314,4459,5673,6779,5749,6075,24685,180611,6410,32599,9104169,271110,1451614,99.12678735,3.518073135,17.89167958,4996.74452,148.7963818,796.7058058,3.54906401,19.66317985,18.04928825
"142","North Africa and Middle East",265,166,167,980,1417,2090,2880,3830,447,4765,5438,6187,6598,6066,4871,5865,9898,603,461,477,2805,4225,6213,9092,13917,1016,19616,24788,30242,31244,30061,27718,50211,14637,NA,NA,NA,NA,NA,NA,NA,NA,NA,NA,NA,NA,NA,NA,NA
"143","North America",0,0,0,2,3,5,9,17,0,36,57,74,95,104,107,339,1,5,7,17,202,387,642,1169,2222,6,4543,7167,9404,12031,13381,14147,47880,54,360452,243609,293541,7504025,5029219,6087184,73.81727362,49.88889564,60.11451266,1536.755703,1029.938064,1246.599622,67.58431081,82.98976974,81.43691809
"144","North Korea",14,17,18,190,303,398,989,1824,23,2160,3431,2987,4550,6552,6804,8207,960,7,10,10,134,209,268,644,1168,12,1382,2198,1921,2990,4385,4541,5529,543,49182,28629,38561,1222776,701212,953649,195.5158176,113.8103847,153.293592,4860.966397,2787.565318,3791.091536,58.21032085,74.24340655,78.40470091
"145","Northern Ireland",0,0,0,0,0,0,0,0,0,0,0,1,1,1,2,7,0,0,0,0,1,1,2,5,10,0,17,24,34,55,68,89,316,0,NA,NA,NA,NA,NA,NA,NA,NA,NA,NA,NA,NA,NA,NA,NA
"146","Northern Mariana Islands",0,0,0,0,0,0,0,1,0,1,0,1,0,0,0,0,0,0,0,0,0,1,1,1,2,0,2,1,1,1,1,0,1,0,NA,NA,NA,NA,NA,NA,NA,NA,NA,NA,NA,NA,NA,NA,NA
"147","Norway",0,0,0,0,0,0,0,0,0,1,1,2,3,3,4,18,0,0,0,0,1,1,3,6,13,0,23,37,58,104,118,139,648,0,3230,1628,2668,54154,27229,44692,61.98426406,31.2416043,51.19938591,1039.224717,522.529265,857.6472846,50.40247678,61.01949025,82.6006192
"148","Oceania",32,38,47,203,301,431,653,745,45,908,990,1106,1099,979,826,840,1259,8,10,12,74,117,173,267,313,12,367,393,427,407,358,291,301,337,14424,1645,3238,263099,29010,56981,46.90121458,5.34889753,10.52871137,855.4951923,94.32918988,185.2799576,11.40460344,50.80296479,22.44869662
"149","Oman",0,0,0,1,1,1,1,2,0,2,2,3,3,3,2,4,0,1,2,3,26,42,46,59,88,1,95,114,141,131,142,121,184,14,3047,165,226,92319,4962,6792,67.84680472,3.674014696,5.032286796,2055.644623,110.487642,151.2358049,5.415162455,73.00884956,7.417131605
"150","Pakistan",217,151,141,1379,2083,2800,3612,4984,521,6641,8518,9961,11947,14001,12761,16706,9998,230,162,151,1638,2464,3329,4360,6048,550,8070,10367,12140,14687,17426,15930,21172,10729,232622,29327,73362,7883418,867388,2246077,123.1292756,15.52309011,38.83127958,4172.776211,459.1176077,1188.872222,12.60714808,39.97573676,31.53699994
"151","Palestine",0,0,0,0,1,1,1,2,0,2,3,3,4,4,4,6,1,3,5,4,16,21,27,40,67,4,95,108,119,156,174,180,278,25,NA,NA,NA,NA,NA,NA,NA,NA,NA,NA,NA,NA,NA,NA,NA
"152","Panama",0,1,1,2,3,3,5,8,1,11,14,19,22,26,30,95,12,1,1,1,4,6,8,13,21,1,30,39,53,61,72,81,250,20,1095,271,416,28091,6829,10546,27.86968694,6.897429371,10.58793586,714.9656401,173.8101298,268.4143548,24.74885845,65.14423077,37.99086758
"153","Papua New Guinea",29,33,41,175,260,373,573,648,41,784,857,966,963,838,705,694,1192,7,9,11,64,101,150,235,269,11,311,332,363,347,298,242,241,323,1633,322,585,65902,12959,23556,21.43325614,4.22627586,7.678171981,864.9690425,170.0879157,309.1743918,19.71830986,55.04273504,35.82363748
"154","Paraguay",3,3,3,10,16,22,31,51,4,75,100,132,148,158,166,402,34,3,3,3,13,21,30,44,72,4,107,144,191,217,233,243,578,35,1762,391,1759,48316,10734,48232,26.54014159,5.889441181,26.49495406,727.7602049,161.6809761,726.4949541,22.1906924,22.22853894,99.82973893
"155","Peru",20,16,20,53,63,78,96,134,26,192,236,329,396,486,593,2360,320,23,20,24,77,94,115,144,202,31,284,346,483,583,708,852,3221,402,10065,1543,4769,257267,39054,121052,32.07763649,4.917614813,15.19903114,819.922236,124.4669662,385.7985148,15.33035271,32.35479136,47.38201689
"156","Philippines",187,180,209,805,1058,1460,1909,2774,330,3647,4658,5381,5917,5578,5949,12911,2971,115,113,128,678,905,1250,1668,2433,202,3163,3988,4537,4922,4540,4677,9456,1902,53264,11665,27958,1772539,382165,927466,52.89426538,11.58402684,27.7639282,1760.234835,379.5121833,921.0279502,21.90034545,41.72329923,52.48948633
"157","Poland",0,1,1,4,8,17,30,53,0,105,219,328,357,270,384,1224,2,2,4,6,26,65,132,251,455,2,897,1862,2815,3121,2437,3492,11332,14,58082,38858,56549,1190302,795226,1158867,150.4247462,100.6371128,146.4544777,3082.725737,2059.530823,3001.313219,66.90196619,68.71562716,97.36062808
"158","Portugal",0,0,0,0,0,1,2,4,0,6,7,11,14,19,35,154,0,0,0,0,2,6,16,30,52,0,83,104,161,217,303,543,2323,1,14328,3470,6954,241177,58143,116595,138.434796,33.52657329,67.18841229,2330.212786,561.7681702,1126.521848,24.21831379,49.89933851,48.53433836
"159","Puerto Rico",0,0,0,0,0,0,0,0,0,0,0,0,0,1,1,2,0,0,0,1,3,5,9,16,29,0,48,75,101,143,167,187,588,3,NA,NA,NA,NA,NA,NA,NA,NA,NA,NA,NA,NA,NA,NA,NA
"160","Qatar",0,0,0,0,0,0,0,0,0,0,0,0,0,0,0,0,0,0,0,1,7,11,15,24,37,1,38,37,31,18,19,28,25,3,680,80,95,23740,2830,3350,30.42505593,3.579418345,4.250559284,1062.192394,126.6219239,149.8881432,11.76470588,84.21052632,13.97058824
"161","Romania",2,3,3,10,17,36,70,141,2,184,307,483,570,599,857,1955,35,4,6,6,26,46,101,205,422,4,556,936,1499,1807,1964,2808,6862,76,35895,22879,29462,729676,464731,598705,183.9731434,117.2620573,151.0019989,3739.818564,2381.892266,3068.551074,63.73868227,77.65596361,82.07828388
"162","Russia",0,0,1,9,18,26,37,51,0,99,159,211,219,145,341,498,5,10,14,36,442,960,1421,2238,3187,13,6422,10389,14062,14957,10265,24211,37663,207,186086,113708,151680,4320968,2638562,3521172,129.715501,79.26276124,105.732012,3012.02954,1839.269971,2454.513451,61.10508045,74.9657173,81.51069935
"163","Rwanda",54,41,47,84,102,104,125,159,83,262,342,452,498,563,450,921,1830,33,24,28,54,65,66,80,101,50,166,215,283,313,353,279,576,1125,4935,254,2287,200408,9853,92728,42.50646361,2.187769353,19.69853744,1726.167246,84.86650171,798.6908526,5.146909828,11.10625273,46.34245187
"164","Saint Lucia",0,0,0,0,0,0,0,0,0,0,0,0,1,1,1,2,0,0,0,0,0,0,1,1,2,0,3,3,4,5,5,6,14,0,129,6,10,3513,202,302,69.72972973,3.243243243,5.405405405,1898.918919,109.1891892,163.2432432,4.651162791,60,7.751937984
"165","Saint Vincent and the Grenadines",0,0,0,0,0,0,0,0,0,0,1,1,1,1,1,2,0,0,0,0,0,0,1,1,1,0,2,3,4,4,4,5,11,0,90,4,7,2524,118,206,82.56880734,3.669724771,6.422018349,2315.59633,108.2568807,188.9908257,4.444444444,57.14285714,7.777777778
"166","Samoa",0,0,0,1,1,2,3,4,0,6,7,8,7,8,9,18,2,0,0,0,0,0,0,0,1,0,1,1,1,1,1,1,2,0,34,1,-1,911,41,-9,17.61658031,0.518134715,-0.518134715,472.0207254,21.24352332,-4.663212435,2.941176471,-100,-2.941176471
"167","Sao Tome and Principe",0,1,1,1,1,2,2,3,1,4,5,5,6,7,12,24,10,0,0,0,1,1,1,1,2,0,2,3,3,3,4,6,13,4,80,3,31,3197,106,1288,42.10526316,1.578947368,16.31578947,1682.631579,55.78947368,677.8947368,3.75,9.677419355,38.75
"168","Saudi Arabia",0,0,0,1,1,2,3,5,0,6,6,13,11,11,10,24,0,13,16,21,89,130,218,419,631,20,823,832,1677,1341,1268,1165,2637,21,21720,1944,2471,576908,50350,64054,68.8649356,6.163601971,7.834496127,1829.13132,159.6385593,203.0881485,8.950276243,78.67260219,11.37661142
"169","Scotland",0,0,0,0,0,0,1,1,0,3,4,6,10,12,15,49,0,0,0,0,2,4,7,19,37,0,64,91,138,224,268,343,1078,1,NA,NA,NA,NA,NA,NA,NA,NA,NA,NA,NA,NA,NA,NA,NA
"170","Senegal",46,45,59,111,137,177,239,319,81,435,502,618,731,864,811,917,1407,36,35,47,93,115,152,204,275,63,368,423,524,615,731,680,767,1124,13060,438,1217,486729,13769,38760,86.32427788,2.895102122,8.044153612,3217.192148,91.01064181,256.1967083,3.353751914,35.99013969,9.318529862
"171","Serbia",1,1,1,7,13,26,50,94,0,154,234,406,539,525,631,1342,5,1,1,1,10,18,36,71,132,0,213,324,575,788,800,974,2229,5,NA,NA,NA,NA,NA,NA,NA,NA,NA,NA,NA,NA,NA,NA,NA
"172","Serbia and Montenegro",NA,NA,NA,NA,NA,NA,NA,NA,NA,NA,NA,NA,NA,NA,NA,NA,NA,NA,NA,NA,NA,NA,NA,NA,NA,NA,NA,NA,NA,NA,NA,NA,NA,NA,15887,9561,11085,319020,191749,222357,167.637438,100.8863564,116.9673947,3366.255144,2023.309064,2346.280469,60.18128029,86.25169147,69.77402908
"173","Seychelles",0,0,0,0,0,0,0,0,0,0,0,0,0,0,0,0,0,0,0,0,0,0,1,1,1,0,2,3,3,2,3,3,10,0,61,7,15,1691,196,429,63.54166667,7.291666667,15.625,1761.458333,204.1666667,446.875,11.47540984,46.66666667,24.59016393
"174","Sierra Leone",32,31,43,82,103,129,164,215,79,293,347,424,515,533,387,269,1880,17,16,23,47,60,76,97,127,41,171,200,244,295,305,218,152,996,8969,144,1730,412656,5770,70858,138.9896172,2.231520223,26.80923601,6394.793119,89.41577561,1098.062916,1.605530159,8.323699422,19.28866094
"175","Singapore",0,0,0,0,0,0,0,0,0,0,0,0,0,0,0,0,0,0,1,1,2,4,8,17,33,0,60,94,129,122,170,191,567,2,3138,1095,2096,67255,23380,44854,55.99571734,19.53961456,37.40185582,1200.124911,417.2019986,800.3925767,34.89483748,52.24236641,66.79413639
"176","Slovakia",0,0,0,0,1,1,2,4,0,8,14,22,23,26,29,85,0,0,1,1,4,8,19,36,63,1,121,220,363,397,444,501,1490,5,7724,5378,7135,162683,113144,150234,142.3516403,99.11537044,131.4964983,2998.212311,2085.219314,2768.779948,69.6271362,75.3749124,92.3744174
"177","Slovenia",0,0,0,0,0,0,1,2,0,3,5,8,9,11,15,65,0,0,0,0,0,1,2,5,11,0,21,38,63,67,90,122,527,0,2659,1736,2112,47560,31008,37742,128.5783366,83.94584139,102.1276596,2299.806576,1499.419729,1825.048356,65.28770214,82.1969697,79.42835653
"178","Solomon Islands",1,2,3,13,19,29,42,45,2,52,55,55,58,60,48,57,29,0,0,0,3,5,8,12,13,0,14,15,14,15,15,11,14,4,100,14,13,3304,457,435,17.12328767,2.397260274,2.226027397,565.7534247,78.25342466,74.48630137,14,107.6923077,13
"179","Somalia",92,64,76,122,148,189,280,383,146,492,616,788,890,934,880,893,2925,33,23,27,51,64,83,124,173,52,218,270,340,382,396,364,371,1063,8456,646,1557,535544,38356,95675,78.39065542,5.98869009,14.43404098,4964.716789,355.5761565,886.9472513,7.639545885,41.49004496,18.41296121
"180","South Africa",75,21,64,138,176,190,209,266,102,392,485,702,591,661,554,1723,584,175,45,151,349,476,533,660,906,231,1370,1719,2397,2105,2235,1831,5077,1317,40627,14802,30723,1207805,438839,912854,74.55863598,27.16461786,56.38282357,2216.562713,805.356961,1675.268887,36.43389864,48.17888878,75.62212322
"181","South America",NA,NA,NA,NA,NA,NA,NA,NA,NA,NA,NA,NA,NA,NA,NA,NA,NA,NA,NA,NA,NA,NA,NA,NA,NA,NA,NA,NA,NA,NA,NA,NA,NA,NA,206912,37847,114587,5340038,963276,2930492,41.52566146,7.595604456,22.99673759,1071.704928,193.3221518,588.1274102,18.29135091,33.02905216,55.37958166
"182","South and Southeast Asia",NA,NA,NA,NA,NA,NA,NA,NA,NA,NA,NA,NA,NA,NA,NA,NA,NA,NA,NA,NA,NA,NA,NA,NA,NA,NA,NA,NA,NA,NA,NA,NA,NA,NA,2808694,942806,1660289,83601522,26524267,47719231,119.3944585,40.07763461,70.57703906,3553.807731,1127.517094,2028.491444,33.56741603,56.78565599,59.11249143
"183","South Asia",1555,1454,1373,8705,14152,20327,28394,41915,2926,60607,81571,112283,127271,135418,121523,187865,70194,1700,1622,1559,12069,19456,28097,39759,58987,3209,85762,116038,155232,174332,184802,168537,261709,79390,NA,NA,NA,NA,NA,NA,NA,NA,NA,NA,NA,NA,NA,NA,NA
"184","South Korea",0,0,0,0,0,0,0,0,0,0,0,0,0,0,1,2,0,1,2,2,23,50,101,203,361,1,572,783,977,1411,2160,2890,8069,10,58905,31180,42904,1180077,621370,856998,117.1236531,61.99669811,85.30809287,2346.404025,1235.499946,1704.010465,52.93268823,72.67387656,72.83592225
"185","South Sudan",84,57,69,111,129,160,236,335,110,436,547,668,854,1073,987,1050,5689,45,31,38,64,75,94,138,196,59,251,314,379,486,608,553,590,3094,NA,NA,NA,NA,NA,NA,NA,NA,NA,NA,NA,NA,NA,NA,NA
"186","Southeast Asia",453,412,531,2152,3232,4741,6760,10248,660,14544,18712,22058,23346,23768,23996,47443,12110,320,303,398,2326,3645,5508,8164,12477,438,17592,22524,26335,27863,28459,28559,56528,8030,NA,NA,NA,NA,NA,NA,NA,NA,NA,NA,NA,NA,NA,NA,NA
"187","Southern Latin America",1,2,2,6,10,15,24,39,1,66,96,135,170,200,225,840,10,6,13,15,74,112,180,297,491,6,820,1203,1696,2154,2530,2773,9550,85,NA,NA,NA,NA,NA,NA,NA,NA,NA,NA,NA,NA,NA,NA,NA
"188","Southern Sub-Saharan Africa",140,104,182,362,450,501,532,639,204,891,1106,1616,1513,1751,1689,3602,2519,211,93,219,491,655,743,889,1181,286,1737,2175,3073,2796,3048,2662,6395,2408,NA,NA,NA,NA,NA,NA,NA,NA,NA,NA,NA,NA,NA,NA,NA
"189","Spain",0,0,0,0,1,2,4,9,0,14,19,23,32,40,52,326,0,0,0,1,10,22,51,108,213,0,337,457,558,816,1086,1428,9078,3,48429,14504,21396,779593,231864,342618,105.0019559,31.44703315,46.39001112,1690.284536,502.7188978,742.8515998,29.9489975,67.78837166,44.18014
"190","Sri Lanka",8,7,10,37,56,106,155,273,11,448,600,765,1149,1310,896,1843,32,6,5,7,33,52,99,152,271,7,444,596,758,1143,1303,878,1773,23,18337,2911,7922,451399,70761,193741,88.52039158,14.0526182,38.24281737,2179.09234,341.593032,935.2690835,15.87500682,36.74577127,43.20226864
"191","Sub-Saharan Africa",3985,3163,3973,6735,8148,10035,13276,18093,7357,23763,30000,39057,46754,53032,47985,59021,147218,2768,2120,2755,5003,6113,7568,9952,13737,5473,18122,22562,29352,34669,39312,34676,44230,101418,NA,NA,NA,NA,NA,NA,NA,NA,NA,NA,NA,NA,NA,NA,NA
"192","Sudan",64,43,47,287,388,562,753,999,108,1223,1406,1680,1850,1886,1693,2444,2175,62,42,46,306,415,608,829,1107,106,1347,1550,1851,2056,2109,1878,2695,2212,NA,NA,NA,NA,NA,NA,NA,NA,NA,NA,NA,NA,NA,NA,NA
"193","Sudan and South Sudan",NA,NA,NA,NA,NA,NA,NA,NA,NA,NA,NA,NA,NA,NA,NA,NA,NA,NA,NA,NA,NA,NA,NA,NA,NA,NA,NA,NA,NA,NA,NA,NA,NA,NA,63860,2937,5687,2668148,104745,207862,121.4645767,5.586305384,10.8169284,5074.936854,199.2296757,395.3628225,4.599123082,51.64410058,8.905418102
"194","Suriname",0,0,0,0,1,1,2,3,0,5,6,6,7,7,8,16,2,0,0,0,1,2,3,5,9,0,15,18,20,21,23,23,47,5,344,10,54,9313,285,1481,63.35174954,1.841620626,9.944751381,1715.101289,52.48618785,272.7440147,2.906976744,18.51851852,15.69767442
"195","Swaziland",2,3,5,8,9,9,11,15,4,21,27,42,48,51,47,55,98,2,2,4,7,8,8,10,15,3,21,27,43,50,54,49,57,78,864,233,589,31106,8200,21219,67.13286713,18.1041181,45.76534577,2416.938617,637.1406371,1648.717949,26.96759259,39.55857385,68.1712963
"196","Sweden",0,0,0,0,0,0,1,1,0,3,4,7,14,18,20,87,0,0,0,0,1,1,2,5,13,0,23,37,63,120,162,191,855,0,8233,4092,6909,128690,63894,107928,84.19060393,41.84476512,70.65138862,1315.983095,653.3796244,1103.671019,49.7024171,59.22709509,83.91837726
"197","Switzerland",0,0,0,0,0,0,0,1,0,2,3,4,6,8,9,46,0,0,0,0,1,2,4,11,25,0,48,70,95,151,204,253,1325,1,8570,5645,7506,137692,90588,120531,103.2654537,68.0202434,90.44463188,1659.139655,1091.553199,1452.355706,65.86931155,75.20650147,87.58459743
"198","Syria",0,0,0,0,0,1,1,1,0,1,1,2,2,2,2,3,0,12,14,11,128,158,199,248,361,17,502,627,782,760,790,789,1415,93,13516,3240,3610,372763,88182,98348,73.05155804,17.51161942,19.51140312,2014.717219,476.6079085,531.5533169,23.97158923,89.75069252,26.70908553
"199","Taiwan",0,0,0,2,4,9,13,21,0,32,43,61,56,76,102,373,1,1,2,3,19,53,112,166,280,2,424,560,804,750,1029,1370,5065,6,NA,NA,NA,NA,NA,NA,NA,NA,NA,NA,NA,NA,NA,NA,NA
"200","Tajikistan",26,16,16,38,44,53,76,116,45,186,219,240,182,203,255,466,620,37,22,23,59,70,86,126,197,63,320,382,421,324,371,466,868,911,5023,780,1256,182718,26909,44046,59.2195237,9.195944353,14.80782834,2154.185334,317.2482905,519.2879038,15.52856858,62.10191083,25.00497711
"201","Tanzania",292,196,228,376,443,560,764,1058,470,1352,1765,2283,2910,3330,3337,4423,9236,110,74,87,170,201,260,360,512,175,646,836,1068,1361,1537,1509,1998,3540,17222,924,7751,730296,39364,332260,32.20871276,1.728071687,14.49597797,1365.805022,73.61884619,621.3951284,5.365230519,11.92104245,45.00638718
"202","Thailand",6,10,13,47,86,161,241,355,5,493,597,763,844,963,1140,2898,26,14,23,30,142,268,496,778,1154,10,1579,1890,2389,2660,3025,3532,8640,65,80456,25277,52293,1961569,613089,1269776,118.3890252,37.19448382,76.94786336,2886.400539,902.1453847,1868.444154,31.41717212,48.33725355,64.99577409
"203","Timor",3,1,2,5,7,7,12,19,4,28,35,36,98,97,65,85,92,1,0,1,3,3,3,6,9,1,13,16,16,44,43,29,37,31,505,11,148,20052,437,5990,42.61603376,0.928270042,12.48945148,1692.151899,36.87763713,505.4852321,2.178217822,7.432432432,29.30693069
"204","Togo",23,30,43,84,108,135,175,230,39,296,341,422,508,543,441,412,762,18,23,33,69,88,111,144,190,30,240,275,341,409,437,351,328,592,6366,171,1718,277517,6458,67830,87.14579055,2.340862423,23.51813826,3799.000684,88.40520192,928.5420945,2.686145146,9.953434226,26.98711907
"205","Tonga",0,0,0,0,1,1,1,1,0,2,3,3,3,4,4,10,1,0,0,0,0,0,0,0,0,0,0,0,0,0,1,1,2,0,35,1,1,914,33,36,33.01886792,0.943396226,0.943396226,862.2641509,31.13207547,33.96226415,2.857142857,100,2.857142857
"206","Trinidad and Tobago",0,0,0,0,0,0,0,0,0,0,1,1,1,1,1,2,0,0,0,0,3,5,7,11,19,0,34,44,55,59,61,57,115,2,1249,51,131,31846,1336,3379,91.83823529,3.75,9.632352941,2341.617647,98.23529412,248.4558824,4.083266613,38.93129771,10.48839071
"207","Tunisia",0,0,0,0,0,1,1,1,0,2,3,4,4,4,5,12,0,2,3,4,25,41,62,96,179,4,283,382,521,527,573,709,1646,19,14759,1509,1896,330730,33219,41778,131.144482,13.40856584,16.84734317,2938.777324,295.1750489,371.2280078,10.22426994,79.58860759,12.84639881
"208","Turkey",1,1,1,4,7,12,19,30,1,44,59,77,82,90,101,235,7,18,16,17,133,237,395,651,1053,24,1540,2122,2824,3070,3467,3918,9094,205,62681,26231,32633,1525089,635461,790355,79.67990748,33.34477199,41.48297603,1938.688764,807.7962012,1004.69701,41.84840701,80.38182208,52.06202837
"209","Turkmenistan",0,0,0,0,0,1,1,1,0,2,2,3,2,2,2,3,3,7,5,7,44,59,79,111,178,13,267,343,377,332,266,334,474,313,8814,457,662,291577,14351,20818,164.0119092,8.503907704,12.3185709,5425.697804,267.0450316,387.3836993,5.184933061,69.03323263,7.510778307
"210","Uganda",210,168,204,308,352,415,548,646,318,719,907,1311,1679,2007,1854,2609,5771,151,121,149,234,266,315,413,489,228,536,669,957,1226,1470,1345,1896,4233,19024,724,6714,893054,31368,307273,48.7394983,1.854888392,17.20127163,2288.004831,80.36483298,787.2335923,3.805719092,10.78343759,35.29226241
"211","Ukraine",0,0,1,17,34,51,76,108,0,215,322,509,464,576,975,1432,5,2,3,9,148,315,467,748,1093,3,2237,3395,5544,5148,6614,11305,17285,30,76502,50691,65400,1647637,1090921,1408120,170.6719729,113.0889778,145.9039898,3675.792232,2433.787866,3141.442295,66.26101278,77.50917431,85.4879611
"212","United Arab Emirates",0,0,0,1,1,2,3,4,0,4,3,2,1,1,1,1,0,1,2,5,77,145,248,421,513,1,535,425,285,209,127,82,140,10,3633,423,517,133058,15267,18686,39.67456157,4.619416335,5.645953298,1453.073992,166.7248917,204.0624436,11.64327002,81.81818182,14.23066336
"213","United Kingdom",0,0,0,0,1,2,4,8,0,13,20,32,53,61,82,350,0,1,2,3,19,40,76,184,364,1,590,835,1328,2202,2544,3410,13959,15,63665,27905,40091,1088508,475884,684429,98.37599033,43.11917082,61.94913733,1681.976792,735.3421783,1057.588639,43.83099034,69.60415056,62.97180554
"214","United States",0,0,0,2,3,5,9,17,0,34,54,71,91,99,102,317,1,5,7,16,194,374,617,1114,2108,5,4304,6794,8903,11334,12571,13183,44035,51,283228,193617,230348,5683701,3881726,4617018,88.02077411,60.17172815,71.5868815,1766.364066,1206.351517,1434.863426,68.36082591,84.0541268,81.32952957
"215","Uruguay",0,0,0,0,0,1,1,1,0,3,5,6,8,9,11,42,0,0,0,0,2,3,7,12,21,0,39,62,86,112,136,155,561,3,2247,331,1140,42839,6227,21680,65.47202797,9.644522145,33.21678322,1248.222611,181.4393939,631.7016317,14.73075211,29.03508772,50.73431242
"216","Uzbekistan",18,18,19,72,91,116,158,227,31,343,436,476,412,354,530,981,582,57,58,62,265,343,440,630,924,96,1430,1844,2041,1788,1597,2406,4533,1965,26115,3478,5108,820823,106631,157544,87.36158382,11.63483012,17.08761134,2745.870087,356.7089046,527.0263589,13.31801647,68.08927173,19.55964005
"217","Vanuatu",1,1,1,6,9,12,15,19,1,26,26,29,27,32,28,25,20,0,0,0,2,3,4,5,6,0,8,8,9,8,10,8,7,4,65,3,4,2482,141,164,24.52830189,1.132075472,1.509433962,936.6037736,53.20754717,61.88679245,4.615384615,75,6.153846154
"218","Venezuela",0,0,1,2,3,4,6,9,0,15,18,19,20,21,23,50,7,9,15,17,91,126,167,234,386,11,657,812,866,893,970,1033,2199,213,13437,1804,3710,352620,46282,96485,43.19467522,5.799151157,11.92619224,1133.534746,148.7784445,310.1613633,13.42561584,48.62533693,27.61032969
"219","Vietnam",14,20,37,153,244,401,646,1115,20,1868,2630,3139,2966,3078,3646,12937,663,14,19,36,178,292,476,781,1389,18,2327,3303,3957,3716,3845,4591,16082,648,87519,34890,61201,2194664,854156,1522630,93.65529593,37.33627298,65.49203905,2348.54039,914.0441841,1629.387484,39.86562918,57.0088724,69.92881546
"220","Virgin Islands, U.S.",0,0,0,0,0,0,0,0,0,0,0,0,0,0,0,1,0,0,0,0,0,0,0,1,1,0,2,4,6,9,11,9,19,0,NA,NA,NA,NA,NA,NA,NA,NA,NA,NA,NA,NA,NA,NA,NA
"221","Wales",0,0,0,0,0,0,0,0,0,1,1,2,3,4,4,17,0,0,0,0,1,2,4,9,19,0,30,44,74,128,150,190,671,0,NA,NA,NA,NA,NA,NA,NA,NA,NA,NA,NA,NA,NA,NA,NA
"222","West Asia",NA,NA,NA,NA,NA,NA,NA,NA,NA,NA,NA,NA,NA,NA,NA,NA,NA,NA,NA,NA,NA,NA,NA,NA,NA,NA,NA,NA,NA,NA,NA,NA,NA,NA,543862,183533,241292,14577078,4426014,5863391,94.58979034,31.92050187,41.96608642,2535.280552,769.7830264,1019.7751,33.74624445,76.06261293,44.36640177
"223","Western Europe",0,0,0,3,6,12,25,56,0,100,144,210,279,382,533,2188,2,5,7,11,106,218,438,996,2165,5,3796,5450,8090,11127,15336,21816,91132,44,NA,NA,NA,NA,NA,NA,NA,NA,NA,NA,NA,NA,NA,NA,NA
"224","Western Sub-Saharan Africa",1494,1222,1544,2612,3131,3892,5037,6978,3758,9703,11582,14610,17642,20178,17237,18755,63416,1347,1072,1352,2334,2784,3481,4490,6262,3465,8589,10226,12966,15740,18112,15398,16925,56454,NA,NA,NA,NA,NA,NA,NA,NA,NA,NA,NA,NA,NA,NA,NA
"225","World",6640,5542,6462,22479,32245,44436,65829,101064,11998,141664,183076,257654,297993,318326,309245,521631,250078,5924,5042,5884,30153,44874,63365,98466,157755,10971,231860,305859,433350,496162,527043,561323,1130904,217395,8793196,3608196,5554240,232959050,83747555,135058325,120.2466697,49.34196311,75.9540516,3185.707442,1145.245095,1846.918208,41.03395398,64.96291122,63.16520182
"226","Yemen",24,19,23,135,187,252,301,385,33,507,663,820,835,723,515,682,656,36,29,36,233,327,454,557,721,50,951,1263,1577,1630,1427,1016,1344,1058,25210,1838,3032,944235,62192,103518,93.95497913,6.850029815,11.29994037,3519.063059,231.7829457,385.8005367,7.290757636,60.62005277,12.02697342
"227","Zambia",84,74,97,164,196,256,345,406,128,432,525,712,912,1087,1073,1218,2964,41,36,47,92,110,145,199,241,62,253,306,409,525,623,605,687,1466,4645,348,3213,218426,16966,152504,28.65161432,2.146557973,19.81865163,1347.310551,104.6508694,940.6858536,7.491926803,10.83099907,69.17115178
"228","Zimbabwe",50,63,89,175,209,230,225,248,81,338,410,588,565,719,775,1355,1555,26,34,47,104,126,141,141,159,41,216,261,376,363,465,497,846,828,5379,407,3180,249080,19592,148573,34.47413738,2.608472562,20.38069471,1596.359572,125.5655883,952.2078477,7.566462168,12.79874214,59.11879532
