"","total_confirmed_deaths_due_to_covid_19_per_million_people","healthy_diet_cost_percent_cannot_afford","population_with_access_to_improved_sanitation_y","age_standardised_diabetes_prevalence_male","age_standardised_diabetes_prevalence_female","prevalence_of_obesity_both_sexes_who_2019","life_satisfaction_in_cantril_ladder_world_happiness_report_2019","mean_monthly_income","income_classification_world_bank_2017","gini_index","gdp_per_capita","national_poverty_lines_jolliffe_and_prydz_2016","mean_monthly_per_capita_expenditure_in_2011_int_povcal_net_2017","stringency_index","income_support","debt_relief","containment_index","all_causes_disability_adjusted_life_years_who_2015","share_of_population_covered_by_health_insurance_ilo_2014","current_health_expenditure_per_capita_ppp_current_international","haq_index_ihme_2017","hospitals_per_million_population_oecd","nurses_per_1_000_population_oecd","physicians_per_1_000_population_oecd","hospital_beds_per_1_000_population_oecd","out_of_pocket_expenditure_per_capita_on_healthcare_ppp_usd_who_global_health_expenditure","total_gross_official_disbursements_for_medical_research_and_basic_heath_sectors","child_mortality_1950_2017_ihme_2018_x","life_expectancy","total_population_gapminder_hyde_un"
"1",39.277,65.7106645,10761942,11.565728,12.2499833,5.5,2.375,149.52820071,"1",38.247648,1934.555,2.6715,133.8647,52.31,"0","0",42.8,68970,29.559,183.9278576,32.5,40.3264,11.0051,5.0959,2.8249,144.16689,1.6701e+11,55.77,64.833,39835428
"2",169.226,42.00774,2684815,7.6878707,7.081062,21.7,5.365,225.27,"3",33.17109,11104.1665,3.8,225.28,37.96,"1","1",43.21,29903,23.6,773.6782919,78.2,25.767,8.9741,5.206,4.4558,440.42001,2.01e+09,13.99,78.573,2872934
"3",44.035,25.60362,34927459,12.2647583,12.5937459,27.4,4.745,247.73,"3",27.61573,14228.025,4.3964,371.1799,50.46,"1","1",57.56,34790,85.2,1031.16964,63.7,28.3225,8.4231,4.4471,3.2918,289.74506,3e+08,24.11,76.88,44616626
"4",931.858,1.2310056842,78014,8.0856197,5.8184757,25.6,6.84041,1482.7141927,"4",32.687888,53536.523138,21.9143,1387.8141,46.3,"2","1",59.52,18445.73,94.907,5948.635486,94.6,22.6447,16.4175,5.1436,3.6569,2164.9558,1.6992e+10,2.11,83.732,77354
"5",8.215,90.50985,14375401,8.5194139,7.825495,8.2,3.795,120.76,"2",51.27211,7771.4418,2.17,120.74,56.94,"0","0",51.61,93709,0,195.5144172,40.7,38.741,11.7674,5.1995,2.7477,65.277954,4.999e+10,71.04,61.147,33933611
"6",30.635,17.226156731,87487,9.9233293,13.0083446,18.9,5.87762,424.1318955,"4",43.5294767,19029.278908,5.4649,422.5942,61.8846999999999,"1","0",67.1914,28075.13,51.1,1105.111025,66.7,28.5712,9.8554,5.0647,3.4441,268.01904,2.6e+08,12.81,77.016,98728
"7",657.805,8.5967,41854725,9.8786283,9.4600896,28.3,5.901,504.4790986,"3",39.5536918,18556.3831,5.8248,477.3217,75.93,"1","1",74.17,26808,96.8,1389.840341,68.4,24.4564,7.883,4.0196,2.6467,245.00212,8.1e+08,12.06,76.667,45605823
"8",419.474,36.6346,2610670,10.986533,11.9752651,20.2,5.488,211.11,"2",29.87821,11454.4251,3.87,192.27,50.9446,"1","2",56.4844,35083,100,883.2206519,67.5,26.9041,8.7888,5.1709,4.796,720.97192,5.41e+09,10.55,75.087,2968128
"9",35.49,0.7444149,23789338,6.7891865,4.9997449,29,7.137,1765.88,"4",34.39943,49830.7993,28.14,1655.85,71.76,"0","0",74.17,17696,100,4491.629858,89.8,55.89,15.25,4.49,3.84,838.4942,98511200000,4.17,83.436,25788217
"10",111.698,0.5476114,8633169,5.4147456,3.2164117,20.1,7.213,1681.71,"4",30.84879,42988.0709,27.02,1634.26,56.02,"2","2",68.15,19763,99.3,5138.184731,88.2,30.8,16.0392,5.8189,7.37,920.96967,40599500000,3.81,81.544,9043072
"11",67.856,0,8616862,11.572171,13.0270691,19.9,5.173,315.14001,"3",26.55491,16628.0553,5.19,312.41,61.11,"0","0",64.29,33879,2.9,1191.289459,64.5,26.9012,10.0718,4.8658,4.5687,936.67621,5.29e+09,38.24,73.005,10223344
"12",335.666,12.9384049774,355891,11.2055637,13.6572693,31.6,5.93272,407.1196973,"4",38.1245003,21588.381967,6.1246,421.5567,57.41,"1","1",71.43,30459,100,1699.052483,68.43,25.6079,9.177,4.5417,3.4102,471.66946,965700000,13.61,73.918,396914
"13",185.709,5.0246519676,1360880,12.006818,10.6416642,29.8,6.173,776.3237932,"4",35.4706692,39498.7672,9.6917,670.3332,53.7,"2","1",66.43,25533,100,2453.155914,79,25.9708,11.6737,4.719,3.1518,615.72601,4303600000,7.52,77.292,1748295
"14",35.449,77.60098,97687737,10.2542749,9.2910122,3.6,5.28,117.31,"2",32.38527,4099.253,2.414,109.03,35.19,"0","0",39.76,38814,1.4,88.03535581,51.7,41.3033,9.83300000000001,4.852,2.8052,63.223766,2.2242e+11,34.26,72.591,166303494
"15",24.359,18.457549204,273417,10.5051944,13.7144681,23.1,5.9499,426.0332986,"4",39.6735776,11995.1868,5.806,430.5773,50,"1","1",57.5,26768,100,1233.55044,66.8,25.2271,9.5582,4.9005,3.4277,557.15704,1e+07,13.59,79.19,287708
"16",102.124,1.027703,8948708,8.0120648,7.5475883,24.5,5.821,571.14001,"3",25.27785,18727.3176,7.59,646.27,43.52,"0","0",46.9,33783,100,1084.619757,74.4,27.4711,10.8458,5.2084,5.4134,374.66376,1.24e+09,7.34,74.791,9442867
"17",942.309,0.292606,11217825,5.6681222,3.4641042,22.1,6.839,1490.91,"4",27.21441,39756.2031,26.85,1457.53,47.22,"2","1",61.9,19878,99,4782.361046,87.9,15.27,18.47,5.84,5.64,840.12659,42025200000,4.12,81.628,11632334
"18",128.263,38.11414,325156,9.9988558,15.1836179,24.1,5.956,268.57999,"3",53.26277,11833.490419,5.0588,264.03,66.67,"1","2",71.55,31420,25,523.7288925,58.3,29.4943,10.053,4.7225,3.3371,118.64302,3.19e+09,19.67,74.623,404915
"19",3.382,89.63388,2083463,7.3902467,6.9945431,9.6,4.408,82.610001,"1",47.75591,2220.1766,1.44,82.42,38.89,"1","1",45.6,65706,9,84.46045434,43,35.8052,11.4106,5.2114,2.7185,34.203602,4.702e+10,89.8,61.771,12451031
"20",742.909,25.54418,5394527,6.950181,8.9480019,20.2,5.559,406.41,"2",41.64937,6695.7746,7.63,416.29,56.48,"1","2",62.26,44087,42.7,445.8226242,59.2,34.0128,9.62660000000001,4.7455,2.355,115.56576,2.114e+10,32.44,71.513,11832936
"21",336.502,3.633199,3352091,7.9595233,6.909738,17.9,5.516,585.77002,"3",33.03019,10460.5201,9.79,605.42,35.19,"1","0",40,24000,59.2,1101.792914,78.2,23.8349,10.1377,5.2685,5.1282,315.49902,5.03e+09,7.04,77.401,3263459
"22",8.93,60.1921,1400631,7.5742542,9.4738462,18.9,3.471,232.69,"3",53.32503,15842.1301,1.97,290.39,53.7,"0","2",57.62,61513,40.289,969.9563729,51.1,31.528,9.0376,5.1266,3.2106,51.02795,3.52e+09,25.14,69.592,2397240
"23",743.068,12.98858,170536625,7.7976249,8.682263,22.1,6.11,602.28998,"3",53.42883,14033.5656,3.05,563.57,60.65,"1","0",56.61,31632,100,1391.52257,64.9,37.3174,9.87620000000001,4.7212,2.3,393.65927,2.44e+09,20.19,75.881,213993441
"24",6.857,8.9850170954,14259258.65,9.2080746,9.676519,14.1,6.17251,618.905396,"4",35.6956222,30613.473161,7.8575,555.0284,79.63,"0","0",82.14,22941,100,2083.430502,70,26.6475,9.7142,5.2441,3.7422,125.25507,3798700000,9.97,75.86,441532
"25",167.088,9.337595,6173072,8.4220956,6.8991835,25,5.598,569.5,"3",41.2841,18444.2602,7.95,478.49,62.96,"2","1",57.14,28771,87,1491.868089,71.4,26.0533,9.7249,5.2079,4.6728,711.14771,2968300000,8.56,75.046,6896655
"26",3.205,89.96324,3567793,7.3630174,5.4645982,5.6,4.741,83.839996,"1",35.30123,1589.6242,1.64,83.83,13.89,"0","2",28.69,70891,1,96.10067087,42.9,40.3995,11.1717,5.2984,4.0831,34.698746,1.0803e+11,115.59,61.577,21497097
"27",0.084,97.167,4895650,4.2383366,4.0934194,5.4,3.775,54.34,"1",38.62482,651.3589,1.54,47.74,15.74,"1","1",14.29,80027,28.4,63.73553919,40.4,37.6385,11.1455,4.9874,3.0948,12.152169,4.981e+10,86.61,61.584,12255429
"28",16.048,66.43285,10458211,6.5496373,6.8660443,11.4,5.241,161.66,"2",46.64087,2888.0459,2.35,160.24,30.56,"0","0",39.29,77369,2,162.8401984,44.4,40.063,11.164,4.9573,2.485,113.57147,9.525e+10,78.71,59.292,27224262
"29",264.982,0.4973831,35776913,6.2295715,4.7614839,29.4,7.025,1745.0699,"4",33.30821,44868.7435,23.48,1700.77,60.65,"1","1",62.5,18838,100,4600.088285,87.6,19.67,11.6,2.93,2.5,670.91956,30934500000,5.81,82.434,38067913
"30",169.068,32.42308,384763,9.0616702,8.0251263,11.8,5.52596,243.34,"2",42.38109,6831.216,3.9795,243.33,59.26,"1","2",57.26,31195,38.854,310.4060324,61.7,32.7228,10.0818,5.2386,3.5839,71.923409,8483800000,23.31,72.981,561901
"31",12.837,93.04771,991050,7.9801102,7.6084099,7.5,3.476,73.720001,"1",56.23661,623.4889,1.72,73.72,24.07,"0","0",28.45,97115,6,31.85577603,28.6,36.0562,11.1599,5.0442,2.9978,12.615376,2.319e+10,131.1,53.283,4919987
"32",5.844,83.21726,1695139,7.893766,6.1519716,6.1,4.251,98.139999,"1",43.32121,2046.3631,2.24,98.14,25,"0","1",32.98,94563,5.002,99.77119413,37.7,37.1772,10.831,4.9526,2.7285,56.241741,2.234e+10,122.75,54.239,16914985
"33",733.723,1.807866,17602817,10.1604348,10.825427,28,6.151,727.16998,"4",44.44094,22104.7654,7.17,720.4,59.72,"1","0",69.7,21333,93.1,1903.118645,76,19.48,2.99,2.62,2.11,613.57904,3.4e+08,7.88,80.181,19212362
"34",3.293,17.94347,1048983300,9.8981826,7.6439389,6.2,5.771,332.12,"3",35.6143133,13101.7064,1.78,287.7,79.17,"1","2",75.89,24811,96.9,762.2437789,74.2,41.2174,10.3052,4.9493,4.34,246.86253,7.943e+10,13.16,76.912,1444216102
"35",600.693,22.39919,39113473,8.3281758,8.7073733,22.3,5.709,431.25,"3",51.33497,13545.0495,5.42,450.73,41.67,"1","2",53.57,27188,87.7,852.8121654,67.8,29.2578,9.219,4.765,1.71,156.01645,4.45e+09,15.61,77.287,51265841
"36",8.05,60.2145,278318,7.863303,8.0245183,7.8,4.609,180.10001,"1",45.33459,1724.4206,3.89,246.86,44.1706,"0","0",47.8778,59673,29.473,121.0422012,47.7,34.7114,10.9641,5.4543,3.6265,90.556938,2.28e+09,50.19,64.321,888456
"37",16.672,90.04419,749347,7.7231127,7.6175358,9.6,5.213,117.42,"2",48.93867,5714.5917,2.75,117.41,51.85,"0","0",54.17,70611,18.871,202.6585841,43.5,36.6378,11.0422,5.3025,2.6017,88.853043,9.32e+09,59.9,64.57,5657017
"38",260.889,10.59034,4543420,8.8486617,8.9133927,25.7,6.998,731.75,"3",48.18792,14686.2539,7.04,676.06,54.63,"0","1",61.67,23017,100,1286.462817,72.9,24.3354,9.17120000000001,4.6278,1.13,276.40625,3.3e+08,8.8,80.279,5139053
"39",4.625,68.84484,5199406,7.3379487,6.312889,10.3,5.257,116.93,"2",41.4748,3713.6436,2.41,119.31,20.37,"1","2",35.71,88856,1.2,189.6011903,42.4,36.5032,11.063,4.9174,3.0988,68.291847,5.166e+10,94.67,57.783,27053629
"40",114.487,5.311003,4077496,8.3590648,6.3176757,24.4,6.508,569.42999,"3",29.72947,22012.3147,9.62,524.49,33.8,"1","1",45.89,24063,97,1656.426156,81.6,24.4256,10.6423,5.1183,5.8614,251.05083,8e+07,4.59,78.488,4081657
"41",11.301,7.0220099077,10682055,7.2850055,9.5670743,24.6,5.418,672.3752943,"3",38.6026547,8325.6313,6.7034,578.4211,65.28,"0","2",71.13,25180,100,1395.485199483,73.5,26.0132,9.035,4.8888,3.1676,443.51151518,2.01e+09,5.71,78.802,11317498
"42",28.542,0.05130247,1160985,8.2802862,5.6710975,21.8,6.26,1319.55,"4",32.73986,27184.4166,16.2434,835.13,40.74,"2","2",57.74,15789,65,2136.797759,85.3,22.2208,11.7273,5.1341,3.7836,937.77203,6500500000,3.2,80.982,1215588
"43",3.394,95.51018,21868430,6.2299002,6.064558,6.7,4.311,46.470001,"1",42.09971,859.3817,1.4,45.83,37.96,"0","1",33.57,92831,10,33.97361777,40.4,44.8613,11.1194,5.0215,2.7773,12.715207,5.183e+11,87.31,60.681,92377986
"44",122.406,0.1710614,5660749,5.3713457,3.2946986,19.7,7.515,1588.9,"4",28.16634,46312.3443,26.44,1492.02,38.89,"2","0",56.55,20451,100,5083.20928,85.7,26.0033,18.23,6.22,2.5,697.55823,19533700000,4.05,80.898,5813302
"45",61.741,66.70957,439594,8.6408121,7.5921335,13.5,4.369,154.5,"2",41.58799,3295.6815,2.8679,147.67,54.63,"1","0",48.93,64677,30,146.6987696,44.7,33.1447,10.7602,5.4251,2.7679,29.903355,6.23e+09,48.82,67.112,1002197
"46",205.201,18.58065,8843851,8.6348075,11.4407357,27.6,5.168,471.82001,"3",41.91857,15912.3995,6.66,377.03,63.89,"1","0",73.21,29597,26.5,873.1177009,62.5,31.7416,8.4224,4.1826,2.1435,381.37183,3.73e+09,33.13,74.081,10953714
"47",713.482,17.05914,13674280,7.4656134,8.4553857,19.9,5.354,421.89999,"3",45.71153,10638.8251,4.68,361.21,60.19,"1","2",67.38,29357,22.8,980.2299724,61.2,29.6037,8.23510000000001,4.7325,2.1272,428.47943,2.73e+09,19.01,77.01,17888474
"48",60.801,75.18362,88807929,15.9915285,19.8157674,32,4.472,183.12,"2",31.53395,11957.2122,3.8977,268.1068,43.52,"1","2",44.17,35784,51.1,495.1650809,61,29.4058,8.50650000000001,4.2633,2.2773,306.79916,1.337e+10,20.39,71.99,104258327
"49",148.315,41.0972,4734359,9.3025743,10.6596175,24.6,5.462,311.87,"2",38.77876,8598.1982,5.42,302.99,32.41,"1","0",43.21,36007,21.6,578.4609406,64.4,32.6816,9.26960000000001,4.7553,2.6365,161.16724,3.15e+09,13.49,73.317,6518500
"50",59.16,50.57124341,875665,9.4867882,9.1859882,8,4.80147,253.05729936,"3",46.1431435,28528.953,4.2849,235.2616,48.68,"0","0",54.8354,82201,37.178,789.5788502,48.4,34.6541,9.92160000000001,5.2869,2.3419,568.37732,8.8e+08,59.16,58.735,1449891
"51",55.03,0.7833411,1278576,7.7077688,6.5439834,21.2,6.453,885.83002,"4",30.32145,27408.6649,11.07,701.86,23.15,"0","0",34.52,26242,92.9,1886.814387,81.4,22.77,10.45,5.15,4.69,429.6655,2934400000,3.18,78.745,1325188
"52",12.569,87.36121,27964449,5.7992061,5.0238509,4.5,4.549,110.12,"1",34.99312,1838.4903,1.8,87.56,43.52,"0","0",52.14,54964,28.333,65.60194586,44.2,44.1065,11.3749,4.9495,3.2749,24.804361,3.9209e+11,60.58,66.597,117876226
"53",2.231,28.74499,812748,15.946039,18.8754833,30.2,5.05649,227.06,"3",36.6966,14213.119705,4.49,238.97,86.11,"1","2",80.36,39681,100,331.3576231,46.6,29.6126,9.9992,4.429,2.9003,70.953873,1.428e+10,27.9,67.444,902899
"54",63.891,0.09872849,5348022,6.4035424,4.3160987,22.2,7.889,1501.48,"4",27.32977,38896.7005,26.06,1501.11,38.43,"2","1",50.3,19843,100,3996.436879,89.6,44.84,19.69,3.84,3.28,794.92712,65639400000,2.4,81.908,5548361
"55",544.493,0.0396873,65757955,7.4588522,4.425538,21.6,6.714,1621.01,"4",32.38069,38515.9193,24.69,1597.81,60.65,"2","0",68.45,19104,99.9,4542.307106,87.9,45.55,14.4559,4.8402,5.98,308.73276,112231700000,4.25,82.659,65426177
"56",24.262,32.0472,808743,10.0069996,9.9846067,15,4.914,295.5,"3",38.02437,17613.5564,3.63,210.08,67.59,"0","1",63.57,58498,57.6,480.8514802,51.4,33.4519,9.7418,5.1323,2.9637,124.56293,3.29e+09,40.51,66.467,2278829
"57",49.241,73.06253,1164801,9.4400826,7.9299876,10.3,5.164,149.91,"1",35.91883,1882.2399,2.45,97.16,24.07,"0","1",42.26,62697,99.9,114.0747188,49.7,34.1574,11.2076,5.3305,3.3429,23.163185,2.127e+10,51.2,62.05,2486937
"58",63.422,28.6450927377,3207857,13.278765,12.0605641,21.7,5.123,237.52,"2",35.94862,11984.9049,1.89,200.07,64.81,"1","0",66.55,29323,25,717.7162423,62.1,28.3146,8.9912,4.946,4.0644,411.42606,3.98e+09,12.34,73.767,3979773
"59",121.539,0.2406784,81033118,6.0163501,3.9049721,22.3,7.312,1637.79,"4",31.87067,46177.6187,26.39,1605.69,59.26,"2","0",67.86,19224,100,5356.811177,86.4,37.31,16.5983,6.1,8,671.1239,75512600000,3.88,81.326,83900471
"60",10.17,60.90227,4109840,6.4065812,6.6002139,10.9,5.319,199.55,"2",43.52088,4267.0667,2.23,131.42,42.59,"0","0",43.57,58375,73.9,249.328504,49.7,40.2923,11.4701,5.1791,2.7361,90.020622,1.4816e+11,62.76,64.074,31732128
"61",56.893,2.895735,10712674,7.2485658,6.015919,24.9,5.788,662.25,"4",32.89121,23450.7658,12.85,680.16,48.61,"2","2",58.99,19627,100,2204.354384,87,25.76,10.1413,6.07,4.21,781.69025,10574500000,4.92,82.239,10370747
"62",204.571,45.00441723,10385302,8.933383,10.3592865,21.2,6.262,259.89999,"2",48.27859,7402.1146,5.51,257.19,52.78,"0","2",57.5,37079,30,443.9018463,55.7,35.1255,9.62560000000001,4.7448,1.9226,247.54504,4.64e+10,26.83,74.302,18249868
"63",5.406,90.28445,2430398,6.7504811,6.0544232,7.7,4.768,87.300003,"1",33.7297,1606.4666,2.53,87.3,62.04,"0","0",67.62,72518,0.2,57.19135929,38.6,40.1033,11.3248,5.123,2.835,31.166372,1.3984e+11,103.06,61.602,13497237
"64",20.833,92.62132,368269,7.3624409,6.8439213,9.5,4.2078,69.18,"1",50.66424,1501.4136,2.01,69.18,35.9811,"0","0",42.7033,83441,1.6,100.2957262,36.3,35.0478,10.486,5.1062,3.2591,37.274281,1.847e+10,80.62,58.322,2015490
"65",151.292,39.30348,643246,9.0633936,12.596474,20.2,5.993,202.89,"3",45.11814,10372.959245,4.1488,202.89,60.19,"1","1",68.81,55470,23.8,336.1484296,49.8,31.287,8.9603,5.0167,3.4379,136.16254,1.79e+09,28.64,69.906,790329
"66",20.346,82.16744,2956253,8.5517711,8.7666628,22.7,3.615,104.7,"1",41.10377,1729.0432,2.15,104.7,53.7,"1","1",63.21,61717,3.1,120.1457421,38.5,33.9214,10.3128,4.8619,2.5214,43.579815,5.685e+10,63.54,64.001,11541683
"67",266.442,48.85315,7401645,8.4891994,9.972857,21.4,5.93,239.57001,"2",48.16817,5041.6354,6.43,236.33,76.85,"1","2",72.38,33106,12,353.3645701,53.9,36.2021,9.73340000000001,4.814,1.9488,173.59322,3.594e+10,15.92,75.27,10062994
"68",163.348,3.021302,9646167,8.9001676,6.6882506,26.4,6.038,650.71997,"4",29.61204,25622.8123,9.59,568.43,27.78,"0","1",44.05,28707,100,1912.069053,79.6,16.86,11.8,5.68,7.02,555.2157,10524400000,5.23,76.875,9634162
"69",32.234,0.01792546,326845,7.6316878,4.1564257,21.9,7.575,1527.02,"4",26.13158,43438.5412,22.7,1413.36,41.67,"2","2",51.79,17257,100,4116.171894,93.6,22.96,29.55,7.74,2.91,700.42822,8179100000,2.46,82.993,343360
"70",86.963,71.48567,518385376,9.053893,8.3259159,3.9,4.225,111.83,"2",38.1565443,6806.4986,1.91,111.83,70.83,"0","1",72.68,47950,12.5,237.7234161,44.8,44.6795000000001,10.0644,4.8044,0.53,154.66501,3.9127e+11,40.83,69.656,1393409033
"71",49.4,71.30388,156962565,7.4193282,7.9842802,6.9,5.347,190.66,"2",39.1624889,11851.7372,1.85,163.97,68.98,"1","1",72.44,36015,59,369.2864404,49.2,44.4183000000001,10.6506,5.0915,1.04,189.93916,9.857e+10,29.15,71.716,276361788
"72",396.45,10.49139,71424438,11.3852069,12.860293,25.8,4.865,493.39001,"3",42.0033,17011.3042,4.3716,504.64,74.54,"1","1",67.08,30911,90,1261.730503,71.1,29.0131,8.4967,4.125,2.4598,500.40799,3.48e+09,15.91,76.677,85028760
"73",266.617,50.81578,30914996,17.2299941,17.4914421,30.4,4.785,178.81,"3",29.54186,12835.8126,4.0088,261.7731,75.93,"1","1",69.35,38798,57.208,481.0398448,60.1,33.9932,9.70830000000001,4.2545,2.4842,367.85107,1.166e+10,25.65,70.604,41179351
"74",382.762,0.3353735,4232536,7.3088405,5.1438133,25.3,7.035,1408.09,"4",31.3598,64684.302,20.33,1248.55,48.15,"2","2",62.5,19319,100,5334.947576,88.4,17.89,14.76,4.82,2.96,809.01556,17309200000,3.73,82.305,4982904
"75",286.868,0.9977683,8380100,7.0922374,5.7613617,26.1,7.195,1097.22,"4",39.01302,32954.7701,13.76,936.83,52.78,"2","1",61.31,17719,100,2819.111414,85.5,9.58,7.41,4.37,2.99,686.99359,8350100000,3.85,82.972,8789776
"76",623.534,2.472911,60426929,7.0540891,4.6222522,19.9,6.488,1227.58,"4",35.928,34364.1682,20.72,1208.21,75.46,"1","2",81.55,16957,100,3350.575515,88.7,17.56,7.44,6.55,3.18,765.02649,14640200000,3.5,83.512,60367471
"77",66.19,52.39908,2349242,9.2817333,14.4098648,24.7,6.309,366.34,"3",45.45747,7272.9805,4.07,368.03,66.67,"0","0",75.36,32646,20.1,511.3773951,63.7,30.8386,9.0132,4.7503,3.766,121.21803,1.8e+08,15.6,74.475,2973462
"78",13.678,1.616443,127141000,8.3588827,5.0036277,4.3,6.118,1212.01,"4",32.85473,38673.8081,20.4727,1211.9,50.46,"2","2",50.65,15700,100,4405.131829,89,66.39,13.7106,5.5101,13.05,576.96307,136232600000,2.76,84.629,126050796
"79",65.47,19.90089,9031072,16.510798,17.1804625,35.5,4.094,331.66,"2",33.65573,11506.3383,4.6884,334.5102,51.85,"1","0",53.33,30626,75,568.122532,76.5,26.4051,9.4586,4.0088,3.4061,142.87909,3.763e+10,14.91,74.526,10269022
"80",118.285,1.16534,17105523,12.3560972,11.3681004,21,6.168,340.60999,"3",27.79287,25307.5554,4.9,364.64,57.41,"0","0",51.79,42084,70,903.3240914,61.1,27.2169,9.0419,4.8225,5.0684,350.55191,4.23e+09,15.82,73.597,18994958
"81",17.37,78.95827,14218114,5.8172238,6.1624503,7.1,4.547,100.36,"2",40.77577,3377.4704,2.39,124.39,62.96,"1","0",64.76,62578,39.4,157.1920959,48.7,43.5303,10.6884,4.9073,2.0673,52.449409,1.9222e+11,48.15,66.699,54985702
"82",177.026,5.4667187176,3935794,19.6593654,19.6190961,37.9,6.106,738.8113972,"4",33.7894555,65520.7367,10.6645,770.7605,49.07,"1","1",58.33,22687,100,2977.514144,82,24.9022,10.9907,4.4319,3.5561,428.12521,8332900000,8.36,75.489,4328553
"83",174.428,57.584,5557788,9.9323155,10.8247126,16.6,6.25,161.92,"2",29.70122,5176.9883,3.88,160.46,57.41,"1","2",58.33,39969,83,286.577877,60.4,30.1752,9.58230000000001,5.1815,4.1822,138.24355,2.132e+10,22.07,71.45,6628347
"84",33.4,2.62944,1736269,7.8315259,6.5982073,23.6,6.229,706.84998,"4",35.09615,24312.6778,8.26,545.57,41.67,"0","0",45.83,29932,70,1429.309665,77.7,32.44,9.8,6.18,5.57,594.9317,6499800000,5.54,75.292,1866934
"85",86.441,6.4945691204,4722144,14.4658527,12.2357376,32,4.024,705.17999,"3",31.83245,12558.9669,7.781,677.8642,65.74,"0","1",68.81,20828,48.3,1117.255973,80,23.3994,10.1803,4.4615,3.6709,358.2995,2.968e+10,7.81,78.93,6769151
"86",20.072,76.94296,658917,7.3050801,9.8530791,16.6,3.512,75.699997,"2",44.8797,2731.4661,1.76,75.72,60.19,"0","0",60,99421,17.6,251.1429737,35.7,32.966,9.1193,4.9128,2.3082,42.327137,2.32e+09,76.76,54.331,2159067
"87",16.213,97.57058,760436,7.7892159,7.6008282,9.9,5.121,83.059998,"1",35.26546,818.4211,1.75,54.42,46.3,"1","0",59.29,62373,19.801,127.7707491,45.4,39.6675,11.4054,5.2968,3.1342,25.088203,2.1117e+11,78.9,64.104,5180208
"88",118.173,19.494976153,6022967,15.1971092,16.5917053,32.5,5.33,377.4653969,"3",37.6286404,15013.3124,5.1305,393.8522,72.22,"0","0",63.21,28906,79.914,1100.007137193,69.9,26.5479,8.7903,4.33,2.5092,230.01372,1e+07,14.6,72.913,6958538
"89",26.221,17.164652721,10261349.38,8.57735665900001,9.275163336,22.351,5.82978,530.5637983,"4",45.4949444,19563.826193,6.92689999999999,468.2364,44.44,"0","0",52.5,28733.4,95,1188.044829866,66.029,31.6487,9.51470000000001,4.8128,1.9461,315.77322728,5939400000,16.1041,82.494,38254
"90",51.795,2.856601,2684137,8.9232895,7.0877929,26.3,6.391,756.90002,"4",35.70781,27370.5548,9.16,601.98,29.63,"2","2",48.81,30215,95,1874.615864,76.6,32.88,9.28,5.28,6.56,601.2337,9775200000,5.17,75.933,2689862
"91",234.833,0.4126038,555934,6.9729089,3.9014333,22.6,7.404,2113.2,"4",35.36809,57427.5003,32.39,2155,37.96,"1","0",51.79,18648,97.6,6381.507524,89.3,16.45,24.27,4.19,4.51,679.28198,32315400000,2.37,82.25,634814
"92",8.812,96.73974,2908091,6.3172086,4.780814,5.3,4.339,46.939999,"1",42.64818,1427.6004,1.62,46.66,53.7,"0","0",51.79,54971,3.7,76.74339356,43.7,43.9157,11.7325,5.2221,3.2935,16.622654,1.1243e+11,78.11,67.041,28427333
"93",9.566,92.84431,7205179,6.6198552,6.0038419,5.8,3.869,61.68,"1",44.69431,1116.6402,1.27,57.94,42.59,"1","1",56.55,70678,19.222,108.1896442,47,43.1113,11.0049,4.9066,2.6421,11.881274,1.6338e+11,70.85,64.263,19647681
"94",7.353,2.754231,29494229,11.4416249,10.7315988,15.6,5.428,850.15997,"3",41.0664,24842.3559,3.38,627.05,80.56,"1","2",80.71,29765,100,1063.888395,66.6,27.7965,7.9642,5.0868,3.4958,370.69351,6.2e+08,7.79,76.156,32776195
"95",68.45,2.729918,400571,11.063976,10.7239682,8.6,5.198,198.52,"3",31.28565,27907.239562,5.3997,198.52,57.125,"1","2",64.1746,25036,30,1513.882431,75.5,29.6671,11.0866,5.3136,3.9804,247.58975,1.06e+09,8.47,78.921,543620
"96",6.716,90.62164,4314573,8.3645204,6.3847485,8.6,4.988,72.610001,"1",33.03796,1667.2951,1.82,73.1,8.33,"0","0",30.71,75910,1.9,118.4518361,45.6,40.1206,10.9812,5.0217,3.1902,54.852081,1.3294e+11,127.42,59.306,20855724
"97",124.564,0.3113678,431874,9.0493557,6.3757008,28.9,6.157,1294.25,"4",28.66509,32028.9124,17.4951,997.6939,75,"2","1",80.12,19507,100,3470.896993,85.1,23.26,12.335,4.8033,4.2632,1287.7975,7092100000,6.56,82.53,442790
"98",35.056,68.03631,1672936,8.4635263,9.4024279,12.7,4.153,174.63,"2",32.61935,3457.515,3.7,175.37,36.11,"0","0",43.57,58285,6,177.0806661,52,34.8755,10.412,5.2266,3.3732,85.419205,1.33e+10,49.27,64.925,4775110
"99",7.863,12.04238,1175485,12.8618866,13.0882746,10.8,6.015,351.48999,"3",36.76121,20138.5723,5.0644,351.49,51.85,"2","2",61.07,30076,100,1098.625455,65.7,28.579,8.6859,5.3235,4.0787,556.64081,1.8e+08,14.74,74.991,1273428
"100",696.596,17.93763,107259089,10.869791,11.5297297,28.9,5.964,415.89999,"3",45.37549,16494.079,8.02,341.5,67.13,"0","1",64.88,26763,85.6,1008.676198,62.6,37.51,7.54000000000001,4.1845,1.38,417.28952,9.6e+08,17.38,75.054,130262220
"101",423.901,4.655106,2715339,7.7593317,8.4339062,18.9,5.812,286.64999,"2",25.66165,6746.7285,4.86,284.48,33.33,"1","1",48.93,35472,75.7,515.3230735,73.1,26.7099,10.2235,4.8768,4.4206,238.01622,1.13e+10,16.36,71.901,4024025
"102",25.482,13.1290819194,38307,8.51418576000001,8.757882716,20.953,6.21785,719.8111953,"4",41.1101991,41546.641385,11.3132,728.5785,37.04,"2","0",53.57,24834.77,88.0150000000001,3406.868928,75.24,31.7178,10.5635,5.1088,2.3976,206.57016,5240700000,10.4869,86.751,39520
"103",437.855,14.87213,596650,7.5727608,6.6484069,23.3,5.722,441.22,"3",38.48795,19504.1588,6.06,441.22,42.6395,"2","1",50.0702,26702,95,957.0148208,80.7,23.3282,9.8626,5.4931,5.0134,304.52347,9e+07,4.26,76.884,628051
"104",93.334,13.70442,26694148,14.0416698,13.3969031,26.1,4.803,305.10001,"2",39.54851,8451.1355,2.55,238.74,66.67,"1","0",64.17,38061,42.3,435.2900287,61.3,33.199,8.8498,4.1753,2.3389,231.06967,3.89e+09,21.93,76.68,37344787
"105",2.848,90.62317,5742192,6.5621686,6.1720894,7.2,4.932,81.559998,"1",53.99668,1132.7709,1.45,59.56,53.7,"0","0",57.26,88491,10.792,63.74393076,43,43.6841,11.1065,4.9465,2.726,4.3641877,2.3915e+11,79.13,60.854,32163045
"106",21.081,51.92937,41713321,6.9114952,7.8750752,5.8,4.431,172.39,"2",30.69687,5838.2173,2.6734,150.9735,66.2,"1","2",66.13,48793,41.298,267.2280328,48.4,40.3457,10.5244,4.995,2.437,197.51004,9.451e+10,48.97,67.134,54806014
"107",52.343,45.98487,834393,7.3191306,7.5376131,17.2,4.451,342.70999,"3",59.06661,9043.1202,2.14,237.07,44.44,"0","0",57.26,48404,28,942.4741866,53.7,34.6733,9.8417,4.8829,2.0106,78.47451,4.04e+09,43.6,63.708,2587344
"108",30.065,72.0897,13124577,11.6872047,9.4862663,4.1,5.449,119.01,"1",32.84059,2727.4238,2.2,119.01,68.52,"1","1",69.52,43324,0.1,150.5903691,50.8,40.6687,9.9198,5.073,1.9466,90.96965,9.946e+10,32.46,70.778,29674920
"109",416.227,0.3128131,16550305,5.1717566,3.5314209,20.4,7.504,1585.92,"4",28.12108,47474.1095,26.31,1496.93,41.67,"2","0",51.79,18770,98.9,5313.243391,89.5,31.81,11.74,4.54,3.32,650.96637,53967400000,4.27,82.283,17173094
"110",5.184,1.1764655363,18805901.09,7.9042936,5.9634449,30.8,7.257,1305.04838751,"4",33.6689667,35336.1363,20.2474,1220.1482,22.22,"1","2",35.48,18742,100,3530.096913,86.2,33.92,11.58,3.5,2.61,422.60583,20339100000,4.96,82.288,4860642
"111",23.549,27.84136,4129702,9.2258635,10.9731792,23.7,6.113,329.39001,"2",46.15629,4952.4772,4.49,288.89,2.78,"0","0",21.55,33239,12.2,405.9922707,64.3,31.3941,9.65730000000001,4.6431,2.1116,146.10959,1.948e+10,17.19,74.485,6702379
"112",2.85,91.94135,2168769,5.9408535,5.3203077,5.5,5.004,78.699997,"1",34.27658,964.6601,1.86,77.62,19.44,"0","2",33.1,70093,3.1,68.46968478,41,38.8492,11.1854,5.0076,3.3382,35.789703,6.702e+10,112,62.42,25130810
"113",5.506,89.12486,52542706,6.299279,6.0017798,8.9,5.503,75.860001,"2",35.12774,5237.6623,1.65,75.86,43.52,"0","0",39.52,84764,2.2,215.223799,51.3,43.6273,10.9471,5.0271,2.737,155.4747,6.9788e+11,109.47,54.687,211400704
"114",51.649,0.4563593,5090023,6.2257413,3.8782065,23.1,7.29,2162.8799,"4",27.55783,84580.1362,35.12,2000.46,38.89,"2","0",51.49,19615,100,6221.641638,90.5,24.9401,26.34,6.46,3.6,887.98853,3.634e+10,2.87,82.404,5465629
"115",235.576,10.6383922047,4061216,14.3323602,12.3150791,27,6.853,640.4011945,"4",34.8897123,36477.6365,7.9389,593.6904,50,"0","0",47.38,27260,97,1635.870769,77.1,25.5722,9.894,5.012,3.8551,104.14493,2.5e+08,11.28,77.861,5223376
"116",30.599,75.2726,120256626,12.5771361,12.1315271,8.6,4.443,150.3,"2",31.60009,5510.3967,2.05,134.53,66.67,"1","2",68.45,50534,26.6,134.4414606,43.1,40.9812,9.91540000000001,4.7782,2.3647,89.383614,2.0375e+11,58.47,67.273,225199929
"117",614.17,19.78807,2976937,8.9030156,9.7735384,22.7,6.086,747.06,"3",49.83834,22637.1482,6.96,630.31,70.37,"1","2",74.76,27476,51.8,1542.796273,64.4,28.3365,9.4003,5.0159,2.8462,470.90369,3.23e+09,18.62,78.506,4381583
"118",0.782,74.5387439,1496847,15.357027,14.3210734,21.3,4.24388,96.879997,"2",41.85079,5166.546043,1.92,97.63,49.07,"0","0",54.17,59322,23.388,98.58088454,38.6,36.6569,10.4589,4.9171,2.2254,5.6810246,6.417e+10,57.46,64.501,9119005
"119",186.049,15.44793,5882259,8.0133105,8.2721305,20.3,5.653,520.39001,"3",45.65064,9338.9484,6.32,570.91,49.07,"1","0",57.86,30862,23.6,724.3116252,60.4,31.9599,9.26600000000001,4.9045,2.5998,264.27051,5.62e+09,15.52,74.254,7219641
"120",1038.977,22.43048,23909023,7.2325752,8.0752417,19.7,5.999,401.73999,"3",41.5109,12310.0847,5.52,424.12,67.59,"1","1",69.4,26911,64.4,671.0036469,69.6,33.2758,8.3242,4.6819,1.8248,207.45259,9.5e+09,17.16,76.736,33359415
"121",64.363,64.24689,75168389,7.0508844,7.272278,6.4,5.08,227.03,"2",37.81171,8139.1395,2.44,174.02,63.43,"0","0",68.27,41446,82,322.7779997,52,40.7757,11.468,5.1818,2.5604,172.83017,9.55e+10,29.4,71.231,111046910
"122",121.94,0.449238,36922792,8.394709,6.9763247,23.1,6.139,543.27002,"4",30.23947,27455.237,8,508.95,38.89,"2","2",46.43,25415,97.5,1704.195989,79.6,27.86,7.69,3.85,6.62,396.16248,12291100000,4.81,78.73,37797000
"123",232.526,0.9322764,10327002,8.4291863,5.2866095,20.8,5.768,816.5,"4",33.49256,27035.6002,12.81,763.76,58.33,"1","2",64.05,19815,100,2661.397049,84.5,21.84,10.5069,4.97,3.39,735.89484,22442600000,3.94,82.049,10167923
"124",79.832,5.3214240664,2431908,18.9393887,18.7735012,35.1,6.375,942.0219924,"4",33.8744577,153764.1643,12.1645,848.6622,50,"2","0",64.05,22923,100,3900.286232,85.2,24.4686,11.6639,4.5757,3.521,242.92445,10672900000,7.95,80.227,2930524
"125",341.725,11.02077,15674045,7.2931016,6.3776748,22.5,6.13,305.64999,"3",35.7615,20126.2922,5.24,266.57,38.43,"2","1",52.08,28496,94.3,1090.416516,74.4,25.7687,9.171,5.2655,5.6942,232.00484,13394500000,9.63,76.054,19127772
"126",182.198,2.541048,104037940,7.4159878,7.9515761,23.1,5.495,680.21002,"3",37.47301,24668.9079,8.3,786.43,30.09,"1","0",43.75,39906,88,1414.028282,71.7,29.1697,9.2084,5.1537,8.05,515.22107,16822800000,8.36,72.584,145912022
"127",2.702,91.14971,7163805,4.2869468,4.5413895,5.8,3.268,78.540001,"1",43.71005,1929.2851,1.46,82.57,54.63,"1","2",60,54160,91,143.1853392,47.8,40.6188,11.0527,4.9295,2.313,37.179249,8.313e+10,50.68,69.024,13276517
"128",1237.551,12.3009884664,11098964.31,8.783599889,7.802580694,21.387,6.15465,765.9650969,"4",40.2689588,38792.415706,11.822,766.0757,38.89,"1","2",45.83,23911.49,91.098,3674.645142,75.567,33.1329,12.2242,5.1048,2.6485,673.5119,16960500000,10.2781,84.972,34010
"129",68.443,81.26451,67857,8.3453454,7.7847396,12.4,5.00217,86.949997,"2",56.31984,3730.2045,2.73,86.95,44.7919,"1","0",50.8889,54670.16,2.1,308.3572367,49.6,33.2898,11.3102,5.4023,3.1869,35.996059,3.65e+09,34.06,70.385,223364
"130",153.071,12.076118527,31557144,17.6139625,17.0134147,35.4,6.56,638.3720948,"4",35.8970618,50304.7502,10.1375,704.154,53.7,"2","1",63.69,27174,90.127,3121.341632,79.4,28.4311,9.8196,4.1967,2.6119,467.57504,1e+07,8.23,75.133,35340680
"131",19.231,77.24802,7129049,7.5161234,7.3062892,8.8,5.489,95.980003,"1",40.28523,2617.1244,2.21,95.98,19.44,"0","0",39.64,53970,20.1,97.08918675,44.4,38.9475,10.8143,4.9448,2.8517,42.894653,8.352e+10,53.14,67.941,17196308
"132",117.274,23.87022,6839949,7.2703366,6.4741997,21.5,6.042,360,"3",30.35106,14124.1177,5.42,386.22,36.11,"2","1",55.36,28151,92.1,1323.690595,75.4,25.8122,9.5045,5.2923,5.135,537.25604,1.15e+09,5.61,76.001,8697547
"133",9.277,85.57656,962524,7.1035396,6.6353241,8.7,3.447,70.980003,"1",35.69018,1683.8497,1.91,70.84,43.98,"0","0",54.23,117683,0,256.3404367,41.3,39.5054,10.7366,5.141,3.6968,98.019753,1.4083e+11,117.82,54.696,8141343
"134",4.786,5.9862909494,5535002,9.3643048,6.542572,6.1,6.378,1275.8123946,"4",34.0655356,68402.3451,19.5419,1193.9769,47.22,"2","2",66.07,14354,100,3681.29594,86.3,36.977,14.8112,5.6968,5.6111,1161.4761,37043100000,2.12,83.62,5896684
"135",32.237,2.348883,5358715,8.1699695,6.3083978,20.5,6.519,678.90997,"4",24.97015,27075.5344,15.69,851.49,43.98,"2","2",49.7,25991,94.8,2061.950585,78.6,24.08,10.9837,5.1669,5.82,380.29736,3472800000,6.52,77.542,5460726
"136",92.355,0.01920434,2044959,7.2928867,6.9791175,20.2,6.462,1026.3199,"4",24.63336,29244.9198,19.37,1002.28,29.63,"1","1",44.4,21200,100,2733.762624,87.4,14.03,13.7853,5.1499,4.5,342.3797,4772800000,2.32,81.324,2078723
"137",6.544,89.3644839,2915110,7.4372867,6.2462293,8.3,4.668,79.42880055,"1",36.82241,1889.304377,1.8482,81.2020000000001,35.19,"0","1",45.36,89247,4.542,107.2507007658,34.2,37.2106,11.0482,5.0802,3.3728,42.365260847,5.67e+10,110.4,57.397,16359500
"138",321.251,61.10259,36527953,9.666581,12.631978,28.3,4.947,337.70999,"3",63.02607,12165.7948,5.62,358.24,51.85,"1","1",61.07,67514,100,1086.409415,52,39.0254,9.87430000000001,4.2201,2.32,83.637741,8.779e+10,35.87,64.131,60041996
"139",8.992,1.228063,51014947,9.3042505,6.7262088,4.7,5.793,1181.66,"4",31.40486,37927.6095,16.9677,1100.7892,50.93,"1","1",64.29,17921,100,2556.046343,85.8,30.4513,12.0559,5.4221,5.0008,940.44543,43250900000,3.54,83.033,51305184
"140",5.003,88.1487393,796103,7.25879222,6.457933477,7.797,2.817,98.300003,"1",44.14413,1648.576219,1.851,98.29,25,"1","0",36.07,80319,5.899,71.16543519,38.8,43.6761,11.5433,5.0588,3.6621,43.657784,1.1859e+11,111.26,57.846,11381377
"141",754.96,1.480493,46401249,8.5417676,5.6802586,23.8,6.502,1115.37,"4",34.71895,31496.52,18.63,1102.65,47.69,"2","2",54.46,16984,99.2,3182.544019,89.6,16.68,6.24,5.45,2.97,771.09918,8127800000,3.47,83.565,46745211
"142",0.887,45.437,19938666,7.0219834,7.712655,5.2,4.213,268.32999,"2",39.34577,11662.9064,2.6,228.33,81.48,"0","2",83.93,28527,100,353.1291505,72.8,34.2591,9.32380000000001,5.0493,2.2979,135.6982,3.374e+10,9.29,76.978,21497306
"143",19.088,81.57917,8906147,8.3090898,9.4724273,14.358,4.139,138.89,"2",34.2432,3379.5957,3.5,138.89,19.44,"0","0",28.93,59210,29.7,277.0008938,50.1,39.5445,10.4984,4.9092,2.1985,175.13531,1.0946e+11,52.66,65.311,44909351
"144",189.215,37.84439576,438141,10.946402,13.5358311,26.4,6.269,217.83,"3",57.60975,12948.964604,4.5705,217.41,81.48,"1","0",80.71,29901,42.897,1016.908901,56.7,31.2818,9.843,4.7428,2.7096,103.195,1.77e+09,31.56,71.682,591798
"145",585.983,0.3404294,9730592,5.8450484,3.9519066,20.6,7.314,1642.51,"4",29.97419,45541.8921,29.09,1534.88,37.04,"2","1",40.48,18308,100,5298.603868,90.5,26.3021,19.73,6.64,2.22,804.94183,33832400000,3.03,82.797,10160159
"146",222.887,0.02182594,8274114,5.2982009,2.8276539,19.5,7.508,2020.86,"4",33.14105,61372.7301,31.51,2013.28,40.74,"2","0",53.57,17679,100,7582.571519,91.8,33.25,18.1078,5.601,4.53,2149.3345,36893400000,4.04,83.779,8715494
"147",15.714,31.21549698,17929383,13.9683956,15.2886327,27.8,3.462,217.17999,"2",37.5146,3349.4597,4.0952,290.214,25.93,"0","0",29.05,43178,90,649.694937325,74.6,28.9993,8.9883,4.3598,3.3367,85.753609,1.105e+10,18.76,72.697,18275704
"148",8.493,34.01277,8121218,10.2708067,9.9071062,14.2,5.373,192.72,"2",33.99572,4440.3819,4.46,104.75,35.19,"0","0",39.29,42752,0.3,192.6961909,58.6,33.9149,10.2584,5.167,3.6435,121.52,2.398e+10,52.39,71.097,9749625
"149",0.352,84.53875,8405273,6.0174174,6.1468618,8.4,3.786,78.599998,"1",40.49123,2874.9629,1.44,81.08,16.67,"1","1",23.93,63043,13,96.49687717,49.9,43.765,11.0619,4.8554,2.8047,25.233082,3.1549e+11,65.16,65.456,61498438
"150",0.845,19.70135,63851568,8.2871193,8.7565508,10,5.885,477.04999,"3",34.85572,16648.6237,5.43,449.2,72.22,"1","2",69.05,28993,98,610.1700037,70.8,31.9499,8.42370000000001,5.1028,2.9112,75.361549,2.679e+10,9.55,77.15,69950844
"151",6.523,97.28955,860349,7.252472,7.0262178,8.4,4.179,82.519997,"1",43.05614,1451.3609,2.1,79.87,42.59,"1","2",50.71,71808,4,95.63100552,44.3,35.2174,11.2412,5.3068,2.9049,48.73756,1.644e+10,72.99,61.042,8478242
"152",75.742,7.340323,1244484,10.4106402,12.9583853,18.6,6.192,302.64999,"4",40.27296,28549.4083,6.8869,302.77,74.07,"1","0",69.17,38360,53.86,2204.137969,62.1,27.5888,9.7629,4.9517,3.3437,822.86584,5e+07,18.64,73.507,1403374
"153",83.174,13.31939,10326673,12.1266469,12.8581778,26.9,4.731,334.19,"2",32.81588,11353.8865,3.97,288.18,71.3,"1","2",69.76,26814,80,774.0570073,70.1,28.0623,8.0245,4.3377,3.2795,307.94397,4.34e+09,11.72,76.699,11935764
"154",117.976,6.668437,74279627,13.0451608,14.1696724,32.1,4.862,567.58002,"3",41.90911,19270.2202,2.82,517.27,50,"2","0",62.62,29027,86,995.9660375,76.2,18.9,7.407,4.1806,2.81,168.79961,2.16e+09,15.21,77.691,85042736
"155",2.252,81.69172,7667670,4.4017746,4.736887,5.3,4.641,96.959999,"1",42.75369,2045.4203,1.46,103.07,78.7,"1","0",72.14,74116,2,138.5283968,42.9,43.8284,10.857,4.8575,2.3145,56.105515,2.0389e+11,66.57,63.368,47123533
"156",150.685,16.313158087,43302714,7.4189136,7.1748896,24.1,5.27,350.12,"2",26.61947,9813.3637,5.94,384.28,50.93,"1","1",54.52,35121,100,469.4283772,72.7,28.3596,9.3336,5.1,5.0799,224.43942,5.127e+10,10.55,72.065,43466822
"157",48.734,11.0345652879,8934599,15.0211902,15.402467,31.7,6.458,679.415693,"4",25.96615,76397.8181,8.8267,651.472,65.28,"0","2",71.13,25546,100,2425.795649,72.2,25.8296,11.1927,4.5647,2.4134,431.54056,8217400000,7.75,77.972,9991083
"158",668.253,0.4246,64607830,6.6201465,4.9460228,27.8,6.798,1432.22,"4",35.14883,38058.0856,21.29,1350.13,43.98,"2","2",51.79,20376,100,4144.60079,84.6,28.82,14.1097,3.67,2.54,613.17255,38484300000,4.93,81.321,68207114
"159",684.958,1.499683,320896618,8.1696543,6.4363376,36.2,7.028,2096.71,"4",41.40784,55334.7394,21.7,1917.39,61.57,"1","1",67.86,22775,84,9535.945335,81.3,17.11,17.49,3.46,2.77,1056.9528,47144200000,7.37,78.862,332915074
"160",15.545,1.307074,3308016,9.1377699,9.7827532,27.9,6.31,825.67999,"4",39.67655,20185.836,6.92,764.05,55.56,"1","1",63.1,24820,97.2,1747.771686,72,21.415,9.3799,4.1993,4.2625,282.98938,2.1e+08,10.31,77.911,3485152
"161",16.642,47.2703630399999,31298900,10.4833885,10.7044365,16.6,6.154,62.200001,"2",35.2688,11220.3702,3.6244,57.5,63.89,"1","2",59.29,40253,100,382.8217102,62.3,30.3244,9.4194,5.0785,3.9255,163.58907,2.245e+10,26.73,71.725,33935765
"162",27.43,23.72071309,29410446,9.9360777,8.9778599,25.6,4.574,314.81,"3",44.7705,10709.9506,6.28,353.7,86.11,"1","2",78.21,29410,100,579.4147164,64.7,29.9221,9.47040000000001,4.4765,1.8547,265.49927,1e+08,17.12,72.064,28704947
"163",0.36,32.01523,71536374,5.5387413,5.1369106,2.1,5.467,287.04999,"2",35.71555,6814.1423,3.35,257.04,79.17,"0","0",78.39,29226,61,334.319988,66.3,40.3233,10.6113,5.2465,3.1376,145.36028,7.389e+10,15.2,75.4,98168829
"164",20.117,65.6865841,13277013,12.5919634,10.1444687,17.1,4.197,123.29,"2",36.70709,2284.8899,3.12,149.5485,37.96,"0","0",41.79,55241,42,144.4998841,49.6,37.5544,10.4559,4.9364,2.2152,116.98312,6.458e+10,46.98,66.125,30490639
"165",18.93,84.97017,7068158,6.4647059,6.6852064,8.1,4.838,90.860001,"2",57.13606,3534.0337,1.83,78.64,50.93,"0","1",50.95,76189,8.4,203.0385646,41.6,43.897,11.2134,5.1317,2.4962,55.894348,1.4342e+11,70.48,63.886,18920657
"166",16.282,82.59679,5806102,6.5137745,7.5606705,15.5,3.16,147.38,"1",50.25645,1611.4052,2.3577,147.38,73.15,"0","0",69.05,72784,1,182.2733538,48.7,39.1882,10.4658,4.9616,2.3985,47.00177,1.1784e+11,60.91,61.49,15092171
"167",237.838,0.188587,10451144,8.4406733,6.6159594,26,6.897,858.34998,"4",24.99034,30748.5084,12.98,799.89,35.19,"1","1",52.38,22380,100,2469.851757,84.8,24.35,11.54,4.14,6.63,366.23938,11673900000,3.26,79.376,10724553
