"","total_confirmed_deaths_due_to_covid_19_per_million_people","healthy_diet_cost_percent_cannot_afford","cost_of_calorie_sufficient_diet_2017_usd_per_day","healthy_diet_cost_percent_of_1_20_poverty_line","life_satisfaction_in_cantril_ladder_world_happiness_report_2019","age_standardised_diabetes_prevalence_male","cardiovascular_diseases_ihme_2017","meningitis_ihme_2017","prevalence_of_obesity_female_who_2019","kidney_disease_ihme_2017","diabetes_blood_and_endocrine_disease_ihme_2017","income_classification_world_bank_2017","gdp_growth_from_previous_year_2020_q2","gdp","national_poverty_lines_jolliffe_and_prydz_2016","percentage_contribution_of_deprivations_in_education_to_overall_poverty_alkire_and_robles_2016","multidimensional_poverty_headcount_ratio_alkire_and_robles_2016","all_causes_disability_adjusted_life_years_who_2015","beds_in_not_for_profit_privately_owned_hospitals_per_1_000_population_oecd","long_term_care_beds_per_1_000_population_oecd","publicly_owned_hospitals_per_million_population_oecd","surgical_specialists_per_1_000_population_oecd","infant_mortality_rate","income_support","containment_index","yll_rates_from_all_air_pollution_per_100_000","death_rates_from_all_air_pollution_per_100_000"
"1",39.277,NA,NA,NA,2.375,11.565728,830.19,17.89,7.6,74.52,201.65,1,NA,67594970922.535,NA,39.7,66.2,68970,NA,NA,NA,NA,5616.784475,0,42.8,3764.205122,78.01518738
"2",169.226,42.00774,0.759638581,357.7005729,5.365,7.6878707,374.06,0.98,21.8,11.15,19.79,3,NA,34009113044.8984,3.8,32,1.4,29903,NA,NA,NA,NA,1089.713154,1,43.21,2036.762168,98.72281671
"3",44.035,25.60362,0.772870191,335.598812,4.745,12.2647583,287.77,1.04,34.9,29.4,71.2,3,NA,590317549399.484,NA,46,1.5,34790,NA,NA,NA,NA,1398.36594,1,57.56,2230.249326,80.92368972
"4",931.858,NA,NA,NA,NA,8.0856197,130.3,0.46,25.3,4.11,14.78,4,NA,NA,NA,NA,NA,NA,NA,NA,NA,NA,174.268463,2,59.52,NA,NA
"5",8.215,90.50985,1.401920388,382.8369353,3.795,8.5194139,353.12,14.06,12.1,13.32,58.81,2,NA,175929578041.567,2.17,NA,NA,93709,NA,NA,NA,NA,4544.832134,0,51.61,4349.176724,72.89185517
"6",30.635,NA,NA,NA,NA,9.9233293,225.66,1.38,25.9,27.82,100.36,4,NA,NA,NA,NA,NA,NA,NA,NA,NA,NA,879.2413213,NA,NA,1451.086957,65.2173913
"7",657.805,8.5967,0.652093819,292.1371512,5.901,9.8786283,224.34,1.12,29,22.12,53.78,3,NA,829373254831.057,NA,41.9,2.9,26808,NA,NA,NA,NA,949.6708534,1,74.17,799.6775825,38.16016943
"8",419.474,36.6346,1.013010424,297.4988182,5.488,10.986533,353.31,0.34,23,10.56,60.53,2,NA,33296515549.8058,3.87,25.8,0.3,35083,NA,NA,NA,NA,791.1301337,NA,NA,2949.337309,138.1047051
"9",35.49,0.7444149,0.313935579,189.7005539,7.137,6.7891865,128.73,0.2,28.4,10.17,28.35,4,NA,1238559648720.32,28.14,NA,NA,17696,0.56,NA,28.73,0.65,335.9743509,0,74.17,853.2938023,48.80053199
"10",111.698,0.5476114,0.349012635,242.7134934,7.213,5.4147456,178.03,0.28,18.3,12.79,33.58,4,-13.3,382269444359.619,27.02,NA,NA,19763,1.22,0.66,16.71,1.03,281.0260831,2,68.15,2226.892659,132.1591419
"11",67.856,0,0.788297947,234.4126092,5.173,11.572171,538.85,1.33,23.6,15.29,45.09,3,NA,160426221650.639,5.19,24.4,5.3,33879,NA,NA,NA,NA,3196.537872,0,64.29,3401.322534,127.762969
"12",335.666,NA,NA,NA,NA,11.2055637,303.91,1.3,38.1,30.54,102.35,4,NA,NA,NA,NA,NA,30459,NA,NA,NA,NA,1062.501087,1,71.43,1454.381443,53.35051546
"13",185.709,NA,NA,NA,6.173,12.006818,249.93,0.82,36.8,33.35,188.6,4,NA,62559305437.2192,NA,NA,NA,25533,NA,NA,NA,NA,533.1194641,2,66.43,1909.949165,64.85112564
"14",35.449,77.60098,0.643520024,287.5123744,5.28,10.2542749,313.8,0.98,5,20.86,72.27,2,NA,686521749312.877,NA,21.1,41.3,38814,NA,NA,NA,NA,3186.298445,0,39.76,3162.141158,108.8039407
"15",24.359,NA,NA,NA,NA,10.5051944,198.43,1.35,31.3,22.01,106.04,4,NA,3516161101.8708,NA,0,0.9,26768,NA,NA,NA,NA,1116.610777,1,57.5,2467.253521,125.7042254
"16",102.124,1.027703,0.799425284,339.3174596,5.821,8.0120648,527.78,0.53,26.3,4.24,10.93,3,NA,178435259131.19,7.59,16.6,0,33783,NA,NA,NA,NA,488.1843388,0,46.9,3235.225358,147.0408593
"17",942.309,0.292606,0.266243314,240.3239807,6.839,5.6681222,141.99,0.35,21,8.6,23.44,4,-14.5,454384314204.564,26.85,NA,NA,19878,4.18,0.1,3.51,0.6,296.4014971,2,61.9,2126.612975,126.1262059
"18",128.263,38.11414,1.12991063,243.3597648,5.956,9.9988558,313.61,1.43,31.5,46.99,156.48,3,NA,NA,NA,41,4.6,31420,NA,NA,NA,NA,1652.2555,1,71.55,1092.479109,35.93314763
"19",3.382,89.63388,0.651227469,294.3319386,4.408,7.3902467,327.29,23.04,14.2,23.47,80.79,1,NA,26682033534.9148,1.44,41.7,62.2,65706,NA,NA,NA,NA,5390.388716,1,45.6,4222.178697,92.92280266
"20",742.909,25.54418,1.467199081,314.0132814,5.559,6.950181,215.4,1.88,25.6,45.48,90.18,2,NA,75704710886.7386,7.63,19.8,20.5,44087,NA,NA,NA,NA,2118.418775,1,62.26,1093.519814,35.72960373
"21",336.502,3.633199,0.705741816,357.9414101,5.516,7.9595233,319.89,0.38,18.4,10.77,53.65,3,NA,41286323312.5414,9.79,26.7,0.5,24000,NA,NA,NA,NA,555.5097578,1,40,2760.839895,140.3937008
"22",8.93,60.1921,0.505090038,330.6657282,3.471,7.5742542,343.14,5.06,29.3,24.71,140.84,3,NA,35844341352.2151,1.97,NA,NA,61513,NA,NA,NA,NA,1561.28169,0,57.62,925.9062776,29.00088417
"23",743.068,12.98858,0.84750795,234.5645918,6.11,7.7976249,222.15,1.25,25.4,19.62,69.08,3,NA,2965401452084.71,3.05,10.9,5.3,31632,NA,NA,NA,NA,1493.520601,1,56.61,1280.895476,49.22683198
"24",6.857,NA,NA,NA,NA,9.2080746,220.47,0.92,15.7,26.52,106.26,4,NA,NA,NA,NA,NA,22941,NA,NA,NA,NA,777.6068771,0,82.14,621.749409,21.74940898
"25",167.088,9.337595,0.514931565,348.1629338,5.598,8.4220956,508.75,0.62,24.3,10.98,29.14,3,-8.2,132183449574.073,7.95,NA,NA,28771,NA,NA,NA,NA,627.6093553,2,57.14,4198.181818,210.8671329
"26",3.205,89.96324,0.573611327,295.9095012,4.741,7.3630174,350.79,30.89,8.1,16.09,76.38,1,NA,31315025031.6565,1.64,36.2,84,70891,NA,NA,NA,NA,6132.224096,0,28.69,3793.135082,83.45300361
"27",0.084,97.167,0.707986131,287.321067,3.775,4.2383366,383.29,24.8,8.6,12.68,65.71,1,NA,7314109088.1,1.54,23.1,80.8,80027,NA,NA,NA,NA,5247.735039,1,14.29,2514.348107,49.78083462
"28",16.048,66.43285,0.893473526,300.892604,5.241,6.5496373,320.24,22.12,16.4,24.89,99.53,2,NA,76168245065.5552,2.35,23.6,46,77369,NA,NA,NA,NA,4273.025088,0,39.29,3976.91518,87.75274912
"29",264.982,0.4973831,0.678612354,248.6426666,7.025,6.2295715,126.84,0.27,29.3,8.99,27.85,4,-13.494697,1669401514253.32,23.48,NA,NA,18838,NA,0.43,19.48,0.43,465.0432088,1,62.5,1019.852305,55.89592523
"30",169.068,32.42308,0.619501806,281.0429223,NA,9.0616702,284.41,4.74,16.3,19.48,60.2,2,NA,3882678731.568,NA,NA,NA,31195,NA,NA,NA,NA,2002.559261,1,57.26,2357.581574,96.92898273
"31",12.837,93.04771,1.020846914,272.9352377,3.476,7.9801102,506.18,24.66,10.9,16.31,77.6,1,NA,3581982386.8118,1.72,24.1,77.6,97115,NA,NA,NA,NA,11915.67596,0,28.45,5851.306122,133.3061224
"32",5.844,83.21726,0.708813159,268.7256318,4.251,7.893766,328.47,30,8.9,22.88,72.58,1,NA,31212918297.4495,2.24,31.4,87.1,94563,NA,NA,NA,NA,7102.314108,0,32.98,7924.570777,135.8766118
"33",733.723,1.807866,0.622463862,256.8955987,6.151,10.1604348,138.67,0.67,31,18.62,43.92,4,-13.682773,412833627886.624,7.17,NA,NA,21333,NA,0,11.43,0.45,627.4581196,1,69.7,982.8727982,47.70448227
"34",3.293,17.94347,0.847186882,301.5002801,5.771,9.8981826,307.9,0.61,6.5,12.13,25.64,3,3.2,18151620437216,1.78,31,5.2,24811,NA,NA,NA,NA,720.4156658,1,75.89,4470.598062,202.2828099
"35",600.693,22.39919,1.024257877,272.856847,5.709,8.3281758,185.27,1.09,26.6,22.02,50.39,3,-15.7,651900563304.706,5.42,31.8,5.4,27188,NA,NA,NA,NA,1160.255384,1,53.57,399.1229509,15.55703065
"36",8.05,60.2145,1.100676758,280.4729195,4.609,7.863303,312.61,19.82,12.2,12.07,64.6,1,NA,1416032117.5784,3.89,28.7,36,59673,NA,NA,NA,NA,3404.656635,NA,NA,1626.142132,33.75634518
"37",16.672,90.04419,0.986611486,323.8801868,5.213,7.7231127,374.62,13.14,13.5,15.38,69.02,2,NA,29513591100.1129,2.75,9.9,39.7,70611,NA,NA,NA,NA,3457.201389,0,54.17,1653.073593,44.1991342
"38",260.889,10.59034,0.942631128,324.069996,6.998,8.8486617,130.93,0.85,30.4,24.85,39.65,3,NA,73336988552.367,7.04,NA,NA,23017,NA,NA,NA,NA,704.711585,0,61.67,724.0224626,31.23960067
"39",4.625,68.84484,0.814961923,241.3577406,5.257,7.3379487,422.34,21.59,15.2,27.81,101.94,2,NA,102581662691.46,2.41,34.5,58.7,88856,NA,NA,NA,NA,5579.573984,1,35.71,5049.576685,111.4307011
"40",114.487,5.311003,0.673078637,365.3334068,6.508,8.3590648,325.58,0.31,24.5,8.95,27.81,3,NA,84978688359.8462,9.62,NA,NA,24063,NA,NA,NA,NA,356.288517,1,45.89,3205.613208,175.3773585
"41",11.301,NA,NA,NA,5.418,7.2850055,214.01,0.8,30.3,13.13,28.74,3,NA,92551014480.7948,NA,NA,NA,25180,NA,NA,NA,NA,381.9394847,0,71.13,1583.371378,75.84723442
"42",28.542,0.05130247,0.581570659,254.9310472,6.26,8.2802862,187.14,0.32,21.6,17.83,63.02,4,-11.9,27790155428.9052,NA,NA,NA,15789,NA,NA,NA,NA,251.0092208,2,57.74,1832.532189,100
"43",3.394,95.51018,0.560192577,271.1929958,4.311,6.2299002,353.13,16.71,9.7,11.47,55.64,1,NA,81846381646.0538,1.4,15,75.1,92831,NA,NA,NA,NA,5794.176295,0,33.57,3014.548138,60.24046254
"44",122.406,0.1710614,0.303741478,199.6569721,7.515,5.3713457,137.43,0.44,17,8.07,28.41,4,-8.5,268317624888.571,26.44,NA,NA,20451,0.11,0.04,NA,0.63,322.1204886,2,56.55,1968.724643,109.2608926
"45",61.741,66.70957,0.615534816,295.8092388,4.369,8.6408121,305.33,19.55,18.3,13.97,65.77,2,NA,2913438472.5855,NA,38.3,29.3,64677,NA,NA,NA,NA,2491.48713,1,48.93,3577.59009,97.97297297
"46",205.201,18.58065,1.180382518,336.1897358,5.168,8.6348075,272.57,2.52,34.1,22.63,53.27,3,NA,165255139274.739,6.66,12.5,8.8,29597,NA,NA,NA,NA,2406.219552,1,73.21,1212.091565,45.26025836
"47",713.482,17.05914,1.345774261,265.8805063,5.354,7.4656134,141.95,0.89,24.7,40.64,80.2,3,NA,175524677190,4.68,21.5,3.5,29357,NA,NA,NA,NA,1315.719531,1,67.38,482.600317,18.71902758
"48",60.801,75.18362,0.987348298,346.5376876,4.472,15.9915285,436.74,1.27,41.1,31.43,66.91,2,NA,1221832614740.78,NA,52.8,3.6,35784,NA,NA,NA,NA,1592.650397,1,44.17,3677.334182,130.7361091
"49",148.315,41.0972,1.459323301,391.5220784,5.462,9.3025743,179.53,1.83,28.9,69.3,116.48,2,NA,54756344105.1682,5.42,NA,NA,36007,NA,NA,NA,NA,1083.908987,1,43.21,1314.068875,50.26929982
"50",59.16,NA,NA,NA,NA,9.4867882,238.66,9.17,12.6,11.01,60.57,3,NA,22750613272.521,NA,NA,NA,82201,NA,NA,NA,NA,3460.540601,NA,NA,3607.455621,82.72189349
"51",55.03,0.7833411,0.424691275,274.6628285,6.453,7.7077688,326.4,0.41,21.8,8.79,19.43,4,NA,35409424255.0757,11.07,NA,NA,26242,0.12,0.91,15.18,0.85,215.1727847,0,34.52,2119.421173,108.1492765
"52",12.569,87.36121,0.720331215,304.7147757,4.549,5.7992061,360.35,23.59,6.9,17.09,70.74,1,NA,195740327715.654,1.8,25.9,87.3,54964,NA,NA,NA,NA,4211.644212,0,52.14,2853.959815,68.58669779
"53",2.231,28.74499,0.848623732,330.4274271,NA,15.946039,482.67,3.64,35.3,83.75,459.95,3,NA,NA,4.49,NA,NA,39681,NA,NA,NA,NA,1864.966294,1,80.36,1177.017937,35.98654709
"54",63.891,0.09872849,0.281521543,215.0627693,7.889,6.4035424,179.76,0.22,20.6,4.09,11.61,4,-5.2,214535726086.788,26.06,NA,NA,19843,NA,0.41,30.5,0.56,182.3905576,2,50.3,1256.351081,72.83300018
"55",544.493,0.0396873,0.319270299,250.1477672,6.714,7.4588522,109.08,0.3,21.1,6.13,21.03,4,-19,2581673898818.73,24.69,NA,NA,19104,0.84,0.47,20.4,0.48,313.2303763,2,68.45,1771.213411,104.5112085
"56",24.262,32.0472,0.9553951,314.0855085,4.914,10.0069996,308.36,11.49,20.3,16.72,77.36,3,NA,36693263561.4481,3.63,15.4,16.5,58498,NA,NA,NA,NA,3404.89869,0,63.57,2018.608696,67.13043478
"57",49.241,73.06253,0.98305743,321.6312408,5.164,9.4400826,320.01,22.42,14.8,19.24,61.6,1,NA,3939021788.1669,2.45,28.9,60.4,62697,NA,NA,NA,NA,3450.537925,0,42.26,4120.793571,97.38824711
"58",63.422,NA,NA,NA,5.123,13.278765,490.35,0.84,23.8,12.9,35.78,2,NA,58984799875.9676,1.89,23.2,0.8,29323,NA,NA,NA,NA,943.1186411,1,66.55,3160.375,161.5
"59",121.539,0.2406784,0.266420584,232.1149325,7.312,6.0163501,186.93,0.24,20.4,12.41,30.6,4,-11.7,3885961291103.28,26.39,NA,NA,19224,2.31,0,9.5,1.18,325.4044188,2,67.86,2621.396936,153.605818
"60",10.17,60.90227,0.823971445,355.1017527,5.319,6.4065812,362.74,23.06,16.6,18.77,86.46,2,NA,118873890039.027,2.23,24.3,33.7,58375,NA,NA,NA,NA,3779.929326,0,43.57,3385.14083,90.06203102
"61",56.893,2.895735,0.677560681,257.7997503,5.788,7.2485658,215.53,0.34,25.4,11.93,21.49,4,NA,250035842877.97,12.85,NA,NA,19627,0.08,0.57,11.62,1.32,352.2865839,2,58.99,2426.21634,149.9863076
"62",204.571,NA,NA,NA,6.262,8.933383,165.83,2.16,26.4,50.47,118.24,2,NA,127549979636.142,5.51,NA,NA,37079,NA,NA,NA,NA,2194.79736,0,57.5,1084.084996,33.19464194
"63",5.406,90.28445,0.903217626,346.5059072,4.768,6.7504811,382.26,28.13,11.5,19.77,83.14,1,NA,19045321800.7726,2.53,34,75.1,72518,NA,NA,NA,NA,6132.247871,0,67.62,4556.911368,96.64524573
"64",20.833,92.62132,0.925029393,315.651056,NA,7.3624409,495.16,33.15,13.7,32.36,112.28,1,NA,2752461977.9592,2.01,32.4,77.5,83441,NA,NA,NA,NA,5215.989147,NA,NA,4966.64859,115.9978308
"65",151.292,39.30348,0.726962015,398.6339337,5.993,9.0633936,495.73,1.54,27.1,36.09,159.01,3,NA,NA,NA,18.5,3.2,55470,NA,NA,NA,NA,2003.709588,1,68.81,1838.461538,57.49674055
"66",20.346,82.16744,1.094127898,392.515182,3.615,8.5517711,544.45,8.02,26.9,38.25,134.81,1,NA,18653678820.608,2.15,19.7,49.4,61717,NA,NA,NA,NA,4916.711501,1,63.21,2292.437681,59.09812342
"67",266.442,48.85315,1.145273549,304.8500762,5.93,8.4891994,315.58,2.61,26.9,58.97,104.03,2,NA,45382744883.5568,6.43,31.9,15.8,33106,NA,NA,NA,NA,1091.73737,1,72.38,727.2198142,26.15479876
"68",163.348,3.021302,0.45006955,310.8679202,6.038,8.9001676,361.76,0.51,24.6,8.6,27.37,4,-13.5,250426483259.5,9.59,NA,NA,28707,0.21,1.22,13.24,0.68,394.3886029,0,44.05,3809.518011,188.4018265
"69",32.234,0.01792546,0.382420976,199.3888126,7.575,7.6316878,147.84,0.39,19.4,5.54,15.54,4,NA,15315260539.5976,22.7,NA,NA,17257,0,0.36,22.96,0.74,150.2604665,2,51.79,707.2948328,43.16109422
"70",86.963,71.48567,0.788195593,268.9312061,4.225,9.053893,344.27,5.71,5.1,27.09,80.67,2,NA,8835757694781.25,1.91,21.8,53.7,47950,NA,NA,NA,NA,3622.58324,0,72.68,4197.1737,141.3716697
"71",49.4,71.30388,1.020366482,422.4718158,5.347,7.4193282,384.93,1.84,8.9,20.78,83.27,2,-5.36783,3075456084370.75,1.85,12.6,15.5,36015,NA,NA,NA,NA,2249.603275,1,72.44,2047.758529,67.7047358
"72",396.45,10.49139,0.870882295,289.0106306,4.865,11.3852069,352.24,1.41,32.2,20.78,59.15,3,NA,1398996002264.01,NA,NA,NA,30911,NA,NA,NA,NA,1392.306919,1,67.08,1982.833862,85.17994375
"73",266.617,50.81578,1.164338457,327.4819287,4.785,17.2299941,613.13,3.37,37,50.48,142.58,3,NA,513592674532.306,NA,51.3,11.6,38798,NA,NA,NA,NA,1913.346863,1,69.35,2528.138952,79.51844052
"74",382.762,0.3353735,0.577231411,206.3962812,7.035,7.3088405,159.45,0.32,25.5,9.19,22.99,4,NA,314321653958.648,20.33,NA,NA,19319,NA,0.15,NA,0.47,310.7764911,2,62.5,1171.906997,65.0383959
"75",286.868,0.9977683,0.508129071,223.5212365,7.195,7.0922374,119.21,0.37,26.2,22.52,56.8,4,-7.766077,278806231973.558,13.76,NA,NA,17719,0.59,0.53,4.17,0.61,285.1116599,2,61.31,1675.868056,94.69246032
"76",623.534,2.472911,0.316287353,258.4407102,6.488,7.0540891,144.02,0.22,19.5,8.78,26.86,4,-17.3,2077209143231.32,20.72,NA,NA,16957,0.13,0.14,7.12,0.99,265.355629,1,81.55,2077.96101,136.2470453
"77",66.19,52.39908,1.014786055,459.2750456,6.309,9.2817333,248.65,1.73,33.4,30.32,147.02,3,NA,19431862176.8666,4.07,15.6,1.8,32646,NA,NA,NA,NA,1665.110074,0,75.36,1208.77193,56.56999642
"78",13.678,1.616443,3.034385921,434.3462374,6.118,8.3588827,94.69,0.2,3.7,9.7,16.2,4,-10.00138,4867010472550.63,NA,NA,NA,15700,NA,2.64,12.14,NA,182.5704198,2,50.65,2422.696688,160.2324287
"79",65.47,19.90089,0.643548024,345.0795845,4.094,16.510798,297.16,0.78,43.1,40.39,95.57,2,NA,104894207135.826,NA,23.8,1.7,30626,NA,NA,NA,NA,1573.533901,1,53.33,1706.34628,61.38248848
"80",118.285,1.16534,0.652794041,233.6312211,6.168,12.3560972,534.53,1.06,22.7,11.76,25.93,3,NA,463720551976.635,4.9,34.1,0.2,42084,NA,NA,NA,NA,1142.521387,0,51.79,2241.095035,87.44397163
"81",17.37,78.95827,0.766345623,257.6809474,4.547,5.8172238,225.89,17.21,11.1,8.37,41.49,2,NA,173505898105.895,2.39,9.8,39.9,62578,NA,NA,NA,NA,3504.208152,1,64.76,1375.87408,32.25190081
"82",177.026,NA,NA,NA,6.106,19.6593654,245.7,0.55,45.6,19.5,48.74,4,NA,277117153092.096,NA,NA,NA,22687,NA,NA,NA,NA,640.673225,1,58.33,1891.341213,63.33504625
"83",174.428,57.584,0.964181593,304.2461928,6.25,9.9323155,574.47,1.08,18.6,11.18,26.46,2,NA,29601148153.9503,3.88,23.5,0.5,39969,NA,NA,NA,NA,1820.068974,1,58.33,1998.164983,71.66666667
"84",33.4,2.62944,0.448210108,278.071027,6.229,7.8315259,423.55,0.43,25.1,6.1,22.42,4,-9.6,46862480822.8712,8.26,NA,NA,29932,0,0.63,23.17,0.7,374.9379534,0,45.83,3059.512938,155.3018772
"85",86.441,NA,NA,NA,4.024,14.4658527,217.53,0.64,37,11.09,37.54,3,NA,96800197158.2989,NA,NA,NA,20828,NA,NA,NA,NA,582.5027634,0,68.81,2259.425353,103.0934707
"86",20.072,76.94296,0.607529939,349.9884516,3.512,7.3050801,501.31,8.64,26.7,33.31,197.82,2,NA,5360395694.0721,1.76,13.9,32,99421,NA,NA,NA,NA,4508.359369,0,60,2108.52459,54.66042155
"87",16.213,97.57058,0.970414826,423.2618395,5.121,7.7892159,346.06,19.99,14.2,26.69,87.07,1,NA,3936415617.3048,1.75,21.5,71.2,62373,NA,NA,NA,NA,4654.678674,1,59.29,3174.46147,74.92782589
"88",118.173,NA,NA,NA,5.33,15.1971092,310.43,0.98,39.6,43.25,87.13,3,NA,100416019385.779,NA,44,1.5,28906,NA,NA,NA,NA,685.4828238,0,63.21,2609.971328,98.7575661
"89",26.221,NA,NA,NA,NA,NA,NA,NA,NA,NA,NA,4,NA,NA,NA,NA,NA,NA,NA,NA,NA,NA,NA,0,52.5,NA,NA
"90",51.795,2.856601,0.512512295,268.5988427,6.391,8.9232895,382.11,0.57,27.8,4.51,13.75,4,-3.7,76617521916.2819,9.16,NA,NA,30215,0,0.5,30.05,1.07,387.5722797,2,48.81,3244.440584,166.2960389
"91",234.833,0.4126038,0.334489337,208.1221882,7.404,6.9729089,150.35,0.19,20.7,8.54,20.95,4,NA,35015057362.3091,32.39,NA,NA,18648,NA,0,8.57,0.68,166.9540009,1,51.79,1516.931217,83.95061728
"92",8.812,96.73974,1.07819951,289.0422163,4.339,6.3172086,505.29,21.16,7.5,10.56,55.94,1,NA,36665931909.444,1.62,34.3,66.9,54971,NA,NA,NA,NA,5515.980977,0,51.79,1414.355271,34.07468537
"93",9.566,92.84431,0.28486552,225.8655657,3.869,6.6198552,312.91,25.65,9.1,14.34,64.29,1,NA,22574655861.4474,1.27,17.9,56,70678,NA,NA,NA,NA,4574.614403,1,56.55,1694.371188,41.42898635
"94",7.353,2.754231,0.908167921,331.0328026,5.428,11.4416249,320.97,2,17.9,19.58,57.6,3,-17.1,773658537411.978,3.38,NA,NA,29765,NA,NA,NA,NA,573.4911005,1,80.71,1124.367771,44.13636068
"95",68.45,2.729918,0.422614866,303.9718019,5.198,11.063976,239.27,0.53,11.4,36.26,68.04,3,NA,NA,NA,13.6,5.2,25036,NA,NA,NA,NA,627.7546001,NA,NA,925,37.08791209
"96",6.716,90.62164,0.599600045,272.2387853,4.988,8.3645204,318.64,28.3,12.4,19.54,70.88,1,NA,27521621441.1897,1.82,36.1,77.7,75910,NA,NA,NA,NA,7457.332333,0,30.71,4670.454015,97.19885259
"97",124.564,0.3113678,0.763473885,328.5045863,6.157,9.0493557,181.96,0.32,28.5,10.76,30.21,4,NA,15606395162.966,NA,NA,NA,19507,NA,NA,NA,NA,510.3950935,2,80.12,2280.190931,137.4701671
"98",35.056,68.03631,0.87682579,370.0824451,4.153,8.4635263,288.87,15.9,18.5,20.46,67.83,2,NA,13278340873.935,3.7,32,52.2,58285,NA,NA,NA,NA,3387.681805,0,43.57,4527.851524,117.7236971
"99",7.863,12.04238,0.813268366,310.7602209,6.015,12.8618866,271.8,0.91,15.7,67.1,222.12,3,NA,27474711833.1609,NA,NA,NA,30076,NA,NA,NA,NA,1223.68286,2,61.07,1685.781618,64.33621367
"100",696.596,17.93763,0.661079505,272.9306122,5.964,10.869791,158.3,0.64,32.8,62.13,139.43,3,-18.967486,2006599788818.99,8.02,35,2.8,26763,NA,NA,11.26,0.16,1090.74491,0,64.88,1106.267613,43.21704764
"101",423.901,4.655106,0.801924017,240.434778,5.812,7.7593317,543.97,0.75,21.1,4.48,17.44,2,NA,23299414541.691,4.86,31.2,0.8,35472,NA,NA,NA,NA,1415.151935,1,48.93,3120.496436,132.5387073
"102",25.482,NA,NA,NA,NA,NA,NA,NA,NA,NA,NA,4,NA,NA,NA,NA,NA,NA,NA,NA,NA,NA,NA,2,53.57,NA,NA
"103",437.855,14.87213,0.560815752,314.3971323,5.722,7.5727608,412.62,0.26,23.1,13.84,33.47,3,NA,11980410038.7412,6.06,57.4,0.3,26702,NA,NA,NA,NA,322.9366836,NA,NA,NA,NA
"104",93.334,13.70442,0.607821254,241.386196,4.803,14.0416698,319.37,2.28,32.2,37.14,91.46,2,NA,299980109157.859,2.55,47.3,15.4,38061,NA,NA,NA,NA,1974.792896,1,64.17,2137.163364,87.08476604
"105",2.848,90.62317,0.382520329,291.419903,4.932,6.5621686,338.52,18.32,10.5,13.58,65.91,1,NA,29449971154.2264,1.45,29.1,69.6,88491,NA,NA,NA,NA,5656.85676,0,57.26,2489.934771,53.81728116
"106",21.081,51.92937,0.909689542,306.2327242,4.431,6.9114952,285.17,3.28,7.3,29.02,82.14,2,NA,317599010611.209,NA,NA,NA,48793,NA,NA,NA,NA,3744.050998,1,66.13,3949.238362,131.7234725
"107",52.343,45.98487,1.008157292,266.2691713,4.451,7.3191306,330.6,5.68,25.4,21.52,105.85,3,NA,23095485753.6602,2.14,11.5,42,48404,NA,NA,NA,NA,2983.073149,0,57.26,1138.755592,31.27287515
"108",30.065,72.0897,0.986364173,320.5217644,5.449,11.6872047,330.7,4.62,5.4,26.46,80.96,1,NA,81052454062.3706,2.2,27.3,28.6,43324,NA,NA,NA,NA,2634.820986,1,69.52,2608.413502,93.42428608
"109",416.227,0.3128131,0.300922706,231.2824932,7.504,5.1717566,127.71,0.41,20,7.93,26.32,4,-9,818056008436.757,26.31,NA,NA,18770,3.32,0.29,0,0.42,331.5925856,2,51.79,2046.310192,118.7828656
"110",5.184,NA,NA,NA,7.257,7.9042936,155.77,0.34,31.4,10.75,26.13,4,NA,171013579064.035,NA,NA,NA,18742,0.1,0.02,17.27,0.71,385.6312521,1,35.48,849.2603224,46.85361007
"111",23.549,27.84136,1.43555517,294.0000802,6.113,9.2258635,180.52,1.44,29,58.52,99.69,2,NA,30136878639.6436,4.49,38.4,16.1,33239,NA,NA,NA,NA,1309.024948,0,21.55,1085.662611,36.30384742
"112",2.85,91.94135,0.608233806,301.3851715,5.004,5.9408535,334.07,33.31,8.7,19.47,70.73,1,NA,20483442500.8748,1.86,32.1,89.3,70093,NA,NA,NA,NA,4907.39445,0,33.1,5173.637126,97.31142757
"113",5.506,89.12486,1.3811754,283.0679239,5.503,6.299279,197.62,18.9,13.1,6.72,41.12,2,-6.1,1060805903025.59,1.65,28.2,53.2,84764,NA,NA,NA,NA,6546.835153,0,39.52,4996.74452,99.12678735
"114",51.649,0.4563593,1.084304198,288.9047876,7.29,6.2257413,137.75,0.3,22.5,6.14,20.58,4,-5.331291,449338995067.087,35.12,NA,NA,19615,NA,0,NA,0.57,213.1982104,2,51.49,1039.224717,61.98426406
"115",235.576,NA,NA,NA,6.853,14.3323602,314.92,0.9,33.7,21.32,103.46,4,NA,172358228169.828,NA,NA,NA,27260,NA,NA,NA,NA,929.9181875,0,47.38,2055.644623,67.84680472
"116",30.599,75.2726,0.767463234,319.7952892,4.443,12.5771361,479.9,8.52,11.3,29.37,93.89,2,NA,1212090501040.08,2.05,31.5,44.2,50534,NA,NA,NA,NA,5066.508545,1,68.45,4172.776211,123.1292756
"117",614.17,19.78807,1.127964567,407.3911578,6.086,8.9030156,154.03,1.38,27.6,27.31,67.45,3,NA,86035741483.4408,6.96,NA,NA,27476,NA,NA,NA,NA,1356.533959,1,74.76,714.9656401,27.86968694
"118",0.782,NA,NA,NA,NA,15.357027,591.54,6.95,25.8,59.11,183.05,2,NA,NA,1.92,NA,NA,59322,NA,NA,NA,NA,3401.46013,0,54.17,864.9690425,21.43325614
"119",186.049,15.44793,0.949812696,301.0380898,5.653,8.0133105,271.74,1.96,23.4,38.59,109.31,3,NA,66292864959.0038,6.32,NA,NA,30862,NA,NA,NA,NA,1099.695421,1,57.86,727.7602049,26.54014159
"120",1038.977,22.43048,0.91506283,300.0001146,5.999,7.2325752,108.51,1.05,24.2,24.06,48.66,3,-30.2358063,386316117149.65,5.52,20.6,10.5,26911,NA,NA,NA,NA,1221.789271,1,69.4,819.922236,32.07763649
"121",64.363,64.24689,1.157734234,340.4633893,5.08,7.0508844,427.92,2.83,7.5,50.55,111.57,2,-16.5,912443450835.92,2.44,16.3,11,41446,NA,NA,NA,NA,2014.11833,0,68.27,1760.234835,52.89426538
"122",121.94,0.449238,0.397012866,258.748219,6.139,8.394709,283.08,0.35,22.2,7.6,22.3,4,-7.9,1053479356812.86,8,NA,NA,25415,0,0.02,15.71,0.54,366.3242414,2,46.43,3082.725737,150.4247462
"123",232.526,0.9322764,0.417757991,224.6360157,5.768,8.4291863,155.11,0.34,21.2,12.82,39.07,4,-16.3,276343587731.246,12.81,NA,NA,19815,0.7,NA,10.78,0.73,272.3945502,1,64.05,2330.212786,138.434796
"124",79.832,NA,NA,NA,6.375,18.9393887,187.72,0.43,43.1,25.77,108.6,4,NA,400649396628.596,NA,NA,NA,22923,NA,NA,NA,NA,543.0833892,2,64.05,1062.192394,30.42505593
"125",341.725,11.02077,0.508367756,276.2681386,6.13,7.2931016,430.29,0.42,21.6,8.67,17.24,3,-10.5,386236496171.876,5.24,NA,NA,28496,NA,NA,NA,NA,707.6400662,2,52.08,3739.818564,183.9731434
"126",182.198,2.541048,0.621210643,283.9289799,5.495,7.4159878,562.81,0.96,26.9,5.21,16.04,3,NA,3613410539249.58,8.3,NA,NA,39906,NA,NA,NA,NA,559.0535331,1,43.75,3012.02954,129.715501
"127",2.702,91.14971,0.762956708,301.3968674,3.268,4.2869468,268.13,19.02,9.3,10.84,60.85,1,NA,22988917805.4198,1.46,21,53.8,54160,NA,NA,NA,NA,3419.415576,1,60,1726.167246,42.50646361
"128",1237.551,NA,NA,NA,NA,NA,NA,NA,NA,NA,NA,4,NA,NA,NA,NA,NA,NA,NA,NA,NA,NA,NA,1,45.83,NA,NA
"129",68.443,81.26451,0.895221716,267.4178864,NA,8.3453454,293.65,5.23,16.9,43.5,81,2,NA,762655230.843,2.73,30.6,19.3,NA,NA,NA,NA,NA,2539.717063,NA,NA,1682.631579,42.10526316
"130",153.071,NA,NA,NA,6.56,17.6139625,301.43,0.69,42.3,44.64,85.1,4,NA,1677338604416.24,NA,NA,NA,27174,NA,NA,NA,NA,735.4565519,2,63.69,1829.13132,68.8649356
"131",19.231,77.24802,0.744343569,265.5712745,5.489,7.5161234,356.79,25.53,12.9,26.55,90.21,1,NA,42805547586.2381,2.21,39.4,56.9,53970,NA,NA,NA,NA,3397.166798,0,39.64,3217.192148,86.32427788
"132",117.274,23.87022,0.613036548,362.283357,6.042,7.2703366,398.67,0.41,21.8,14.08,38.43,3,NA,99972058733.547,5.42,48.8,0.2,28151,NA,NA,NA,NA,437.1464594,2,55.36,NA,NA
"133",9.277,85.57656,1.241975289,231.4302156,3.447,7.1035396,386.95,31.04,13.3,23.09,86.5,1,NA,10628816282.5364,1.91,23.1,81,117683,NA,NA,NA,NA,7942.533669,0,54.23,6394.793119,138.9896172
"134",4.786,NA,NA,NA,6.378,9.3643048,111.1,0.16,6.3,13.66,22.56,4,-13.2,410139845598.494,NA,NA,NA,14354,NA,NA,NA,NA,129.2178014,2,66.07,1200.124911,55.99571734
"135",32.237,2.348883,0.387426943,278.4835241,6.519,8.1699695,356.91,0.5,19.9,9.5,24.19,4,-12.1,146456465970.571,15.69,NA,NA,25991,NA,0.76,NA,NA,477.7632175,2,49.7,2998.212311,142.3516403
"136",92.355,0.01920434,0.440995618,254.0748829,6.462,7.2928867,190.44,0.23,21,5.36,18.47,4,NA,60439877633.5602,19.37,NA,NA,21200,0,0.14,12.58,0.62,166.0980378,1,44.4,2299.806576,128.5783366
"137",6.544,NA,NA,NA,4.668,7.4372867,473.9,33.84,12.3,17.59,86.18,1,NA,NA,NA,34.2,81.2,89247,NA,NA,NA,NA,5708.750822,0,45.36,4964.716789,78.39065542
"138",321.251,61.10259,1.264708811,357.2355313,4.947,9.666581,249.35,5.62,39.6,27.55,130.7,3,NA,673272147245.839,5.62,6.2,11.1,67514,NA,NA,NA,NA,2400.860333,1,61.07,2216.562713,74.55863598
"139",8.992,1.228063,0.68144879,406.0827773,5.793,9.3042505,123.61,0.26,4.8,9.74,36.6,4,-2.957828,1958392116532.5,NA,NA,NA,17921,NA,NA,NA,NA,269.2028526,1,64.29,2346.404025,117.1236531
"140",5.003,NA,NA,NA,2.817,NA,326.17,32.47,NA,12.64,66.45,1,NA,NA,NA,40.1,91.1,80319,NA,NA,NA,NA,8361.238892,1,36.07,NA,NA
"141",754.96,1.480493,0.442280512,226.8250056,6.502,8.5417676,117.28,0.32,22.8,9.39,24.84,4,-22.1,1492300170441.6,18.63,NA,NA,16984,0.36,0.51,7.38,0.96,266.2264833,2,54.46,1690.284536,105.0019559
"142",0.887,45.437,0.971934199,338.3893043,4.213,7.0219834,226.84,2.56,7.3,23.41,89.52,2,NA,253457134488.068,2.6,NA,NA,28527,NA,NA,NA,NA,684.2390101,0,83.93,2179.09234,88.52039158
"143",19.088,81.57917,1.078303515,353.5860705,4.139,8.3090898,449.28,3.01,NA,37.59,79.78,2,NA,141177901813.383,3.5,26.7,53.4,59210,NA,NA,NA,NA,4236.793727,0,28.93,NA,NA
"144",189.215,NA,NA,NA,6.269,10.946402,331.98,2.57,33.7,45.27,126.09,3,NA,NA,NA,31.2,5.9,29901,NA,NA,NA,NA,2669.594504,1,80.71,1715.101289,63.35174954
"145",585.983,0.3404294,0.822322346,241.4048787,7.314,5.8450484,166.31,0.22,18.1,6.45,20.46,4,-8.3,463407436134.153,29.09,NA,NA,18308,NA,0.18,NA,0.66,226.383117,2,40.48,1315.983095,84.19060393
"146",222.887,0.02182594,0.422059823,205.3287159,7.508,5.2982009,130.34,0.2,16.9,7.72,20.54,4,NA,531971156045.547,31.51,NA,NA,17679,NA,0.13,NA,0.82,322.5397396,2,53.57,1659.139655,103.2654537
"147",15.714,NA,NA,NA,3.462,13.9683956,432.24,1.79,34.8,23.78,48.55,2,NA,56710613702.6628,NA,55.4,4.4,43178,NA,NA,NA,NA,966.093174,0,29.05,2014.717219,73.05155804
"148",8.493,34.01277,0.911056262,268.7807673,5.373,10.2708067,515.37,4.82,16.7,11.63,37.83,2,NA,38206549012.3596,4.46,21.3,13.2,42752,NA,NA,NA,NA,3424.604178,0,39.29,2154.185334,59.2195237
"149",0.352,84.53875,0.993807355,223.1245061,3.786,6.0174174,327,20.03,12.7,13.25,66.93,1,NA,162052511806.036,1.44,18.3,65.6,63043,NA,NA,NA,NA,4409.899208,1,23.93,1365.805022,32.20871276
"150",0.845,19.70135,1.046140589,418.7803973,5.885,8.2871193,132.19,1.48,12.7,28.12,64.99,3,NA,1124031904190.79,5.43,41,0.9,28993,NA,NA,NA,NA,680.4701023,1,69.05,2886.400539,118.3890252
"151",6.523,97.28955,1.938657561,518.5437211,4.179,7.252472,386.86,20.51,12.5,18.84,71.77,1,NA,11866978379.4441,2.1,22,50.1,71808,NA,NA,NA,NA,4157.182236,1,50.71,3799.000684,87.14579055
"152",75.742,7.340323,1.008387702,341.5774929,6.192,10.4106402,304.78,1.24,26,30.11,168.86,4,NA,34697351281.5718,NA,1.3,5.6,38360,NA,NA,NA,NA,1580.667616,1,69.17,2341.617647,91.83823529
"153",83.174,13.31939,0.603618059,288.0397344,4.731,12.1266469,282.73,0.91,34.3,31.6,67.66,2,-21.6,130322095892.001,3.97,48.1,1.2,26814,NA,NA,NA,NA,874.124594,1,69.76,2938.777324,131.144482
"154",117.976,6.668437,0.734378871,287.4038026,4.862,13.0451608,193.37,0.62,39.2,20.59,54.35,3,NA,1655984280526.49,2.82,NA,NA,29027,0,NA,11.57,0.44,1223.451749,2,62.62,1938.688764,79.67990748
"155",2.252,81.69172,0.648064841,250.6316938,4.641,4.4017746,306.9,23.58,8.6,14.65,73.48,1,NA,86584070536.4346,1.46,15.6,69.9,74116,NA,NA,NA,NA,4238.49771,1,72.14,2288.004831,48.7394983
"156",150.685,NA,NA,NA,5.27,7.4189136,593.07,0.96,25.7,3.73,11,2,NA,431319895538.146,5.94,1.4,1.2,35121,NA,NA,NA,NA,721.1484544,1,54.52,3675.792232,170.6719729
"157",48.734,NA,NA,NA,6.458,15.0211902,339.84,2.98,41,39.1,94.72,4,NA,734906189316.231,NA,NA,NA,25546,NA,NA,NA,NA,983.2475599,0,71.13,1453.073992,39.67456157
"158",668.253,0.4246,0.265348333,157.7019283,6.798,6.6201465,145.01,0.4,28.6,5.26,18.3,4,-21.7,2540210102649.03,21.29,NA,NA,20376,NA,NA,NA,0.82,387.5656751,2,51.79,1681.976792,98.37599033
"159",684.958,1.499683,0.9044263,248.4671956,7.028,8.1696543,176.43,0.4,37,16.46,41.69,4,-9.5,18140645383318.5,21.7,NA,NA,22775,1.68,0.18,4.25,0.39,568.4556511,1,67.86,1766.364066,88.02077411
"160",15.545,1.307074,0.694181218,247.396173,6.31,9.1377699,185.95,0.4,30.6,14.4,42.13,4,NA,68560712984.2976,6.92,NA,NA,24820,NA,NA,NA,NA,784.2311615,1,63.1,1248.222611,65.47202797
"161",16.642,NA,NA,NA,6.154,10.4833885,696.86,1.09,19,15.86,53.67,2,NA,336874766859.311,NA,23.2,2.3,40253,NA,NA,NA,NA,1786.308659,1,59.29,2745.870087,87.36158382
"162",27.43,NA,NA,NA,4.574,9.9360777,231,1.12,28.6,34.95,80.11,3,NA,309413012163.287,6.28,NA,NA,29410,NA,NA,NA,NA,1322.125254,1,78.21,1133.534746,43.19467522
"163",0.36,32.01523,0.974507314,359.7974631,5.467,5.5387413,277.86,1.03,2.6,26.19,68.15,2,NA,661488430245.345,3.35,17.6,7.1,29226,NA,NA,NA,NA,975.9281467,0,78.39,2348.54039,93.65529593
"164",20.117,NA,NA,NA,4.197,12.5919634,540.3,2.14,22,39.37,84.81,2,NA,69042726810.1435,NA,28,45.9,55241,NA,NA,NA,NA,3651.551117,0,41.79,3519.063059,93.95497913
"165",18.93,84.97017,1.278012074,276.1970983,4.838,6.4647059,393.06,31.73,12.4,17.28,81.49,2,NA,60978621662.9261,1.83,18.5,56.6,76189,NA,NA,NA,NA,4204.166619,0,50.95,1347.310551,28.65161432
"166",16.282,82.59679,0.774647423,331.4222928,3.16,6.5137745,305.49,17.75,25.3,36.55,137.55,1,NA,22715353540.7873,NA,11.7,29.7,72784,NA,NA,NA,NA,4156.238275,0,69.05,1596.359572,34.47413738
"167",237.838,0.188587,0.449308988,259.6519496,6.897,8.4406733,283.58,0.31,25.4,6.81,25.5,4,-10.7,326100315851.243,12.98,NA,NA,22380,0.02,1.96,15.2,0.89,212.3376553,1,52.38,3016.835815,160.6848146
