"","total_confirmed_deaths_due_to_covid_19_per_million_people","cost_of_calorie_sufficient_diet_2017_usd_per_day","cost_of_nutrient_adequate_diet_2017_usd_per_day","cost_of_healthy_diet_2017_usd_per_day","calorie_sufficient_diet_cost_percent_of_1_20_poverty_line","nutrient_adequate_diet_cost_percent_of_1_20_poverty_line","healthy_diet_cost_percent_of_1_20_poverty_line","calorie_sufficient_diet_cost_percent_of_average_food_expenditure","nutrient_adequate_diet_cost_percent_of_average_food_expenditure","healthy_diet_cost_percent_of_average_food_expenditure","calorie_sufficient_diet_cost_percent_cannot_afford","nutrient_adequate_diet_cost_percent_cannot_afford","healthy_diet_cost_percent_cannot_afford","calorie_sufficient_diet_cost_number_cannot_afford","nutrient_adequate_diet_cost_number_cannot_afford","healthy_diet_cost_number_cannot_afford","population_with_access_to_improved_sanitation_y","population_without_access_to_improved_sanitation_y","life_satisfaction_in_cantril_ladder_world_happiness_report_2019"
"1",39.277,0.84726840349,2.20961282986,3.64976528369,75.0735869244,184.469916136,300.286980121,27.0247652229,68.9319165935,108.9611150969,4.4431714634,42.3903981,74.3150928,2981950.3389696,21467832.48425,34023206.743441,10761942,22974552,2.375
"2",169.226,0.759638581,2.588742379,4.281675858,63.46186972,216.2692046,357.7005729,8.162351323,27.81615538,46.0068031,0,14.59719,42.00774,0,419443.9779,1207074.346,2684815,195888,5.365
"3",44.035,0.772870191,2.324307773,4.01711778,64.56726742,194.1777588,335.598812,12.42962964,37.38051374,64.60500976,0.1079367,3.01498,25.60362,44674.13448,1247876.042,10597132.98,34927459,4944069,4.745
"4",931.858,0.955751310339999,2.59137660027,3.48111182467,87.5549893462,223.598127333,301.358798153,28.8388925575,73.4086570146,103.4939349476,7.379906915,37.243833014,50.33221573,1197756.56186537,4359789.19395127,4165134.730703,78014,0,6.31044
"5",8.215,1.401920388,3.230905193,4.582558116,117.1194977,269.9168916,382.8369353,31.49182841,72.57695431,102.9396071,48.10549,81.65487,90.50985,14343492.73,24346826.82,26987093.89,14375401,13483904,3.795
"6",30.635,0.8261449877,2.49045506304,3.53937916967,71.5248216495,211.13113549,297.01424957,27.4356317791,71.6261487348,108.9538788541,6.2535894622,38.770559514,57.41216413,965903.5846656,10788967.280903,21410411.636048,87487,8232,5.7834
"7",657.805,0.652093819,2.624991673,3.4968817,54.47734498,219.2975499,292.1371512,7.704990358,31.01629693,41.31834865,0.2028175,4.592546,8.5967,89330.58455,2022778.206,3786400.267,41854725,1563040,5.901
"8",419.474,1.013010424,2.207774099,3.561060854,84.62910807,184.4422806,297.4988182,8.819695812,19.22181205,31.00409706,0.2203957,8.268263,36.6346,6490.232409,243484.553,1078818.998,2610670,306280,5.488
"9",35.49,0.313935579,1.630688031,2.270715631,26.2268654,136.2312474,189.7005539,4.624948464,24.02355328,33.45254083,0.2439287,0.4984838,0.7444149,60010.99727,122636.2866,183139.9115,23789338,0,7.137
"10",111.698,0.349012635,2.273825511,2.905280516,29.15727948,189.9603602,242.7134934,4.912528162,32.00523628,40.89328266,0.1970276,0.4091946,0.5476114,17333.63315,35999.165,48176.47434,8633169,0,7.213
"11",67.856,0.788297947,1.835305955,2.805918933,65.85613589,153.3254766,234.4126092,9.670721036,22.51525832,34.42259283,0,0,0,0,0,0,8616862,1032479,5.173
"12",335.666,0.89321717415,2.52842221682,3.49580424719,81.1360377403,214.461454509,296.650464013,28.3798353207,72.9020052514,102.7748990367,6.152783054,35.909248714,53.24286783,972231.5974879,5950439.593769,6552344.739041,355891,30947,6.3195
"13",185.709,0.89405750657,2.52612390888,3.54607233364,81.4942830948,213.998621953,301.293185393,28.0040123822,72.4072415114,97.9898599552,4.0521049443,32.788654707,53.10822665,831749.520291845,5993200.143053,6983418.8959015,1360880,10975,6.173
"14",35.449,0.643520024,1.946392559,3.441523122,53.76107138,162.6058947,287.5123744,14.4642141,43.74850452,77.35412319,0.2078029,37.54431,77.60098,331800.1227,59947222.41,123905944.9,97687737,63513149,5.28
"15",24.359,0.84097072667,2.49194594751,3.54064814084,74.1078158698,212.540977188,298.114988382,27.6835911144,71.9938698417,108.4435644991,6.4517418332,38.310921214,56.85711173,1000158.7509144,10475151.59312,21480250.016317,273417,10800,5.81903
"16",102.124,0.799425284,2.174897893,4.061629992,66.78573798,181.6957304,339.3174596,9.50114393,25.8485919,48.27234256,0,0.02752161,1.027703,0,2614.075175,97613.94408,8948708,540908,5.821
"17",942.309,0.266243314,2.440526627,2.876678049,22.24254917,203.8869363,240.3239807,3.22553798,29.56698225,34.85095711,0.05766727,0.2448614,0.292606,6559.743077,27853.37113,33284.39482,11217825,56371,6.839
"18",128.263,1.12991063,2.803726473,2.913016384,94.39520716,234.2294463,243.3597648,46.05555438,114.2808764,118.7355716,10.76588,36.95931,38.11414,40454.83962,138881.6296,143221.1227,325156,34132,5.956
"19",3.382,0.651227469,2.498297764,3.523153305,54.40496818,208.7132635,294.3319386,31.56592909,121.0960744,170.7722919,19.54813,82.3962,89.63388,2184543.406,9207943.438,10016768.94,2083463,8492489,4.408
"20",742.909,1.467199081,3.338161179,3.758738978,122.5730227,278.8772915,314.0132814,25.7623364,58.6142892,65.99915392,7.438027,21.49098,25.54418,832527.5026,2405454.015,2859122.773,5394527,5330178,5.559
"21",336.502,0.705741816,3.118057545,4.284558679,58.95921603,260.4893521,357.9414101,8.933852302,39.47090133,54.23741878,0,1.285606,3.633199,0,43087.4322,121767.6454,3352091,183870,5.516
"22",8.93,0.505090038,2.24989419,3.958068766,42.19632731,187.9610853,330.6657282,3.825013115,17.0382984,29.97419035,0.752416,37.10923,60.1921,16591.73589,818306.0213,1327312.851,1400631,808566,3.471
"23",743.068,0.84750795,2.657711216,2.807738164,70.80266919,222.0310122,234.5645918,19.11810954,59.95272863,63.33704097,2.076389,11.95671,12.98858,4315438.805,24850088.45,26994663.41,170536625,35425483,6.11
"24",6.857,0.83995285952,2.37767379398,3.64156111876,72.2244788892,194.666326818,303.897032712,28.5953302664,78.5339508792,118.9993014657,4.90055974527,46.62414283,74.7934927,1200615.3018867,9504920.9352285,15658242.503571,9049011.09,6422875.72,4.69417
"25",167.088,0.514931565,2.828763265,4.167510318,43.01850999,236.3210748,348.1629338,7.843800554,43.08971598,63.48245473,0.1288557,5.284159,9.337595,9117.761038,373904.2902,660723.2733,6173072,1004919,5.598
"26",3.205,0.573611327,2.538903881,3.542036729,47.92074575,212.1055873,295.9095012,36.10796922,159.820176,222.9658782,0.823905,80.15421,89.96324,158134.4265,15384225.16,17266900.15,3567793,14542831,4.741
"27",0.084,0.707986131,1.58855448,3.439233172,59.14671105,132.7113183,287.321067,80.83522961,181.3752565,392.6788828,42.48668,84.76974,97.167,4600043.04,9178040.095,10520294.41,4895650,5303620,3.775
"28",16.048,0.893473526,2.064990798,3.601684469,74.642734,172.5138512,300.892604,38.52634765,89.04186981,155.303704,11.02579,41.82046,66.43285,2708600.533,10273633.02,16319923.83,10458211,12376311,5.241
"29",264.982,0.678612354,2.130181041,2.976252719,56.69276143,177.9599867,248.6426666,10.6897202,33.55529731,46.88289067,0,0.4973831,0.4973831,0,181760.3028,181760.3028,35776913,71697,7.025
"30",169.068,0.619501806,2.521965051,3.364083781,51.75453686,210.6904804,281.0429223,13.88320642,56.5179327,75.39004581,0.1623494,19.00103,32.42308,872.6231545,102129.9662,174273.0823,384763,148150,5.90875
"31",12.837,1.020846914,1.705468567,3.267034795,85.28378563,142.478577,272.9352377,82.33635294,137.5544755,263.5025157,62.8391,81.09219,93.04771,2888102.631,3727019.758,4276498.805,991050,3555050,3.476
"32",5.844,0.708813159,1.761556199,3.216645812,59.21580272,147.1642606,268.7256318,36.5146798,90.74698992,165.7062802,17.41418,57.60084,83.21726,2615047.88,8649787.389,12496547.03,1695139,12314274,4.251
"33",733.723,0.622463862,2.106671037,3.075040316,52.00199348,175.9959095,256.8955987,10.00461942,33.85970377,49.42392635,0.1547775,0.6200612,1.807866,28588.08372,114528.0257,333920.7867,17602817,159864,6.151
"34",3.293,0.847186882,2.110779841,3.608958352,70.77584646,176.339168,301.5002801,30.79742586,76.73228543,131.1949342,0.07885481,3.222103,17.94347,1093239.143,44671074.89,248767370.9,1048983300,322236700,5.771
"35",600.693,1.024257877,2.611167317,3.266096458,85.56874495,218.142633,272.856847,23.07791175,58.83312227,73.58955935,2.649699,15.29894,22.39919,1295731.057,7481344.747,10953442.69,39113473,9115224,5.709
"36",8.05,1.100676758,3.461404191,3.357260846,91.95294552,289.1732824,280.4729195,29.69686059,93.39057717,90.58073281,14.84323,60.93004,60.2145,120807.8615,495904.7212,490080.9983,278318,499106,4.609
"37",16.672,0.986611486,2.575960331,3.876845836,82.42368303,215.2013644,323.8801868,44.85581396,117.1147904,176.2589206,36.00113,77.87475,90.04419,1839910.471,3979946.406,4601890.219,749347,4246301,5.213
"38",260.889,0.942631128,2.736463189,3.879117852,78.7494677,228.6101244,324.069996,15.2863986,44.37649658,62.90662372,0.5103955,4.925115,10.59034,25264.34247,243790.9269,524216.9584,4543420,264432,6.998
"39",4.625,0.814961923,1.618856167,2.889052155,68.08370288,135.2427876,241.3577406,25.8448894,51.33878944,91.62051781,9.432848,36.85344,68.84484,2305149.306,9006047.975,16823936.43,5199406,17909066,5.257
"40",114.487,0.673078637,3.262815203,4.373040879,56.23046257,272.5827237,365.3334068,7.771650708,37.67384477,50.49298014,0.3083222,2.453549,5.311003,12716.84472,101197.3891,219053.9651,4077496,126108,6.508
"41",11.301,0.86881452696,2.4315885872,3.66367298155,75.5406545031,206.056682492,305.873655591,28.48249012651,77.8434338375001,118.5406738339,4.23755736157,41.2334017,64.51641334,1551945.8609474,11270585.449536,14781378.489765,10682055,779377,5.418
"42",28.542,0.581570659,2.085576347,3.051524636,48.58568577,174.233613,254.9310472,9.553222324,34.25890599,50.12614175,0.002312479,0.05130247,0.05130247,27.27985227,605.2049781,605.2049781,1160985,0,6.26
"43",3.394,0.560192577,2.049379486,3.24618016,46.79971401,171.2096479,271.1929958,36.02248181,131.7827803,208.7415482,28.68827,87.43453,95.51018,23351897.19,71170626.73,77744106.01,21868430,54328189,4.311
"44",122.406,0.303741478,1.74842859,2.389893956,25.37522787,146.0675513,199.6569721,4.451481478,25.62408513,35.02507712,0.1092044,0.1425427,0.1710614,6295.611819,8217.558146,9861.655498,5660749,22734,7.515
"45",61.741,0.615534816,2.459454634,3.540836588,51.4231258,205.4682234,295.8092388,25.67767887,102.5987234,147.709703,3.311857,46.17658,66.70957,31267.14258,435951.7065,629803.0491,439594,487820,4.369
"46",205.201,1.180382518,2.875454061,4.024191138,98.61173919,240.2217261,336.1897358,15.24125693,37.12824737,51.96089413,0.5847719,7.921777,18.58065,61477.8359,832826.7935,1953408.075,8843851,1684543,5.168
"47",713.482,1.345774261,2.50948,3.182589661,112.4289274,209.647452,265.8805063,31.37819024,58.51125492,74.20553857,3.393462,10.93528,17.05914,569604.8471,1835526.224,2863438.232,13674280,2470088,5.354
"48",60.801,0.987348298,2.265912852,4.148056121,82.48523794,189.2993193,346.5376876,8.165371609,18.739102,34.30442909,0.7054973,26.9977,75.18362,680399.8897,26037281.93,72509032.64,88807929,4970243,4.472
"49",148.315,1.459323301,5.867017476,4.686519279,121.9150627,490.1434817,391.5220784,27.08448184,108.8895985,86.98000382,2.749257,54.69082,41.0972,175625.8913,3493716.304,2625339.275,4734359,1578120,5.462
"50",59.16,0.84448409136,2.48836184153,3.61583093051,73.9649099326,210.860018096,302.356748918,26.4528793738,69.6749713959,102.514112871,5.2731148712,38.3164303,58.31361363,901201.0075083,4121890.098104,13973906.157483,875665,299724,5.61563
"51",55.03,0.424691275,2.599478188,3.287714057,35.47963869,217.1660976,274.6628285,5.054385528,30.93721416,39.12812747,0.1485402,0.6071837,0.7833411,1956.844828,7998.940914,10319.61032,1278576,36831,6.453
"52",12.569,0.720331215,2.003412194,3.647435865,60.17804634,167.3694398,304.7147757,50.71781197,141.0582811,256.8123699,5.599133,52.99223,87.36121,5957478.856,56383745.44,92952348.41,27964449,71908584,4.549
"53",2.231,0.848623732,2.557932049,3.955216302,70.89588406,213.6952422,330.4274271,10.98752775,33.11874072,51.21003245,0.03736218,7.515299,28.74499,327.837811,65943.66745,252225.5018,812748,79401,5.86302
"54",63.891,0.281521543,2.48,2.574301349,23.51892593,207.1846282,215.0627693,3.962456887,34.90636262,36.2336679,0.06272282,0.09872849,0.09872849,3454.907152,5438.176508,5438.176508,5348022,131509,7.889
"55",544.493,0.319270299,1.903125749,2.994268773,26.67253963,158.9912906,250.1477672,4.059037715,24.19535799,38.06758693,0.002388263,0.02060666,0.0396873,1596.915494,13778.67288,26536.97029,65757955,866113,6.714
"56",24.262,0.9553951,2.569921043,3.759603537,79.8157978,214.696829,314.0855085,21.99218217,59.15685746,86.54208702,1.150285,15.18224,32.0472,23751.34925,313486.3834,661717.9565,808743,1121432,4.914
"57",49.241,0.98305743,2.529438269,3.849925952,82.12676944,211.3148095,321.6312408,38.99404664,100.3329315,152.7115177,3.858992,47.66144,73.06253,85433.99235,1055173.76,1617526.968,1164801,812789,5.164
"58",63.422,0.84810034034,2.41372975876,3.62377771213,74.2284134402,200.803973702,302.418741548,26.5696659372,69.8123236287,110.3601547918,4.2933428425,42.0347055,68.51667331,930396.0333654,8272608.001767,19112490.079678,3207857,509243,5.123
"59",121.539,0.266420584,2.258621347,2.778415742,22.25735877,188.690171,232.1149325,3.672619731,31.13519677,38.30058588,0,0.2406784,0.2406784,0,198937.5499,198937.5499,81033118,653493,7.312
"60",10.17,0.823971445,2.514906339,4.250567979,68.83637802,210.1007802,355.1017527,50.05460845,152.7755032,258.2134578,5.28721,34.26132,60.90227,1539713.327,9977400.368,17735636.9,4109840,23472981,5.319
"61",56.893,0.677560681,2.580448916,3.085863011,56.60490235,215.5763506,257.7997503,7.706613058,29.35017021,35.09877836,0.45555,2.04858,2.895735,48992.94018,220318.2031,311427.0039,10712674,108209,5.788
"62",204.571,0.91127235196,2.49697400464,3.53993088675,80.499210002,212.248155108,297.23202343,27.7852906753,68.2100553526,93.1456248471,3.5233925721,32.7822226,50.75908045,989998.936551,12303921.596255,14699399.59729,10385302,5867127,6.262
"63",5.406,0.903217626,2.214249044,4.147675709,75.45677748,184.9832117,346.5059072,24.58392943,60.2678033,112.8921358,8.894817,59.42562,90.28445,1073385.51,7171209.869,10895111.21,2430398,9661135,4.768
"64",20.833,0.925029393,1.857224191,3.778343141,77.27898019,155.156574,315.651056,26.10351682,52.4092351,106.6215241,45.31672,78.24714,92.62132,828455.804,1430471.96,1693252.957,368269,1402257,4.24202
"65",151.292,0.726962015,3.605647519,4.771648186,60.73199795,301.2236858,398.6339337,18.50998834,91.80740137,121.4962411,3.969284,25.4164,39.30348,30770.72312,197033.2702,304688.8307,643246,125268,5.993
"66",20.346,1.094127898,2.928761213,4.698406729,91.4058394,244.6751222,392.515182,41.09860075,110.0127216,176.4857132,14.42873,60.68664,82.16744,1584615.938,6664828.918,9023928.994,2956253,7754808,3.615
"67",266.442,1.145273549,3.471640373,3.649055412,95.67865908,290.0284355,304.8500762,32.60270703,98.82780761,103.8783133,12.80576,46.9657,48.85315,1207456.775,4428401.959,4606369.864,7401645,1559184,5.93
"68",163.348,0.45006955,2.342294252,3.721089004,37.59979528,195.6803887,310.8679202,6.690511856,34.81939065,55.31587313,0.3069299,1.281289,3.021302,30042.19426,125412.1317,295724.0125,9646167,196861,6.038
"69",32.234,0.382420976,2.450969495,2.386684087,31.94828534,204.7593563,199.3888126,4.271764756,27.37811411,26.66002552,0,0.01792546,0.01792546,0,61.55602964,61.55602964,326845,3970,7.575
"70",86.963,0.788195593,2.124408033,3.219106537,65.84758505,177.477697,268.9312061,27.32972627,73.66127208,111.6186151,0.6541131,42.66327,71.48567,8756342.804,571115633.2,956949237.2,518385376,790668604,4.225
"71",49.4,1.020366482,2.663409884,5.056987635,85.24364932,222.5070914,422.4718158,20.86858118,54.47217871,103.4257385,1.066842,35.58759,71.30388,2823353.463,94181092.86,188702785,156962565,101199548,5.347
"72",396.45,0.870882295,2.008571733,3.459457249,72.75541312,167.800479,289.0106306,21.81011213,50.30206145,86.63759836,0.03890009,2.204791,10.49139,31382.23955,1778692.011,8463818.828,71424438,7936049,4.865
"73",266.617,1.164338457,2.504804723,3.919958686,97.27138321,209.2568691,327.4819287,25.02542643,53.83641323,84.25268194,0.706506,18.24499,50.81578,265312.6509,6851501.138,19082738.58,30914996,5200653,4.785
"74",382.762,0.577231411,2.058216272,2.470563485,48.22317552,171.9478924,206.3962812,11.81372843,42.12384777,50.56302468,0.1854279,0.3040497,0.3353735,8914.238613,14616.84879,16122.70539,4232536,444299,7.035
"75",286.868,0.508129071,1.918522938,2.675549201,42.45021475,160.2776055,223.5212365,6.230197422,23.52311126,32.80505032,0,0.4831344,0.9977683,0,42096.94968,86938.54528,8380100,0,7.195
"76",623.534,0.316287353,2.256911343,3.093535301,26.42333779,188.5473135,258.4407102,3.563861467,25.43041726,34.85732559,0.996795,1.881131,2.472911,603426.8885,1138774.799,1497018.936,60426929,303653,6.488
"77",66.19,1.014786055,4.057104501,5.497522295,84.77744822,338.9393902,459.2750456,15.58050759,62.29071352,84.40615377,0.876297,34.51796,52.39908,25595.34721,1008218.87,1530500.1,2349242,522692,6.309
"78",13.678,3.034385921,3.649771285,5.199124462,253.4992416,304.9098818,434.3462374,35.14447641,42.27191404,60.21663419,0.9434035,1.209406,1.616443,1196101.646,1533355.036,2049420.141,127141000,0,6.118
"79",65.47,0.643548024,1.610624012,4.130602626,53.76341055,134.5550553,345.0795845,13.79841212,34.53363704,88.5648859,0,0.3593719,19.90089,0,35143.59981,1946142.462,9031072,128230,4.094
"80",118.285,0.652794041,1.759645705,2.796565717,54.53584305,147.0046538,233.6312211,7.72641415,20.82701529,33.09991139,0,0.1029689,1.16534,0,18573.29953,210201.4188,17105523,438603,6.168
"81",17.37,0.766345623,1.851108442,3.084440941,64.0221907,154.645651,257.6809474,21.26219634,51.35885164,85.57756047,10.6535,55.18997,78.95827,5350344.626,27717215.88,39654006.25,14218114,33018145,4.547
"82",177.026,0.88909629567,2.52191722395,3.53376030895,80.877605998,213.495137902,304.10878572,27.9334049853,72.2387818524,98.5527930527,3.8823204481,32.932136807,52.33818945,904455.209777845,11840616.145171,12801919.13662,3935794,0,6.106
"83",174.428,0.964181593,2.45844371,3.641826927,80.54984068,205.3837686,304.2461928,21.95190177,55.97235545,82.91490687,0.2792233,22.42636,57.584,17306.81858,1390030.646,3569171.488,5557788,399112,6.25
"84",33.4,0.448210108,2.058050542,3.328510193,37.44445349,171.9340469,278.071027,6.133481535,28.16316446,45.54862871,0.1421721,1.378721,2.62944,2761.334769,26778.18105,51070.24581,1736269,241258,6.229
"85",86.441,0.84482425943,2.35148605852,3.60601846302,74.1130373762,195.319778561,300.487047686,26.5492728406,67.5496379452,108.8243500591,4.136763101,42.7999086,69.38722281,1788204.8779362,17254162.405971,32324647.486174,4722144,1129335,4.024
"86",20.072,0.607529939,2.306327231,4.189361766,50.75438087,192.675625,349.9884516,23.5681349,89.47021014,162.5194693,6.356867,51.53199,76.94296,132948.2793,1077746.223,1609194.299,658917,1515728,3.512
"87",16.213,0.970414826,2.982044337,5.066444218,81.07057863,249.126511,423.2618395,127.3360987,391.2985269,664.809753,26.97557,87.50218,97.57058,1268452.806,4114552.009,4587991.133,760436,3739185,5.121
"88",118.173,0.83809805325,2.51876815859,3.62302520746,74.1249571916,210.884609805,303.867697432,25.90875377481,70.3880426263,107.3369464592,4.5615955553,39.752012507,63.1961323,1167756.5045346,8568202.78265,19037308.9987634,6022967,211988,5.33
"89",26.221,0.84953982204,2.37159688948,3.64941212906,74.6618188453,197.645523281,302.226571432,26.45371458951,66.0788816063,102.747321229,3.7428167729,41.2363154,68.7178927,986620.0643504,8895120.088322,22169100.571656,16059782.43,2405222.07,4.94199
"90",51.795,0.512512295,1.999557172,3.215128148,42.81639892,167.0473828,268.5988427,4.492018174,17.52552523,28.1796441,0.8064244,1.322372,2.856601,22808.93192,37402.00932,80796.18838,2684137,220773,6.391
"91",234.833,0.334489337,2.038379917,2.491222593,27.94397138,170.2907199,208.1221882,4.005149997,24.40740677,29.82971067,0.1291701,0.3475719,0.4126038,770.2878075,2072.696366,2460.504997,555934,13670,7.404
"92",8.812,1.07819951,2.588895697,3.45983533,90.07514702,216.2820131,289.0422163,58.73564044,141.031827,188.4768469,70.25125,93.5762,96.73974,17963623.98,23927939.65,24736873.91,2908091,21325997,4.339
"93",9.566,0.28486552,1.615605276,2.703610821,23.79828901,134.971201,225.8655657,21.90721089,124.2460146,207.9176606,1.302718,79.03726,92.84431,230193.6577,13966089.34,16405830.97,7205179,10368428,3.869
"94",7.353,0.908167921,2.383309207,3.962462647,75.87033594,199.1068677,331.0328026,10.43814427,27.3928695,45.54307174,0,0.3087978,2.754231,0,96051.64215,856704.3237,29494229,1228926,5.428
"95",68.45,0.422614866,2.68616602,3.638542468,35.30617095,224.4081888,303.9718019,14.46101393,91.9150918,124.5034605,0,0.5116307,2.729918,0,2539.745027,13551.36755,400571,8592,5.198
"96",6.716,0.599600045,1.98490498,3.25869826,50.09190015,165.8233066,272.2387853,23.27170321,77.03821906,126.4767397,4.556961,70.88705,90.62164,843602.5747,13122889.99,16776235.05,4314573,13153332,4.988
"97",124.564,0.763473885,2.727949045,3.932199898,63.78227948,227.8988341,328.5045863,11.18872343,39.97814199,57.62645976,0.1004015,0.2212111,0.3113678,469.878016,1035.265736,1457.19819,431874,0,6.157
"98",35.056,0.87682579,2.813919311,4.429886868,73.25194567,235.0809784,370.0824451,26.33259037,84.50684894,133.0371411,1.558018,38.10409,68.03631,66723.27378,1631835.851,2913705.323,1672936,2509405,4.153
"99",7.863,0.813268366,2.518435227,3.719799844,67.94221937,210.3955912,310.7602209,7.803701639,24.16559888,35.69327096,0.008474872,3.255958,12.04238,107.174333,41175.26814,152289.503,1175485,87120,6.015
"100",696.596,0.661079505,2.551728019,3.266979428,55.22802883,213.176944,272.9306122,8.387502822,32.37526772,41.45008121,0.3591183,10.29462,17.93763,448098.2047,12845351.35,22382094.7,107259089,18631860,5.964
"101",423.901,0.801924017,1.683741188,2.878004293,66.99448763,140.6634242,240.434778,11.57654974,24.30643451,41.54677892,0,0.1976474,4.655106,0,5445.498153,128255.5254,2715339,838769,5.812
"102",25.482,0.82766444236,2.49642220816,3.53937916967,71.4510909035,212.653718641,301.067683606,27.2958389632,71.8356402689,107.5311180247,6.3680528732,38.513281514,56.91335323,996039.801759,10909586.0501663,21575027.127298,38307,0,5.80222
"103",437.855,0.560815752,2.336085919,3.763333674,46.85177542,195.1617309,314.3971323,5.117920388,21.31876952,34.34361834,1.260342,6.163432,14.87213,7844.028316,38359.53664,92560.12164,596650,25509,5.722
"104",93.334,0.607821254,1.911529014,2.889392766,50.77871794,159.6933178,241.386196,14.38297969,45.23284241,68.37220189,0.02480398,3.521767,13.70442,8825.577048,1253090.27,4876209.971,26694148,8109174,4.803
"105",2.848,0.382520329,1.969263689,3.488296239,31.95658557,164.5165989,291.419903,24.38008097,125.511782,222.3279085,8.464884,78.01917,90.62317,2425105.21,22351717.47,25962638.32,5742192,22268499,4.932
"106",21.081,0.909689542,2.5998543,3.665605709,75.99745545,217.1975188,306.2327242,25.383855,72.54598582,102.2845702,0.166441,24.74539,51.92937,88850.50164,13209727.86,27721238,41713321,10690348,4.431
"107",52.343,1.008157292,1.83890403,3.187241981,84.22366683,153.6260677,266.2691713,30.32594162,55.31527343,95.87404169,9.829656,25.26397,45.98487,236167.6099,606992.9011,1104833.866,834393,1591168,4.451
"108",30.065,0.986364173,2.564141513,3.836645519,82.40302194,214.2139944,320.5217644,25.25250389,65.64613288,98.22427517,1.988262,44.20274,72.0897,549299.6082,12211945.79,19916310.81,13124577,15531705,5.449
"109",416.227,0.300922706,1.794010588,2.768451443,25.13974151,149.8755713,231.2824932,4.317916748,25.74211987,39.72429671,0.01160897,0.2121892,0.3128131,1988.767013,36350.75993,53588.93809,16550305,389618,7.504
"110",5.184,0.85872777791,2.37381926145,3.47318483388,73.757834134,196.189797512,291.464611266,27.79162962771,70.5119981363,107.4931066818,4.01522341847,35.83863734,57.08277839,1139059.846796,15134039.4854761,15598591.887381,19196230.8,1389456.77,7.257
"111",23.549,1.43555517,2.550074601,3.51918096,119.9294211,213.0388138,294.0000802,42.05064417,74.69742849,103.0847364,3.431858,14.81904,27.84136,219119.1571,946174.2164,1777630.466,4129702,1952333,6.113
"112",2.85,0.608233806,1.657867923,3.607580503,50.8131835,138.501915,301.3851715,86.72748077,236.3938125,514.4014775,5.401048,58.42961,91.94135,1166759.882,12622240.14,19861604.39,2168769,17728196,5.004
"113",5.506,1.3811754,2.114463238,3.388323049,115.386416,176.646887,283.0679239,23.35485848,35.75432177,57.29453717,44.86684,69.88703,89.12486,85638823.05,133395688.1,170115571.2,52542706,128639038,5.503
"114",51.649,1.084304198,2.753281206,3.458190307,90.58514604,230.0151384,288.9047876,14.52968225,36.89398339,46.33976923,0.222648,0.3605376,0.4563593,11749.06371,19025.45378,24081.93423,5090023,98584,7.29
"115",235.576,0.88891662883,2.54392705,3.48973389971,80.3770070296,211.973133201,295.762342721,27.3721355066,72.7963257408,98.3632948201,4.0147902709,32.964101107,52.56091073,982671.171957145,11682853.579063,12701572.500473,4061216,138594,6.853
"116",30.599,0.767463234,1.94525909,3.827949612,64.11555841,162.5112022,319.7952892,20.90436108,52.9854677,104.2666766,0.04515375,24.10479,75.2726,93873.14985,50113059.58,156489240.9,120256626,69123887,4.443
"117",614.17,1.127964567,3.223740157,4.876472158,94.23262882,269.3183089,407.3911578,13.78461908,39.39665427,59.59434641,1.85989,11.42699,19.78807,76381.42315,469280.3115,812650.7202,2976937,992312,6.086
"118",0.782,0.83756157919,2.23433676783,3.74647090862,72.2530589294,182.359588577,314.474748907,29.57230041255,79.3389144507,130.1714261703,7.9745259199,48.0470805,77.7692907,1211557.3470097,8682325.811797,12061687.96059,1496847,6422978,3.82184
"119",186.049,0.949812696,3.886502873,3.603425935,79.34943156,324.6869568,301.0380898,16.1907157,66.25018108,61.42478945,0.1282366,17.94588,15.44793,8806.086829,1232354.706,1060818.931,5882259,756860,5.653
"120",1038.977,0.91506283,2.239451954,3.591001371,76.44635171,187.0887179,300.0001146,20.64388293,50.52219634,81.01324794,1.298749,10.30363,22.43048,408382.4928,3239904.019,7053106.75,23909023,7467648,5.999
"121",64.363,1.157734234,2.819760223,4.07534677,96.71965196,235.5689409,340.4633893,17.63895856,42.96118423,62.09099695,3.313564,42.61489,64.24689,3484983.414,44819470.76,67570551.23,75168389,26547970,5.08
"122",121.94,0.397012866,1.961194354,3.097216182,33.16732385,163.842469,258.748219,5.196970716,25.67239122,40.5431238,0,0.02204507,0.449238,0,8371.576974,170597.3488,36922792,1063620,6.139
"123",232.526,0.417757991,1.863018265,2.688893108,34.90041695,155.6406236,224.6360157,4.616332218,20.58682641,29.7129538,0.1087342,0.465337,0.9322764,11199.9488,47931.10701,96027.26603,10327002,31074,5.768
"124",79.832,0.8469281828,2.49543030799,3.50503468211,75.5137897143,212.231949495,296.633234675,26.9504014183,71.8521799517,100.3783782277,4.5235634733,35.040429407,54.86801505,896941.6192434,3790409.099544,14006126.0710514,2431908,49631,6.375
"125",341.725,0.508367756,2.271961773,3.306929619,42.47015507,189.8046594,276.2681386,4.759807879,21.27220189,30.96252558,0.7519175,6.444023,11.02077,147281.7726,1262222.425,2158692.332,15674045,4141436,6.13
"126",182.198,0.621210643,2.270001586,3.398629889,51.89729684,189.6409011,283.9289799,6.770769513,24.7414588,37.04273244,0.001276778,0.4716394,2.541048,1844.902587,681503.5576,3671731.522,104037940,40058930,5.495
"127",2.702,0.762956708,1.310426108,3.607720503,63.73907337,109.4758653,301.3968674,52.86538101,90.79961513,249.9794771,23.69054,56.56786,91.14971,2838348.672,6777359.669,10920589.33,7163805,4465748,3.268
"128",1237.551,0.97062861938,2.53017636962,3.5082693104,85.8227069506,212.732774347,296.239607543,26.136337147,63.108153591,88.1005375706,3.5392643691,31.1177015,46.73220943,1133043.9621706,6657380.660098,13977709.83342,29070561.22,6783529.11,5.89742
"129",68.443,0.895221716,2.528955099,3.2009921,74.78878163,211.2744444,267.4178864,19.10498482,53.97059513,68.31258044,18.5827,71.84284,81.26451,38482.7276,148778.6189,168289.8611,67857,127696,5.21101
"130",153.071,0.8720606785,2.49574017312,3.45486702624,80.2335753711,212.230041633,297.18966056,26.6817348665,66.6835157145,93.8009996098,2.9838370562,30.483509889,50.09216412,992799.228678645,5289725.668725,8145072.5970089,31557144,0,6.56
"131",19.231,0.744343569,1.857560211,3.178888156,62.18409098,155.1846459,265.5712745,23.01494333,57.43536287,98.29053922,8.035439,49.44025,77.24802,1239014.954,7623380.515,11911166.52,7129049,7847945,5.489
"132",117.274,0.613036548,2.721453576,4.336531784,51.21441502,227.3561884,362.283357,9.152198781,40.62936245,64.74132912,2.950878,12.28619,23.87022,207176.9541,862595.9535,1675894.25,6839949,255434,6.042
"133",9.277,1.241975289,2.201196701,2.770219681,103.7573341,183.8927904,231.4302156,57.83079465,102.4955613,128.9912987,40.10301,76.5531,85.57656,3003086.233,5732626.072,6408341.648,962524,6274501,3.447
"134",4.786,0.85993121034,2.4674420103,3.56876019372,76.8764403031,207.02300671,301.76295258,27.62884198771,74.0348787655,111.4789386223,4.4160747092,34.650053217,55.61389929,1101197.75252804,11145636.176293,13219409.327923,5535002,0,6.378
"135",32.237,0.387426943,2.110823834,3.333447784,32.36649482,176.3428433,278.4835241,5.577298781,30.38687786,47.98745827,0.5420523,1.311294,2.348883,29483.48216,71324.32286,127761.1958,5358715,65086,6.519
"136",92.355,0.440995618,2.047126761,3.041276348,36.84173919,171.0214503,254.0748829,6.205535896,28.80645084,42.79577567,0,0,0.01920434,0,0,396.8361772,2044959,18572,6.462
"137",6.544,0.82361627675,2.3192035714,3.67407292161,69.6911845061,190.956115143,305.816639593,28.7975271252,82.0371575143,128.7627035409,5.122421725,45.81206413,74.7215745,1113545.8426379,9707347.056765,14886966.091121,2915110,9489615,4.668
"138",321.251,1.264708811,3.407425561,4.276109309,105.6565422,284.6637896,357.2355313,29.2795996,78.8861873,98.99730862,18.0559,54.05105,61.10259,10291944.43,30809342.27,34828751.87,36527953,18484024,4.947
"139",8.992,0.68144879,4.320287496,4.860810844,56.92972348,360.9262737,406.0827773,13.13085791,83.24775401,93.66311521,0,0.9978241,1.228063,0,512501.5262,630756.6251,51014947,0,5.793
"140",5.003,0.81457509577,2.25721403896,3.69981226099,68.102360358,183.77489686,309.040963454,30.25978863185,82.2476218193,138.4165478927,8.4384155378,51.2429725,79.5577170000001,1272023.4756256,9199054.363421,12123517.47909,796103,11086033,2.817
"141",754.96,0.442280512,1.770827881,2.715095317,36.94908205,147.9388371,226.8250056,6.080570696,24.34573494,37.32773335,0.5017389,0.9513059,1.480493,233776.3898,443244.2031,689809.5975,46401249,46448,6.502
"142",0.887,0.971934199,2.227864363,4.050519973,81.19751039,186.1206652,338.3893043,17.60403343,40.35190729,73.36452306,0.08013956,10.67173,45.437,17185.12725,2288445.781,9743510.28,19938666,1027334,4.213
"143",19.088,1.078303515,2.088458248,4.232425264,90.08383584,174.4743733,353.5860705,24.17271361,46.81771173,94.87978326,5.536669,35.98657,81.57917,2259702.644,14687341.32,33295229.71,8906147,28831766,4.139
"144",189.215,0.89151740233,2.52610365563,3.5163767136,78.9002849231,211.265763152,297.815385064,27.6941429395,73.4552908161,105.9334817026,4.8939766411,33.909537514,53.72433305,869541.0553265,12319381.334807,12307539.305955,438141,115067,6.269
"145",585.983,0.822322346,2.502307275,2.889616398,68.69860871,209.0482268,241.4048787,11.10858749,33.80316664,39.03524782,0.1356052,0.3259973,0.3404294,13638.76149,32787.82392,34239.36096,9730592,68594,7.314
"146",222.887,0.422059823,2.123611479,2.45778473,35.25980145,177.4111511,205.3287159,5.577981123,28.06584301,32.48230717,0,0.02182594,0.02182594,0,1844.693527,1844.693527,8274114,8282,7.508
"147",15.714,0.85567357778,2.23704251304,3.6426386021,75.3106314371,185.640865547,302.541677084,28.45354424475,79.5608575101,120.7835210258,6.23801575387,47.3786694,72.50477554,1267961.4850213,9159633.594407,12258765.70407,17929383,805604,3.462
"148",8.493,0.911056262,2.344516378,3.217305785,76.11163426,195.8660299,268.7807673,36.19254302,93.13805678,127.810414,0.7854215,16.24259,34.01277,69747.53413,1442385.522,3020425.13,8121218,427433,5.373
"149",0.352,0.993807355,1.943333143,2.670800338,83.02484168,162.3503044,223.1245061,37.34486265,73.02573176,100.3621791,31.10177,71.84402,84.53875,17001442.32,39272747.56,46212182.83,8405273,45474684,3.786
"150",0.845,1.046140589,2.883112817,5.012801356,87.39687457,240.8615553,418.7803973,17.28115243,47.62601951,82.80625501,0.002042557,2.216301,19.70135,1413.650799,1533898.775,13635276.36,63851568,4806032,5.885
"151",6.523,1.938657561,2.309871612,6.206968342,161.959696,192.9717303,518.5437211,143.9768989,171.5455881,460.9684924,66.35256,74.28932,97.28955,5108135.243,5719144.728,7489811.684,860349,6556453,4.179
"152",75.742,1.008387702,3.134152422,4.08868259,84.24291577,261.8339534,341.5774929,12.85923731,39.96757366,52.14000489,0.1681227,3.472017,7.340323,2326.939216,48055.21513,101595.3554,1244484,115608,6.192
"153",83.174,0.603618059,1.881483827,3.447835621,50.42757388,157.1832772,288.0397344,11.11575981,34.64794,63.49265403,0,1.57308,13.31939,0,179857.2051,1522864.864,10326673,946988,4.731
"154",117.976,0.734378871,2.370504554,3.440223518,61.35161827,198.037139,287.4038026,9.986639878,32.23591562,46.78276397,0,2.007663,6.668437,0,1628252.678,5408228.574,74279627,3991845,4.862
"155",2.252,0.648064841,1.799356803,3.000061375,54.14075527,150.3222058,250.6316938,42.58860861,118.2475855,197.1537903,7.880419,60.01055,81.69172,3243774.713,24701821.64,33626325.65,7667670,32477200,4.641
"156",150.685,0.898779863799999,2.42757466303,3.60999264749,79.3130506412,208.218877285,301.831907291,26.6726724647,66.9251165741,93.8384264977,3.3438135705,36.2949077,62.1877204,1085360.6437966,9742781.09291499,16562165.143171,43302714,1851315,5.27
"157",48.734,0.85203362893,2.4223419989,3.5415731129,75.4327850925,207.767812667,295.499789531,26.11996625311,67.1041336719,97.1860471622,3.6375750024,33.2661993,54.03571106,927317.131865144,4737666.45696,4430185.7648904,8934599,219703,6.458
"158",668.253,0.265348333,1.539730769,1.887692082,22.16778056,128.6324786,157.7019283,4.963690084,28.80269213,35.31176681,0.1003027,0.3433783,0.4246,66258.81917,226831.787,280485.9153,64607830,521031,6.798
"159",684.958,0.9044263,2.21435,2.974152331,75.55775272,184.9916458,248.4671956,12.8980859,31.57899822,42.41459171,0.9991196,1.499683,1.499683,3246994.217,4873752.881,4873752.881,320896618,0,7.028
"160",15.545,0.694181218,2.128675062,2.961332191,57.99341841,177.834174,247.396173,9.391300947,28.79799626,40.06268259,0.02453968,0.3399476,1.307074,843.3419311,11682.7956,44919.50634,3308016,123536,6.31
"161",16.642,0.87909029844,2.46698757799,3.58707539093,78.882348758,210.434197003,302.99099922,28.8868371248,71.2843408825,106.2825984703,3.30713999497,32.611277658,51.65607552,996946.594200644,8301497.495388,13806069.558677,31298900,0,6.154
"162",27.43,0.85721949535,2.35597064938,3.62390588305,74.4719679787,196.425506615,302.131120317,26.31968894311,65.4533446003,104.3681890098,3.4482591738,40.1736772,67.9629252,1029041.8602018,11337327.596531,18931151.325341,29410446,1744688,4.574
"163",0.36,0.974507314,2.513795511,4.306775634,81.41247403,210.0079792,359.7974631,28.58516223,73.73700685,126.3303809,0.4951231,10.18864,32.01523,468369.8264,9638111.305,30285332.51,71536374,20176926,5.467
"164",20.117,0.84960848767,2.31372557622,3.65317853568,73.9914885901,191.867365411,303.229014402,26.7390874867,71.0872935524,110.4246822347,4.6737165663,43.1713848,73.769662,1482506.0422298,13345368.30267,30197751.11901,13277013,11632956,4.197
"165",18.93,1.278012074,2.379476799,3.306079267,106.767926,198.7867,276.1970983,75.42884391,140.4377844,195.1262762,57.78896,77.14788,84.97017,9739571.017,13002262.99,14320607.34,7068158,9032429,4.838
"166",16.282,0.774647423,2.29716701,3.967124844,64.71574124,191.9103601,331.4222928,34.26312295,101.6050831,175.4683258,8.090322,63.16433,82.59679,1151798.513,8992544.593,11759094.37,5806102,9971349,3.16
"167",237.838,0.449308988,2.407971577,3.108033837,37.53625634,201.1672161,259.6519496,5.952627554,31.90178325,41.17649176,0,0.1187588,0.188587,0,12581.82744,19979.73279,10451144,94915,6.897
