"","total_confirmed_deaths_due_to_covid_19_per_million_people","age_standardised_diabetes_prevalence_male","cardiovascular_diseases_ihme_2017","meningitis_ihme_2017","prevalence_of_obesity_female_who_2019","healthy_diet_cost_percent_cannot_afford","income_classification_world_bank_2017","gdp_growth_from_previous_year_2020_q2","gdp","national_poverty_lines_jolliffe_and_prydz_2016","percentage_contribution_of_deprivations_in_education_to_overall_poverty_alkire_and_robles_2016","multidimensional_poverty_headcount_ratio_alkire_and_robles_2016","share_of_people_who_disagree_vaccines_are_important_for_children_to_have","share_of_people_who_disagree_vaccines_are_safe","share_of_people_who_agree_vaccines_are_effective","general_hospitals_per_million_population_oecd","not_for_profit_privately_owned_hospitals_per_million_population_oecd","psychiatric_care_beds_per_1_000_population_oecd","publicly_owned_hospitals_per_million_population_oecd","out_of_pocket_expenditure_per_capita_on_healthcare_ppp_usd_who_global_health_expenditure","infant_mortality_rate","case_fatality_rate_of_covid_19_short_term","biweekly_deaths_per_million_people","weekly_cases_per_million_people","weekly_case_growth","doubling_days_of_total_confirmed_deaths_3_day_period","days_since_10_daily_new_confirmed_deaths_recorded","case_fatality_rate_of_covid_19_only_observations_with_100_cases","days_since_30_daily_new_confirmed_cases_recorded","total_confirmed_deaths_due_to_covid_19","daily_new_confirmed_cases_of_covid_19_per_million_people","daily_new_confirmed_deaths_due_to_covid_19_per_million_people","total_confirmed_cases_of_covid_19_per_million_people","population_with_access_to_improved_sanitation_x","debt_relief","stringency_index","deaths_from_anthropogenic_pollution_as_a_share_of_total_air_pollution_deaths","yll_rates_from_anthropogenic_air_pollution_per_100_000"
"1",39.277,11.565728,830.19,17.89,7.6,NA,1,NA,67594970922.535,NA,39.7,66.2,2.09669366,4.470985575,95.97216632,NA,NA,NA,NA,144.16689,5616.784475,7.317,1.259,19.78,102.099737532808,175.6,184,3.716,216,1529,2.903,0.18,1056.942,10761942,0,52.31,17.27616646,600.0922311
"2",169.226,7.6878707,374.06,0.98,21.8,42.00774,3,NA,34009113044.8984,3.8,32,1.4,1.670224002,15.84816122,73.89177299,NA,NA,NA,NA,440.42001,1089.713154,2.367,20.154,722.079,9.42601369141654,71.29,NA,2.468,185,487,98.686,2.432,6855.584,2684815,1,37.96,53.4965035,1087.400759
"3",44.035,12.2647583,287.77,1.04,34.9,25.60362,3,NA,590317549399.484,NA,46,1.5,3.702127351,11.27569803,64.46481095,NA,NA,NA,NA,289.74506,1398.36594,6.203,2.577,42.576,29.6527777777778,166.27,209,3.405,220,1931,6.545,0.205,1293.151,34927459,1,50.46,8.750778816,185.7236494
"4",931.858,8.0856197,130.3,0.46,25.3,NA,4,NA,NA,NA,NA,NA,NA,NA,NA,NA,NA,NA,NA,2164.9558,174.268463,1.608,194.137,10185.724,25.3184713375796,48.86,NA,1.633,223,72,1100.11,0,57076.296,78014,1,46.3,NA,NA
"5",8.215,8.5194139,353.12,14.06,12.1,90.50985,2,NA,175929578041.567,2.17,NA,NA,NA,NA,NA,NA,NA,NA,NA,65.277954,4544.832134,2.304,1.552,55.224,35.3467561521253,111.25,21,2.8,122,270,8.002,0.061,293.432,14375401,0,56.94,57.20160096,2494.512829
"6",30.635,9.9233293,225.66,1.38,25.9,NA,4,NA,NA,NA,NA,NA,NA,NA,NA,NA,NA,NA,NA,268.01904,879.2413213,0,0,51.058,-37.5,5.13,NA,2.419,125,3,0,0,1266.236,87487,NA,NA,8.333333333,119.5652174
"7",657.805,9.8786283,224.34,1.12,29,8.5967,3,NA,829373254831.057,NA,41.9,2.9,1.212598334,4.845372479,89.458929,NA,NA,NA,NA,245.00212,949.6708534,2.888,114.126,2159.715,-4.27013455729473,54.3,201,2.663,222,29730,316.578,9.492,24705.76,41854725,1,75.93,70.32230806,560.9692315
"8",419.474,10.986533,353.31,0.34,23,36.6346,2,NA,33296515549.8058,3.87,25.8,0.3,12.17313418,20.57026165,55.14177206,NA,NA,NA,NA,720.97192,791.1301337,2.916,68.844,5384.995,97.732342007435,39.98,153,1.504,224,1243,756.268,7.087,27892.161,2610670,NA,NA,30.47024952,890.3909874
"9",35.49,6.7891865,128.73,0.2,28.4,0.7444149,4,NA,1238559648720.32,28.14,NA,NA,3.276187107,6.906214946,90.24709053,38.77,4.71,0.42,28.73,838.4942,335.9743509,0,0.235,4.353,-1.76991150442478,1880.85,93,3.286,229,905,0.549,0,1080.044,23789338,0,71.76,25.11755151,212.2491463
"10",111.698,5.4147456,178.03,0.28,18.3,0.5476114,4,-13.3,382269444359.619,27.02,NA,NA,11.78723186,21.05363097,68.44639721,13.19,4.43,0.61,16.71,920.96967,281.0260831,0.989,14.101,2146.474,81.4870446864438,73.67,215,1.146,235,1006,299.565,1.999,9742.627,8633169,2,56.02,89.58646949,1994.1835
"11",67.856,11.572171,538.85,1.33,23.6,0,3,NA,160426221650.639,5.19,24.4,5.3,8.316148363,11.22187567,69.48001549,NA,NA,NA,NA,936.67621,3196.537872,3.238,7.496,519.766,50.6575185820469,58.56,110,1.345,214,688,65.39,0.888,5044.691,8616862,0,61.11,13.49703097,443.4078327
"12",335.666,11.2055637,303.91,1.3,38.1,NA,4,NA,NA,NA,NA,NA,NA,NA,NA,NA,NA,NA,NA,471.66946,1062.501087,1.19,61.03,1472.353,-23.8157894736842,136.2,64,2.03,96,132,91.545,0,16534.096,355891,1,57.41,29.46859903,433.5051546
"13",185.709,12.006818,249.93,0.82,36.8,NA,4,NA,62559305437.2192,NA,NA,NA,NA,NA,NA,NA,NA,NA,NA,615.72601,533.1194641,0.409,17.631,1175.376,-11.5435647943388,163.23,NA,0.392,232,316,0,0,47328.282,1360880,1,53.7,16.01343785,291.9389978
"14",35.449,10.2542749,313.8,0.98,5,77.60098,2,NA,686521749312.877,NA,21.1,41.3,0.396651362,0.908196083,97.81296397,NA,NA,NA,NA,63.223766,3186.298445,1.417,1.585,60.702,-3.07349234050804,208.27,194,1.454,204,5838,8.106,0.121,2438.445,97687737,0,35.19,74.09145402,2301.744043
"15",24.359,10.5051944,198.43,1.35,31.3,NA,4,NA,3516161101.8708,NA,0,0.9,NA,NA,NA,NA,NA,NA,NA,557.15704,1116.610777,0,0,38.278,-8.33333333333334,13.49,NA,3.004,NA,7,0,0,810.799,273417,1,50,7.56302521,190.4929577
"16",102.124,8.0120648,527.78,0.53,26.3,1.027703,3,NA,178435259131.19,7.59,16.6,0,7.597193224,14.77494701,45.85111337,NA,NA,NA,NA,374.66376,488.1843388,0.774,6.244,603.218,29.9885974914481,166.18,129,1.02,210,965,95.457,0.423,10012.254,8948708,0,43.52,99.94986751,3233.729992
"17",942.309,5.6681222,141.99,0.35,21,0.292606,4,-14.5,454384314204.564,26.85,NA,NA,4.700652608,20.63709549,82.61066723,10,11.76,1.36,3.51,840.12659,296.4014971,1.091,61.003,8360.76,35.8275277197606,84.98,223,3.189,236,10921,359.719,7.679,29553.093,11217825,1,47.22,81.07501228,1722.833879
"18",128.263,9.9988558,313.61,1.43,31.5,38.11414,3,NA,NA,NA,41,4.6,NA,NA,NA,NA,NA,NA,NA,118.64302,1652.2555,1.942,30.179,870.175,14.9501661129568,34.3,NA,1.578,81,51,80.479,0,8128.343,325156,2,66.67,40.31007752,433.1476323
"19",3.382,7.3902467,327.29,23.04,14.2,89.63388,1,NA,26682033534.9148,1.44,41.7,62.2,1.794186452,14.01966423,88.56086681,NA,NA,NA,NA,34.203602,5390.388716,0,0,5.032,-28.2352941176471,84.21,NA,1.603,173,41,0,0,210.918,2083463,1,38.89,25.60830861,967.6655301
"20",742.909,6.950181,215.4,1.88,25.6,25.54418,2,NA,75704710886.7386,7.63,19.8,20.5,1.777991454,13.10435207,79.09922514,NA,NA,NA,NA,115.56576,2118.418775,10.174,27.499,93.121,-2.51121076233184,399.69,173,6.145,202,8672,14.735,1.199,12089.75,5394527,2,56.48,79.61899791,870.7505828
"21",336.502,7.9595233,319.89,0.38,18.4,3.633199,3,NA,41286323312.5414,9.79,26.7,0.5,5.866728907,8.300703246,76.4682,NA,NA,NA,NA,315.49902,555.5097578,3.372,47.854,1898.004,47.6992409867173,68.52,112,2.653,220,1104,6.096,0,12684.653,3352091,0,35.19,65.84408301,1815.275591
"22",8.93,7.5742542,343.14,5.06,29.3,60.1921,3,NA,35844341352.2151,1.97,NA,NA,3.825546888,9.001017043,85.24354003,NA,NA,NA,NA,51.02795,1561.28169,0,0.425,286.61,18.2456140350877,42.62,NA,0.334,123,21,0,0,2671.77,1400631,2,53.7,91.00609756,845.3138815
"23",743.068,7.7976249,222.15,1.25,25.4,12.98858,3,NA,2965401452084.71,3.05,10.9,5.3,0.504578666,9.042356185,80.66170174,NA,NA,NA,NA,393.65927,1493.520601,2.218,32.687,779.486,3.34381198308447,313.86,217,2.904,226,157946,140.135,2.583,25591.156,170536625,0,60.65,63.80366899,814.5922808
"24",6.857,9.2080746,220.47,0.92,15.7,NA,4,NA,NA,NA,NA,NA,NA,NA,NA,NA,NA,NA,NA,125.25507,777.6068771,0,0,2.286,0,5.13,NA,2.027,NA,3,0,0,338.299,NA,0,79.63,60.86956522,373.286052
"25",167.088,8.4220956,508.75,0.62,24.3,9.337595,3,-8.2,132183449574.073,7.95,NA,NA,6.922498454,15.61304414,56.86154774,NA,NA,NA,NA,711.14771,627.6093553,3.688,34.252,1559.773,77.9931023156512,30.3,144,2.719,220,1161,369.723,3.598,6145.404,6173072,1,62.96,68.60118061,2877.468531
"26",3.205,7.3630174,350.79,30.89,8.1,89.96324,1,NA,31315025031.6565,1.64,36.2,84,2.869976837,20.75256443,83.90067419,NA,NA,NA,NA,34.698746,6132.224096,2.41,0.191,2.87,-40.5940594059406,68.62,NA,2.717,215,67,0.335,0,117.972,3567793,2,13.89,6.724023825,220.1535524
"27",0.084,4.2383366,383.29,24.8,8.6,97.167,1,NA,7314109088.1,1.54,23.1,80.8,0.661125647,6.529531228,91.08010345,NA,NA,NA,NA,12.152169,5247.735039,0,0,0.673,-61.9047619047619,NA,NA,0.179,129,1,0.084,0,46.927,4895650,1,15.74,49.55974843,1255.917233
"28",16.048,6.5496373,320.24,22.12,16.4,66.43285,2,NA,76168245065.5552,2.35,23.6,46,1.821170138,13.10581138,82.47290506,NA,NA,NA,NA,113.57147,4273.025088,0.193,0.113,8.401,-5.90717299578059,884.8,191,1.955,211,426,0,0,820.957,10458211,0,30.56,17.71051989,641.3211653
"29",264.982,6.2295715,126.84,0.27,29.3,0.4973831,4,-13.494697,1669401514253.32,23.48,NA,NA,5.370012878,8.322632874,82.25039568,16.05,NA,0.34,19.48,670.91956,465.0432088,1.273,9.194,508.688,14.2321651692747,262.21,214,4.487,229,10001,70.849,0.742,5905.518,35776913,1,60.65,96.70466424,986.1600476
"30",169.068,9.0616702,284.41,4.74,16.3,32.42308,2,NA,3882678731.568,NA,NA,NA,NA,NA,NA,NA,NA,NA,NA,71.923409,2002.559261,0.937,30.576,1027.001,-11.7465224111283,64.11,NA,1.11,195,94,88.131,0,15237.739,384763,2,59.26,8.910891089,187.3320537
"31",12.837,7.9801102,506.18,24.66,10.9,93.04771,1,NA,3581982386.8118,1.72,24.1,77.6,NA,NA,NA,NA,NA,NA,NA,12.615376,11915.67596,0,0,1.035,66.6666666666667,127.88,NA,1.275,183,62,0,0,1006.881,991050,0,24.07,29.5468463,1498.204082
"32",5.844,7.893766,328.47,30,8.9,83.21726,1,NA,31212918297.4495,2.24,31.4,87.1,4.344118015,10.0500689,84.99356568,NA,NA,NA,NA,56.241741,7102.314108,3.846,0.244,3.714,-21.7948717948718,65.5,173,6.575,178,96,1.157,0,88.884,1695139,1,25,10.22387668,666.502814
"33",733.723,10.1604348,138.67,0.67,31,1.807866,4,-13.682773,412833627886.624,7.17,NA,NA,3.98514653,11.37743281,77.73035681,13.44,NA,0.1,11.43,613.57904,627.4581196,2.964,32.956,525.575,-1.48068248676211,216.62,196,2.78,225,14026,48.493,1.203,26392.524,17602817,0,59.72,33.00630694,320.6931313
"34",3.293,9.8981826,307.9,0.61,6.5,17.94347,3,3.2,18151620437216,1.78,31,5.2,1.868376767,8.290823545,78.84430858,NA,NA,NA,NA,246.86253,720.4156658,0,0,0.135,18.9024390243902,9853.43,280,5.195,283,4739,0.029,0,63.375,1048983300,2,79.17,78.71937382,3506.376444
"35",600.693,8.3281758,185.27,1.09,26.6,22.39919,3,-15.7,651900563304.706,5.42,31.8,5.4,0.582169118,10.70378513,81.89031228,NA,NA,NA,NA,156.01645,1160.255384,2.464,47.639,1161.078,18.061189824344,111.45,204,2.958,223,30565,160.486,4.265,20305.807,39113473,2,41.67,60.49580168,237.9398386
"36",8.05,7.863303,312.61,19.82,12.2,60.2145,1,NA,1416032117.5784,3.89,28.7,36,1.308382738,7.505970773,93.11858028,NA,NA,NA,NA,90.556938,3404.656635,0,0,14.949,62.5,6.18,NA,1.354,158,7,0,0,594.53,278318,NA,NA,31.20300752,522.715736
"37",16.672,7.7231127,374.62,13.14,13.5,90.04419,2,NA,29513591100.1129,2.75,9.9,39.7,2.207636832,17.50763411,91.48989263,NA,NA,NA,NA,88.853043,3457.201389,0,0,17.579,155.263157894737,94.61,72,1.751,195,92,0,0,951.959,749347,0,51.85,47.35553379,779.8051948
"38",260.889,8.8486617,130.93,0.85,30.4,10.59034,3,NA,73336988552.367,7.04,NA,NA,1.037113384,5.810229365,86.75535083,NA,NA,NA,NA,276.40625,704.711585,1.292,40.243,1452.657,-3.69599167100468,57.75,94,1.262,215,1329,169.215,3.337,20675.234,4543420,1,54.63,36.48468708,259.1930116
"39",4.625,7.3379487,422.34,21.59,15.2,68.84484,2,NA,102581662691.46,2.41,34.5,58.7,1.484182932,16.35067072,87.80202892,NA,NA,NA,NA,68.291847,5579.573984,0.355,0.076,5.535,-8.17610062893081,252.65,NA,0.595,217,122,0.076,0,776.7,5199406,2,20.37,23.7221805,1111.34692
"40",114.487,8.3590648,325.58,0.31,24.5,5.311003,3,NA,84978688359.8462,9.62,NA,NA,4.352767471,6.794648185,65.43009934,NA,NA,NA,NA,251.05083,356.288517,2.672,34.103,2864.125,100.3066439523,22.78,12,1.217,220,470,344.192,4.385,9407.668,4077496,1,33.8,72.64658419,2325.754717
"41",11.301,7.2850055,214.01,0.8,30.3,NA,3,NA,92551014480.7948,NA,NA,NA,NA,NA,NA,NA,NA,NA,NA,NA,381.9394847,0.73,0.441,32.931,29.5138888888889,265.13,NA,1.917,213,128,7.328,0,589.585,10682055,2,65.28,30.43176294,477.1378402
"42",28.542,8.2802862,187.14,0.32,21.6,0.05130247,4,-11.9,27790155428.9052,NA,NA,NA,6.016327191,9.859631777,70.76774244,NA,NA,NA,NA,937.77203,251.0092208,0,0,1116.567,23.4848484848485,50.94,NA,0.655,212,25,206.645,0,4357.808,1160985,2,40.74,40.34334764,736.223176
"43",3.394,6.2299002,353.13,16.71,9.7,95.51018,1,NA,81846381646.0538,1.4,15,75.1,NA,NA,NA,NA,NA,NA,NA,12.715207,5794.176295,1.538,0.324,1.396,-35.5670103092783,631.11,165,2.717,201,304,0.19,0,124.942,21868430,1,37.96,40.271989,1180.506509
"44",122.406,5.3713457,137.43,0.44,17,0.1710614,4,-8.5,268317624888.571,26.44,NA,NA,2.36310731,8.979714929,85.26314262,NA,NA,0.47,NA,697.55823,322.1204886,0.728,6.043,998.584,76.7726161369193,162.77,218,1.682,232,709,128.621,0.173,7278.232,5660749,0,38.89,68.09815951,1338.119598
"45",61.741,8.6408121,305.33,19.55,18.3,66.70957,2,NA,2913438472.5855,NA,38.3,29.3,NA,NA,NA,NA,NA,NA,NA,29.903355,2491.48713,0,0,45.546,-36.6197183098591,125.8,NA,1.1,204,61,3.036,0,5611.325,439594,0,54.63,10.8045977,349.7747748
"46",205.201,8.6348075,272.57,2.52,34.1,18.58065,3,NA,165255139274.739,6.66,12.5,8.8,0.12714161,4.905058752,91.57457995,NA,NA,NA,NA,381.37183,2406.219552,0.626,3.964,279.778,2.36087689713322,770.43,214,1.781,220,2226,15.21,0.092,11523.701,8843851,0,63.89,16.45330535,197.093465
"47",713.482,7.4656134,141.95,0.89,24.7,17.05914,3,NA,175524677190,4.68,21.5,3.5,0.895799755,5.392728845,86.18514637,NA,NA,NA,NA,428.47943,1315.719531,3.314,20.008,514.48,52.7086137281292,568,212,7.714,224,12588,57.473,0.85,9249.643,13674280,2,60.19,98.7425546,476.4680081
"48",60.801,15.9915285,436.74,1.27,41.1,75.18362,2,NA,1221832614740.78,NA,52.8,3.6,0.309066032,0.588238907,96.04877244,NA,NA,NA,NA,306.79916,1592.650397,9.091,1.476,11.453,27.6688453159041,368.62,206,5.822,233,6222,1.661,0.107,1044.39,88807929,2,43.52,17.15816574,609.1521986
"49",148.315,9.3025743,179.53,1.83,28.9,41.0972,2,NA,54756344105.1682,5.42,NA,NA,0.827741254,11.38611622,82.106565,NA,NA,NA,NA,161.16724,1083.908987,3.139,9.713,146.465,-36.4548494983278,152.84,125,2.922,185,962,0,1.388,5076.161,4734359,0,32.41,53.83116883,705.8593112
"50",59.16,9.4867882,238.66,9.17,12.6,NA,3,NA,22750613272.521,NA,NA,NA,NA,NA,NA,NA,NA,NA,NA,568.37732,3460.540601,0,0,6.415,12.5,4.27,130,1.633,186,83,0,0,3622.99,875665,NA,NA,35.90844063,1265.680473
"51",55.03,7.7077688,326.4,0.41,21.8,0.7833411,4,NA,35409424255.0757,11.07,NA,NA,5.720150799,13.48992364,61.8998173,15.94,2.28,0.53,15.18,429.6655,215.1727847,0.862,3.769,254.798,54.337899543379,74.86,NA,1.635,228,73,27.892,0,3365.902,1278576,0,23.15,97.3943662,2064.280274
"52",12.569,5.7992061,360.35,23.59,6.9,87.36121,1,NA,195740327715.654,1.8,25.9,87.3,0.14044208,2.54309192,97.06544075,NA,NA,NA,NA,24.804361,4211.644212,1.337,1.218,32.428,-21.8776194467728,114.53,113,1.534,162,1445,4.445,0.07,819.546,27964449,0,43.52,21.4936408,569.0666558
"53",2.231,15.946039,482.67,3.64,35.3,28.74499,3,NA,NA,4.49,NA,NA,NA,NA,NA,NA,NA,NA,NA,70.953873,1864.966294,0,0,0,-100,3,NA,NA,NA,2,0,0,36.812,812748,2,86.11,6.230529595,71.30044843
"54",63.891,6.4035424,179.76,0.22,20.6,0.09872849,4,-5.2,214535726086.788,26.06,NA,NA,1.680263603,7.991680632,83.40066361,23.6,NA,0.39,30.5,794.92712,182.3905576,0.181,1.444,237.153,-2.66666666666666,735.08,189,2.335,229,354,34.833,0,2736.649,5348022,1,38.43,96.75648703,1215.518808
"55",544.493,7.4588522,109.08,0.3,21.1,0.0396873,4,-19,2581673898818.73,24.69,NA,NA,9.758586958,33.29384552,67.9628897,28.65,10.17,0.84,20.4,308.73276,313.2303763,1.319,39.955,4105.034,53.7530196875018,81.44,232,2.965,241,35541,511.953,8.012,18364.187,65757955,0,60.65,72.48142645,1281.663033
"56",24.262,10.0069996,308.36,11.49,20.3,32.0472,3,NA,36693263561.4481,3.63,15.4,16.5,2.645818692,25.85800036,79.14494466,NA,NA,NA,NA,124.56293,3404.89869,0,0,23.812,120.833333333333,111.25,NA,0.604,189,54,0,0,4015.315,808743,1,67.59,48.35924007,969.3913043
"57",49.241,9.4400826,320.01,22.42,14.8,73.06253,1,NA,3939021788.1669,2.45,28.9,60.4,2.818174006,4.782896295,87.22423468,NA,NA,NA,NA,23.163185,3450.537925,3.226,0.414,4.138,-47.3684210526316,246.41,75,3.247,97,119,0,0,1516.553,1164801,1,24.07,11.60391955,414.8669011
"58",63.422,13.278765,490.35,0.84,23.8,NA,2,NA,58984799875.9676,1.89,23.2,0.8,3.634566646,9.573974821,77.59259553,NA,NA,NA,NA,411.42606,943.1186411,2.521,37.852,3509.748,99.5581527936146,9.04,11,0.747,194,253,433.924,3.76,8487.469,3207857,0,64.81,35.21671827,1108.175
"59",121.539,6.0163501,186.93,0.24,20.4,0.2406784,4,-11.7,3885961291103.28,26.39,NA,NA,4.291943979,12.87886921,83.00843987,19.26,11.74,1.28,9.5,671.1239,325.4044188,0.991,6.039,996.336,80.7761439677762,139.19,222,2.193,241,10183,178.602,1.015,5540.906,81033118,0,59.26,93.14442929,2441.070004
"60",10.17,6.4065812,362.74,23.06,16.6,60.90227,2,NA,118873890039.027,2.23,24.3,33.7,2.763845301,3.492985667,88.1140543,NA,NA,NA,NA,90.020622,3779.929326,1.347,0.193,10.105,-6.26865671641791,327.51,129,0.661,215,316,0,0,1537.511,4109840,0,42.59,29.56331524,940.0548274
"61",56.893,7.2485658,215.53,0.34,25.4,2.895735,4,NA,250035842877.97,12.85,NA,NA,1.679683227,3.587050176,84.70523902,16.18,0.46,0.74,11.62,781.69025,352.2865839,2.551,12.568,602.798,84.3062481666178,41.47,16,1.811,229,593,120.502,1.151,3142.265,10712674,2,48.61,46.47921612,1122.391602
"62",204.571,8.933383,165.83,2.16,26.4,NA,2,NA,127549979636.142,5.51,NA,NA,0.842762166,7.285190797,86.70960649,NA,NA,NA,NA,247.54504,2194.79736,3.51,14.233,187.1,-12.6855952070852,135.05,152,3.472,201,3665,37.788,0.781,5892.697,10385302,2,52.78,61.23502304,666.0160721
"63",5.406,6.7504811,382.26,28.13,11.5,90.28445,1,NA,19045321800.7726,2.53,34,75.1,3.588067094,14.05135618,86.72317424,NA,NA,NA,NA,31.166372,6132.247871,0.308,0.076,21.397,-30.4455445544554,146.6,NA,0.601,206,71,11.422,0,899.961,2430398,0,62.04,11.14393566,431.8581623
"64",20.833,7.3624409,495.16,33.15,13.7,92.62132,1,NA,2752461977.9592,2.01,32.4,77.5,NA,NA,NA,NA,NA,NA,NA,37.274281,5215.989147,0,0.508,0,-100,84.21,NA,1.706,180,41,0,0,1221.038,368269,NA,NA,17.43805517,718.8720174
"65",151.292,9.0633936,495.73,1.54,27.1,39.30348,3,NA,NA,NA,18.5,3.2,NA,NA,NA,NA,NA,NA,NA,136.16254,2003.709588,1.684,16.528,336.911,14.7186147186147,122.68,NA,2.93,86,119,44.498,0,5162.995,643246,1,60.19,17.9138322,329.0743155
"66",20.346,8.5517711,544.45,8.02,26.9,82.16744,1,NA,18653678820.608,2.15,19.7,49.4,1.717215017,20.39307286,84.26116016,NA,NA,NA,NA,43.579815,4916.711501,1.429,0.175,4.385,-43.8202247191011,481.39,109,2.57,170,232,0,0,791.579,2956253,1,53.7,20,457.7163664
"67",266.442,8.4891994,315.58,2.61,26.9,48.85315,2,NA,45382744883.5568,6.43,31.9,15.8,0.262917427,5.889666745,89.09822901,NA,NA,NA,NA,173.59322,1091.73737,1.283,11.207,443.329,-18.3828996282528,248.4,185,2.789,210,2639,66.333,0.606,9553.432,7401645,2,76.85,48.95833333,353.993808
"68",163.348,8.9001676,361.76,0.51,24.6,3.021302,4,-13.5,250426483259.5,9.59,NA,NA,1.274012043,2.632851949,78.28436887,14.64,2.91,0.87,13.24,555.2157,394.3886029,4.15,57.451,1630.686,67.6207703766759,20.39,203,2.393,219,1578,237.155,4.451,6825.115,9646167,1,27.78,86.93919319,3310.542872
"69",32.234,7.6316878,147.84,0.39,19.4,0.01792546,4,NA,15315260539.5976,22.7,NA,NA,0.881542112,21.26700693,96.83309818,22.96,0,0.37,22.96,700.42822,150.2604665,0,2.93,1116.484,-27.4285714285714,21.82,NA,0.24,229,11,205.128,0,13403.663,326845,2,41.67,19.01408451,136.7781155
"70",86.963,9.053893,344.27,5.71,5.1,71.48567,2,NA,8835757694781.25,1.91,21.8,53.7,1.352926787,1.995294987,94.76563158,NA,NA,NA,NA,154.66501,3622.58324,0.869,6.829,245.807,-17.6098688908428,168.03,209,1.502,225,120010,31.806,0.368,5790.07,518385376,1,70.83,61.48630531,2508.087441
"71",49.4,7.4193282,384.93,1.84,8.9,71.30388,2,-5.36783,3075456084370.75,1.85,12.6,15.5,3.010707634,5.737725649,70.12477932,NA,NA,NA,NA,189.93916,2249.603275,2.68,5.429,100.949,-2.15450035435861,90.48,222,3.408,228,13512,12.869,0.369,1449.432,156962565,1,68.98,50.66606263,1032.765989
"72",396.45,11.3852069,352.24,1.41,32.2,10.49139,3,NA,1398996002264.01,NA,NA,NA,1.716036984,9.154814714,85.58886417,NA,NA,NA,NA,500.40799,1392.306919,7.711,50.349,501.875,34.7591189539976,69.68,240,5.723,245,33299,82.959,4.119,6927.057,71424438,1,74.54,16.78711879,320.4970438
"73",266.617,17.2299941,613.13,3.37,37,50.81578,3,NA,513592674532.306,NA,51.3,11.6,2.939514949,4.446227372,90.54279908,NA,NA,NA,NA,367.85107,1913.346863,1.615,18.746,629.25,0.277337559429469,141.91,150,2.332,226,10724,112.126,1.318,11434.097,30914996,1,75.93,10.95190415,249.087129
"74",382.762,7.3088405,159.45,0.32,25.5,0.3353735,4,NA,314321653958.648,20.33,NA,NA,3.935820977,9.355552291,85.90951591,11.65,NA,0.34,NA,809.01556,310.7764911,0.442,12.151,1318.604,-19.5875015437816,490.23,215,3.216,227,1890,141.764,1.013,11901.464,4232536,2,48.15,38.57002296,448.8481229
"75",286.868,7.0922374,119.21,0.37,26.2,0.9977683,4,-7.766077,278806231973.558,13.76,NA,NA,0.88202389,4.820923171,83.58291107,5.07,2.93,0.4,4.17,686.99359,285.1116599,1.153,49.448,637.857,-40.1777007259725,45.47,208,0.796,231,2483,135.52,3.466,36049.047,8380100,1,52.78,29.09900471,482.5272817
"76",623.534,7.0540891,144.02,0.22,19.5,2.472911,4,-17.3,2077209143231.32,20.72,NA,NA,8.231379081,13.71469477,84.85658922,14.83,0.53,0.09,7.12,765.02649,265.355629,2.561,24.048,2155.558,88.9318952770288,158.95,239,6.675,248,37700,363.684,3.655,9341.067,60426929,2,75.46,61.08894971,1265.656169
"77",66.19,9.2817333,248.65,1.73,33.4,52.39908,3,NA,19431862176.8666,4.07,15.6,1.8,NA,NA,NA,NA,NA,NA,NA,121.21803,1665.110074,2.757,16.885,139.472,-10.9913793103448,39.71,NA,2.231,196,196,12.833,1.351,2967.417,2349242,0,66.67,25.94936709,310.132474
"78",13.678,8.3588827,94.69,0.2,3.7,1.616443,4,-10.00138,4867010472550.63,NA,NA,NA,4.739243635,8.347281956,61.72242978,58.03,NA,2.62,12.14,576.96307,182.5704198,1.382,0.727,33.073,10.2820986026892,188.3,196,1.763,237,1730,4.886,0.04,775.765,127141000,2,50.46,57.9184561,1398.224685
"79",65.47,16.510798,297.16,0.78,43.1,19.90089,2,NA,104894207135.826,NA,23.8,1.7,0.973810325,3.153373732,91.83455661,NA,NA,NA,NA,142.87909,1573.533901,2.454,43.418,1752.696,39.2214869599066,9.78,25,1.135,214,668,372.434,4.312,5768.322,9031072,0,51.85,26.16902617,431.9947334
"80",118.285,12.3560972,534.53,1.06,22.7,1.16534,3,NA,463720551976.635,4.9,34.1,0.2,3.718647336,10.3336845,55.25625108,NA,NA,NA,NA,350.55191,1142.521387,2.137,4.261,110.296,18.4782608695652,143.28,132,1.5,215,2221,22.475,1.598,7884.077,17105523,0,57.41,51.08357124,1134.660993
"81",17.37,5.8172238,225.89,17.21,11.1,78.95827,2,NA,173505898105.895,2.39,9.8,39.9,1.31194462,5.300983921,86.65312956,NA,NA,NA,NA,52.449409,3504.208152,3.493,2.734,96.446,39.7843665768194,50.06,131,1.837,177,934,15.547,0.26,945.356,14218114,0,62.96,35.65176407,493.250825
"82",177.026,19.6593654,245.7,0.55,45.6,NA,4,NA,277117153092.096,NA,NA,NA,2.153418538,4.097016132,87.22819906,NA,NA,NA,NA,428.12521,640.673225,0.928,19.67,1258.382,7.8899819313391,129.96,168,0.614,206,756,181.475,1.639,28823.366,3935794,1,49.07,14.23935091,264.696814
"83",174.428,9.9323155,574.47,1.08,18.6,57.584,2,NA,29601148153.9503,3.88,23.5,0.5,4.382050751,8.841450211,70.95965617,NA,NA,NA,NA,138.24355,1820.068974,0.803,6.744,585.053,17.1577655003069,590.56,117,1.987,205,1138,82.462,0.307,8779.019,5557788,2,57.41,29.90368804,588.8888889
"84",33.4,7.8315259,423.55,0.43,25.1,2.62944,4,-9.6,46862480822.8712,8.26,NA,NA,5.949013577,17.0717777,50.47089579,13.9,0,1.25,23.17,594.9317,374.9379534,2.496,11.664,680.733,66.9700910273082,13.49,NA,1.288,218,63,72.103,1.59,2594.102,1736269,0,41.67,96.24305782,2943.683409
"85",86.441,14.4658527,217.53,0.64,37,NA,3,NA,96800197158.2989,NA,NA,NA,0.155654273,3.348813152,86.14449314,NA,NA,NA,NA,358.2995,582.5027634,0.665,16.263,1415.146,14.078185898193,42.77,63,0.797,220,590,265.038,1.612,10841.056,4722144,1,65.74,39.07493369,875.3715817
"86",20.072,7.3050801,501.31,8.64,26.7,76.94296,2,NA,5360395694.0721,1.76,13.9,32,NA,NA,NA,NA,NA,NA,NA,42.327137,4508.359369,0.667,0.467,53.215,307.142857142857,88.37,NA,2.209,114,43,1.867,0,908.857,658917,0,60.19,94.43016281,1997.002342
"87",16.213,7.7892159,346.06,19.99,14.2,97.57058,1,NA,3936415617.3048,1.75,21.5,71.2,2.031008316,2.505175939,68.13656507,NA,NA,NA,NA,25.088203,4654.678674,0,0,6.92,169.230769230769,169.47,104,5.779,134,82,0.593,0,280.564,760436,0,46.3,23.38470658,647.7681546
"88",118.173,15.1971092,310.43,0.98,39.6,NA,3,NA,100416019385.779,NA,44,1.5,5.662988163,9.027480215,74.41592349,NA,NA,NA,NA,230.01372,685.4828238,1.046,22.703,1028.774,19.3886167877048,75.71,85,1.401,144,812,109.441,1.601,8437.284,6022967,0,72.22,9.951612903,251.8636508
"89",26.221,NA,NA,NA,NA,NA,4,NA,NA,NA,NA,NA,NA,NA,NA,NA,NA,NA,NA,NA,NA,0,0,6135.774,148.936170212766,NA,NA,0.207,4,1,1835.488,0,12664.866,NA,0,44.44,NA,NA
"90",51.795,8.9232895,382.11,0.57,27.8,2.856601,4,-3.7,76617521916.2819,9.16,NA,NA,4.237066367,8.280441649,60.44408469,25.81,0,0.99,30.05,601.2337,387.5722797,2.25,12.857,1261.438,119.846350832266,23.38,NA,1.241,220,141,151.71,1.837,4173.69,2684137,2,29.63,97.2419557,3154.725504
"91",234.833,6.9729089,150.35,0.19,20.7,0.4126038,4,NA,35015057362.3091,32.39,NA,NA,4.617740176,12.3730704,81.22242945,6.58,10.28,0.74,8.57,679.28198,166.9540009,1.207,22.365,5819.712,160.028551034975,100.85,NA,0.988,226,147,774.79,0,23777.269,555934,0,37.96,93.69747899,1420.811287
"92",8.812,6.3172086,505.29,21.16,7.5,96.73974,1,NA,36665931909.444,1.62,34.3,66.9,2.288021446,10.40111937,91.13901044,NA,NA,NA,NA,16.622654,5515.980977,4.959,0.253,5.706,182.142857142857,83.52,103,1.438,164,244,0,0,612.762,2908091,0,53.7,49.06757084,700.3878688
"93",9.566,6.6198552,312.91,25.65,9.1,92.84431,1,NA,22574655861.4474,1.27,17.9,56,0.922581649,3.840526239,93.98977943,NA,NA,NA,NA,11.881274,4574.614403,3.846,0.105,1.882,5.88235294117647,379.5,93,3.103,152,183,0.157,0,308.26,7205179,1,42.59,51.21985418,869.5962823
"94",7.353,11.4416249,320.97,2,17.9,2.754231,3,-17.1,773658537411.978,3.38,NA,NA,3.123561604,2.804414366,89.13826035,NA,NA,NA,NA,370.69351,573.4911005,1.269,2.317,198.202,20.0187090739008,28.06,4,0.831,235,238,25.799,0.062,884.879,29494229,2,80.56,64.04720998,717.4573632
"95",68.45,11.063976,239.27,0.53,11.4,2.729918,3,NA,NA,NA,13.6,5.2,NA,NA,NA,NA,NA,NA,NA,247.58975,627.7546001,0,3.7,547.599,6.4748201438849,75.89,NA,0.32,184,37,64.75,0,21398.892,400571,NA,NA,48.14814815,451.0989011
"96",6.716,8.3645204,318.64,28.3,12.4,90.62164,1,NA,27521621441.1897,1.82,36.1,77.7,2.225519326,17.1458224,86.73361624,NA,NA,NA,NA,54.852081,7457.332333,2.817,0.198,5.136,-9.56521739130435,69.66,NA,3.869,188,136,0.79,0.148,173.573,4314573,0,8.33,3.635938505,135.9715755
"97",124.564,9.0493557,181.96,0.32,28.5,0.3113678,4,NA,15606395162.966,NA,NA,NA,2.016089401,6.252081044,84.33553014,NA,NA,NA,NA,1287.7975,510.3950935,1.485,24.913,1843.552,-12.847965738758,21.82,NA,0.967,203,55,706.619,11.324,12875.42,431874,1,75,31.25,713.1264916
"98",35.056,8.4635263,288.87,15.9,18.5,68.03631,2,NA,13278340873.935,3.7,32,52.2,1.832958504,9.6241817,81.22913385,NA,NA,NA,NA,85.419205,3387.681805,0,0,12.044,-16.4179104477612,337.91,140,2.123,163,163,3.011,0,1651.088,1672936,0,36.11,3.361870954,127.1386431
"99",7.863,12.8618866,271.8,0.91,15.7,12.04238,3,NA,27474711833.1609,NA,NA,NA,1.744295152,17.02140053,84.21656366,NA,NA,NA,NA,556.64081,1223.68286,0,0,15.726,66.6666666666667,19.74,NA,2.278,215,10,0,0,345.189,1175485,2,51.85,7.57020757,124.9018068
"100",696.596,10.869791,158.3,0.64,32.8,17.93763,3,-18.967486,2006599788818.99,8.02,35,2.8,1.003724047,6.539340492,90.73352713,NA,0.15,0.03,11.26,417.28952,1090.74491,10.963,41.836,314.536,124.092391004034,173.34,208,9.965,228,89814,46.086,4.987,6990.218,107259089,1,67.13,78.80968429,869.6985032
"101",423.901,7.7593317,543.97,0.75,21.1,4.655106,2,NA,23299414541.691,4.86,31.2,0.8,6.880686774,10.74900774,48.94585184,NA,NA,NA,NA,238.01622,1415.151935,1.652,53.297,1116.024,-3.86504377535768,85.68,164,2.36,213,1710,160.884,2.479,17962.485,2715339,1,33.33,85.74077508,2675.620546
"102",25.482,NA,NA,NA,NA,NA,4,NA,NA,NA,NA,NA,NA,NA,NA,NA,NA,NA,NA,206.57016,NA,0,0,1248.599,63.3333333333333,NA,NA,0.312,NA,1,254.816,0,8154.113,38307,0,37.04,NA,NA
"103",437.855,7.5727608,412.62,0.26,23.1,14.87213,3,NA,11980410038.7412,6.06,57.4,0.3,6.923310581,13.43791788,52.23004196,NA,NA,NA,NA,304.52347,322.9366836,1.68,98.716,1909.047,-26.1699507389163,46.61,NA,1.609,207,275,289.78,7.961,27212.282,596650,NA,NA,NA,NA
"104",93.334,14.0416698,319.37,2.28,32.2,13.70442,2,NA,299980109157.859,2.55,47.3,15.4,1.665594377,3.873115668,75.94501769,NA,NA,NA,NA,231.06967,1974.792896,2.058,20.59,669.998,12.1186018044158,36.65,214,1.691,217,3445,108.045,1.951,5519.64,26694148,0,66.67,16.39722092,340.0721491
"105",2.848,6.5621686,338.52,18.32,10.5,90.62317,1,NA,29449971154.2264,1.45,29.1,69.6,1.000706274,4.376628804,76.8353969,NA,NA,NA,NA,4.3641877,5656.85676,1.225,0.512,34.65,16.2017167381974,45.22,NA,0.725,147,89,3.583,0.032,392.668,5742192,0,53.7,47.9776848,1190.424534
"106",21.081,6.9114952,285.17,3.28,7.3,51.92937,2,NA,317599010611.209,NA,NA,NA,0.72673444,4.199570654,92.56822421,NA,NA,NA,NA,197.51004,3744.050998,2.042,8.344,168.426,13.6267823930564,28.39,40,2.406,63,1147,26.944,0.459,876.056,41713321,2,66.2,56.87301923,2193.448615
"107",52.343,7.3191306,330.6,5.68,25.4,45.98487,3,NA,23095485753.6602,2.14,11.5,42,4.444738826,11.16687438,78.6203996,NA,NA,NA,NA,78.47451,2983.073149,0.282,1.574,142.468,-1.36239782016349,275.52,NA,1.045,123,133,21.252,0,5009.611,834393,0,44.44,54.74642393,624.2374949
"108",30.065,11.6872047,330.7,4.62,5.4,72.0897,1,NA,81052454062.3706,2.2,27.3,28.6,1.048351541,3.303721329,85.84539108,NA,NA,NA,NA,90.96965,2634.820986,0.468,7.31,730.039,-10.51701653275,52.53,67,0.546,168,876,19.563,0.48,5505.064,13124577,1,68.52,65.53924697,1699.554664
"109",416.227,5.1717566,127.71,0.41,20,0.3128131,4,-9,818056008436.757,26.31,NA,NA,5.665388279,16.95792187,76.49254636,4.44,7.82,0.91,0,650.96637,331.5925856,0.711,29.764,3935.191,21.6229865983658,119.53,224,2.289,236,7132,600.121,4.085,18181.168,16550305,0,41.67,72.60744131,1483.946824
"110",5.184,7.9042936,155.77,0.34,31.4,NA,4,NA,171013579064.035,NA,NA,NA,5.612593004,9.809272194,82.04965287,10.9,5.96,0.3,17.27,422.60583,385.6312521,0,0,6.429,-18.4210526315789,50.94,NA,1.575,219,25,0.415,0,329.101,NA,2,22.22,12.20546654,102.5391919
"111",23.549,9.2258635,180.52,1.44,29,27.84136,2,NA,30136878639.6436,4.49,38.4,16.1,0.375851358,2.770323364,90.24229532,NA,NA,NA,NA,146.10959,1309.024948,1.124,0.302,12.076,-1.23456790123457,323.35,154,2.829,158,156,12.076,0.151,832.358,4129702,0,2.78,39.99094203,433.7717856
"112",2.85,5.9408535,334.07,33.31,8.7,91.94135,1,NA,20483442500.8748,1.86,32.1,89.3,4.174073069,7.241705941,91.90016094,NA,NA,NA,NA,35.789703,4907.39445,0,0,0.248,-33.3333333333333,142.44,NA,5.665,209,69,0.124,0,50.317,2168769,2,19.44,5.721958273,228.4687788
"113",5.506,6.299279,197.62,18.9,13.1,89.12486,2,-6.1,1060805903025.59,1.65,28.2,53.2,3.237375922,4.9520462,80.92018016,NA,NA,NA,NA,155.4747,6546.835153,0.912,0.092,2.882,-39.0769230769231,392.32,179,1.824,211,1135,0.548,0.015,301.854,52542706,0,43.52,18.04928825,796.7058058
"114",51.649,6.2257413,137.75,0.3,22.5,0.4563593,4,-5.331291,449338995067.087,35.12,NA,NA,1.923139822,5.672668284,93.22316795,NA,NA,1.07,NA,887.98853,213.1982104,0.199,0.553,320.591,80.2904564315353,581.2,208,1.527,236,280,79.871,0.184,3383.173,5090023,0,38.89,82.6006192,857.6472846
"115",235.576,14.3323602,314.92,0.9,33.7,NA,4,NA,172358228169.828,NA,NA,NA,NA,NA,NA,NA,NA,NA,NA,104.14493,929.9181875,1.879,29.374,545.762,-27.0418848167539,43.62,115,1.057,206,1203,91.254,2.546,22288.707,4061216,0,50,7.417131605,151.2358049
"116",30.599,12.5771361,479.9,8.52,11.3,75.2726,2,NA,1212090501040.08,2.05,31.5,44.2,2.048896381,4.48254764,87.1201023,NA,NA,NA,NA,89.383614,5066.508545,1.564,0.715,24.7,27.4468582106984,610.04,205,2.047,225,6759,3.735,0.063,1494.846,120256626,2,66.67,31.53699994,1188.872222
"117",614.17,8.9030156,154.03,1.38,27.6,19.78807,3,NA,86035741483.4408,6.96,NA,NA,1.570896565,5.074907607,83.74548712,NA,NA,NA,NA,470.90369,1356.533959,1.346,32.215,1085.342,5.40175557056044,249.44,190,2.032,221,2650,155.512,2.781,30226.886,2976937,2,70.37,37.99086758,268.4143548
"118",0.782,15.357027,591.54,6.95,25.8,NA,2,NA,NA,1.92,NA,NA,NA,NA,NA,NA,NA,NA,NA,5.6810246,3401.46013,0,0,0.782,16.6666666666667,13.49,NA,1.19,83,7,0,0,65.72,1496847,0,49.07,35.82363748,309.1743918
"119",186.049,8.0133105,271.74,1.96,23.4,15.44793,3,NA,66292864959.0038,6.32,NA,NA,1.697453577,7.960701128,79.03654747,NA,NA,NA,NA,264.27051,1099.695421,1.774,30.704,628.669,-8.03937653814603,80.12,74,2.191,179,1327,135.015,2.524,8490.255,5882259,0,49.07,99.82973893,726.4949541
"120",1038.977,7.2325752,108.51,1.05,24.2,22.43048,3,-30.2358063,386316117149.65,5.52,20.6,10.5,3.121639456,17.46744447,69.91956511,NA,NA,NA,NA,207.45259,1221.789271,1.794,25.416,557.415,-8.76191421763304,438.68,209,3.838,224,34257,58.322,1.82,27068.457,23909023,1,67.59,47.38201689,385.7985148
"121",64.363,7.0508844,427.92,2.83,7.5,64.24689,2,-16.5,912443450835.92,2.44,16.3,11,5.130115078,13.90519241,86.23393266,NA,NA,NA,NA,172.83017,2014.11833,2.148,6.215,112.875,-22.9921553978334,122.2,213,1.89,227,7053,13.816,0.128,3405.186,75168389,0,63.43,52.48948633,921.0279502
"122",121.94,8.394709,283.08,0.35,22.2,0.449238,4,-7.9,1053479356812.86,8,NA,NA,4.148356811,5.265834808,84.56692082,25.31,0,0.65,15.71,396.16248,366.3242414,2.592,40.004,2316.985,53.140881228061,35.3,209,1.647,227,4615,430.686,3.488,7404.337,36922792,2,38.89,97.36062808,3001.313219
"123",232.526,8.4291863,155.11,0.34,21.2,0.9322764,4,-16.3,276343587731.246,12.81,NA,NA,0.989262723,5.142860342,69.12951856,16.6,5.63,0.64,10.78,735.89484,272.3945502,1.59,25.596,2029.675,41.607937050975,65.58,217,1.905,228,2371,323.536,2.746,12203.155,10327002,2,58.33,48.53433836,1126.521848
"124",79.832,18.9393887,187.72,0.43,43.1,NA,4,NA,400649396628.596,NA,NA,NA,NA,NA,NA,NA,NA,NA,NA,242.92445,543.0833892,0.422,3.471,605.68,13.3853151397011,477.23,NA,0.175,230,230,89.203,0,45708.524,2431908,0,50,13.97058824,149.8881432
"125",341.725,7.2931016,430.29,0.42,21.6,11.02077,3,-10.5,386236496171.876,5.24,NA,NA,4.578165028,12.88616864,74.28533652,NA,NA,NA,NA,232.00484,707.6400662,2.638,54.009,1609.445,20.0403210173303,52.35,212,3.026,225,6574,245.56,5.406,11291.173,15674045,1,38.43,82.07828388,3068.551074
"126",182.198,7.4159878,562.81,0.96,26.9,2.541048,3,NA,3613410539249.58,8.3,NA,NA,9.4713641,23.61144764,61.48502592,NA,NA,NA,NA,515.22107,559.0535331,2.129,24.826,795.83,10.1292469916648,70.95,203,1.718,225,26589,113.407,2.193,10605.953,104037940,0,30.09,81.51069935,2454.513451
"127",2.702,4.2869468,268.13,19.02,9.3,91.14971,1,NA,22988917805.4198,1.46,21,53.8,0.626441374,1.638061847,98.66094322,NA,NA,NA,NA,37.179249,3419.415576,1.754,0.232,6.717,-2.24719101123596,71.74,NA,0.688,136,35,0.849,0.077,392.52,7163805,2,54.63,46.34245187,798.6908526
"128",1237.551,NA,NA,NA,NA,NA,4,NA,NA,NA,NA,NA,NA,NA,NA,NA,NA,NA,NA,673.5119,NA,0,0,2534.033,514.285714285714,86.29,NA,4.93,218,42,0,0,25104.603,NA,2,38.89,NA,NA
"129",68.443,8.3453454,293.65,5.23,16.9,81.26451,2,NA,762655230.843,2.73,30.6,19.3,NA,NA,NA,NA,NA,NA,NA,35.996059,2539.717063,0,0,36.503,100,30.14,NA,1.594,176,15,0,0,4293.647,67857,NA,NA,38.75,677.8947368
"130",153.071,17.6139625,301.43,0.69,42.3,NA,4,NA,1677338604416.24,NA,NA,NA,1.308725088,2.732971172,83.49132373,NA,NA,NA,NA,467.57504,735.4565519,3.89,6.951,76.493,-7.50260507120528,229.82,173,1.542,226,5329,11.461,0.46,9927.969,31557144,1,53.7,11.37661142,203.0881485
"131",19.231,7.5161234,356.79,25.53,12.9,77.24802,1,NA,42805547586.2381,2.21,39.4,56.9,2.716341588,14.74161457,81.01150969,NA,NA,NA,NA,42.894653,3397.166798,1.274,0.418,6.689,-26.3157894736842,668.54,NA,2.068,189,322,0.358,0,929.949,7129049,0,19.44,9.318529862,256.1967083
"132",117.274,7.2703366,398.67,0.41,21.8,23.87022,3,NA,99972058733.547,5.42,48.8,0.2,5.377880369,9.233046412,73.36397391,NA,NA,NA,NA,537.25604,437.1464594,1.701,4.556,627.811,166.666666666667,183.34,116,1.952,222,798,154.748,0.735,6007.704,6839949,1,36.11,NA,NA
"133",9.277,7.1035396,386.95,31.04,13.3,85.57656,1,NA,10628816282.5364,1.91,23.1,81,0.653627709,3.92525476,93.03010582,NA,NA,NA,NA,98.019753,7942.533669,3.571,0.251,1.755,-48.1481481481481,152.84,NA,3.149,171,74,0.501,0,294.598,962524,0,43.98,19.28866094,1098.062916
"134",4.786,9.3643048,111.1,0.16,6.3,NA,4,-13.2,410139845598.494,NA,NA,NA,2.117348819,3.045648006,76.94395752,NA,NA,NA,NA,1161.4761,129.2178014,0,0,10.085,59.4594594594595,57.18,NA,0.048,223,28,1.197,0,9910.53,5535002,2,47.22,66.79413639,800.3925767
"135",32.237,8.1699695,356.91,0.5,19.9,2.348883,4,-12.1,146456465970.571,15.69,NA,NA,2.6178205,6.388160352,80.30219642,13.24,NA,0.81,NA,380.29736,477.7632175,1.025,21.064,2684.425,39.3950922579418,20.47,10,0.382,220,176,165.029,2.015,8435.716,5358715,2,43.98,92.3744174,2768.779948
"136",92.355,7.2928867,190.44,0.23,21,0.01920434,4,NA,60439877633.5602,19.37,NA,NA,5.80245495,12.28595453,79.52356645,5.81,0,0.66,12.58,342.3797,166.0980378,0.924,21.646,5352.748,112.204424103738,35.25,NA,0.75,229,192,732.588,1.924,12315.458,2044959,1,29.63,79.42835653,1825.048356
"137",6.544,7.4372867,473.9,33.84,12.3,NA,1,NA,NA,NA,34.2,81.2,NA,NA,NA,NA,NA,NA,NA,NA,5708.750822,2.521,0.315,3.209,96.1538461538461,107.09,NA,2.639,196,104,0,0,247.967,2915110,1,35.19,18.41296121,886.9472513
"138",321.251,9.666581,249.35,5.62,39.6,61.10259,3,NA,673272147245.839,5.62,6.2,11.1,4.661810314,8.989362561,79.89208724,NA,NA,NA,NA,83.637741,2400.860333,3.526,17.282,194.693,-1.86963542109289,362.44,194,2.654,223,19053,18.412,0.759,12103.639,36527953,1,51.85,75.62212322,1675.268887
"139",8.992,9.3042505,123.61,0.26,4.8,1.228063,4,-2.957828,1958392116532.5,NA,NA,NA,5.103353577,7.88782279,69.95927227,NA,NA,NA,NA,940.44543,269.2028526,1.943,0.449,14.083,34.9532710280374,238.61,NA,1.763,251,461,2.009,0.02,509.975,51014947,1,50.93,72.83592225,1704.010465
"140",5.003,NA,326.17,32.47,NA,NA,1,NA,NA,NA,40.1,91.1,NA,NA,NA,NA,NA,NA,NA,43.657784,8361.238892,1.563,0.089,3.841,-12.2448979591837,115.41,NA,1.938,172,56,0.625,0,258.18,796103,0,25,NA,NA
"141",754.96,8.5417676,117.28,0.32,22.8,1.480493,4,-22.1,1492300170441.6,18.63,NA,NA,5.00635976,7.039002198,79.81514869,12.13,2.6,0.36,7.38,771.09918,266.2264833,1.508,44.787,2746.585,39.2254651112364,133.39,231,3.161,239,35298,393.928,5.711,23885,46401249,2,47.69,44.18014,742.8515998
"142",0.887,7.0219834,226.84,2.56,7.3,45.437,2,NA,253457134488.068,2.6,NA,NA,0.668497162,7.046222648,87.27026723,NA,NA,NA,NA,135.6982,684.2390101,0.844,0.28,142.855,295.730918499353,8.8,NA,0.214,191,19,21.342,0.14,414.23,19938666,2,81.48,43.20226864,935.2690835
"143",19.088,8.3090898,449.28,3.01,NA,81.57917,2,NA,141177901813.383,3.5,26.7,53.4,NA,NA,NA,NA,NA,NA,NA,175.13531,4236.793727,4.348,0.023,0.935,24.2424242424242,1739.45,178,6.081,192,837,0.41,0,313.916,8906147,0,19.44,NA,NA
"144",189.215,10.946402,331.98,2.57,33.7,NA,3,NA,NA,NA,31.2,5.9,NA,NA,NA,NA,NA,NA,NA,103.195,2669.594504,1.923,6.819,73.3,-40.2777777777778,114.37,NA,2.14,138,111,11.932,1.705,8841.97,438141,0,81.48,15.69767442,272.7440147
"145",585.983,5.8450484,166.31,0.22,18.1,0.3404294,4,-8.3,463407436134.153,29.09,NA,NA,2.198213879,12.27445226,84.30726656,NA,NA,0.43,NA,804.94183,226.383117,0.278,2.475,922.74,61.9006254343294,4101.01,218,5.111,236,5918,91.294,0.099,11464.69,9730592,1,37.04,83.91837726,1103.671019
"146",222.887,5.2982009,130.34,0.2,16.9,0.02182594,4,NA,531971156045.547,31.51,NA,NA,9.2555687,21.54384886,76.66151452,12.07,NA,0.93,NA,2149.3345,322.5397396,0.711,14.097,4722.912,99.965755100044,74.64,221,1.518,236,1929,735.099,1.849,14679.1,8274114,0,40.74,87.58459743,1452.355706
"147",15.714,13.9683956,432.24,1.79,34.8,NA,2,NA,56710613702.6628,NA,55.4,4.4,NA,NA,NA,NA,NA,NA,NA,85.753609,966.093174,5.541,2.514,19.885,-1.69491525423728,70.44,69,4.975,94,275,3.828,0.171,315.874,17929383,0,25.93,26.70908553,531.5533169
"148",8.493,10.2708067,515.37,4.82,16.7,34.01277,2,NA,38206549012.3596,4.46,21.3,13.2,0.673757537,0.892688266,94.70880313,NA,NA,NA,NA,121.52,3424.604178,0.356,0.21,29.986,3.24909747292419,167.39,NA,0.746,177,81,4.299,0,1138.646,8121218,0,35.19,25.00497711,519.2879038
"149",0.352,6.0174174,327,20.03,12.7,84.53875,1,NA,162052511806.036,1.44,18.3,65.6,0.583005908,2.29331399,91.62572786,NA,NA,NA,NA,25.233082,4409.899208,0,0,0,-100,13.49,NA,4.126,195,21,0,0,8.521,8405273,1,16.67,45.00638718,621.3951284
"150",0.845,8.2871193,132.19,1.48,12.7,19.70135,3,NA,1124031904190.79,5.43,41,0.9,1.212679891,3.004244503,93.65955808,NA,NA,NA,NA,75.361549,680.4701023,0,0,0.716,-12.280701754386,121.64,NA,1.57,226,59,0.186,0,53.854,63851568,2,72.22,64.99577409,1868.444154
"151",6.523,7.252472,386.86,20.51,12.5,97.28955,1,NA,11866978379.4441,2.1,22,50.1,3.061218588,25.01030975,69.79410638,NA,NA,NA,NA,48.73756,4157.182236,3.529,0.483,15.099,-5.3030303030303,55.1,NA,2.423,164,54,3.02,0.121,269.244,860349,2,42.59,26.98711907,928.5420945
"152",75.742,10.4106402,304.78,1.24,26,7.340323,4,NA,34697351281.5718,NA,1.3,5.6,NA,NA,NA,NA,NA,NA,NA,822.86584,1580.667616,2.996,9.289,167.918,14.0776699029126,219.38,NA,1.904,220,106,23.58,0,3978.589,1244484,0,74.07,10.48839071,248.4558824
"153",83.174,12.1266469,282.73,0.91,34.3,13.31939,2,-21.6,130322095892.001,3.97,48.1,1.2,2.633111366,5.060910814,79.64929272,NA,NA,NA,NA,307.94397,874.124594,3.014,42.729,672.583,-33.1679838574071,11.39,43,1.876,216,983,0,0,4433.598,10326673,2,71.3,12.84639881,371.2280078
"154",117.976,13.0451608,193.37,0.62,39.2,6.668437,3,NA,1655984280526.49,2.82,NA,NA,3.460505912,5.890945262,86.79386391,17.48,0,0.05,11.57,168.79961,1223.451749,4.464,11.774,175.423,17.1046382776634,91.74,220,2.717,224,9950,26.192,0.901,4342.092,74279627,0,50,52.06202837,1004.69701
"155",2.252,4.4017746,306.9,23.58,8.6,81.69172,1,NA,86584070536.4346,1.46,15.6,69.9,1.631230651,8.528302665,80.86251597,NA,NA,NA,NA,56.105515,4238.49771,0.742,0.175,18.211,-1.18623962040332,52.5,NA,0.886,165,103,1.399,0.044,254.061,7667670,0,78.7,35.29226241,787.2335923
"156",150.685,7.4189136,593.07,0.96,25.7,NA,2,NA,431319895538.146,5.94,1.4,1.2,4.289513483,15.26527319,49.92415276,NA,NA,NA,NA,224.43942,721.1484544,2.182,33.315,1063.115,20.7009345794392,44.48,200,1.853,215,6590,152.674,2.881,8131.041,43302714,1,50.93,85.4879611,3141.442295
"157",48.734,15.0211902,339.84,2.98,41,NA,4,NA,734906189316.231,NA,NA,NA,2.452531891,4.379337596,85.20114693,NA,NA,NA,NA,431.54056,983.2475599,0.146,3.438,1014.115,11.6180725573114,142.14,176,0.378,218,482,140.54,0.202,12903.826,8934599,2,65.28,14.23066336,204.0624436
"158",668.253,6.6201465,145.01,0.4,28.6,0.4246,4,-21.7,2540210102649.03,21.29,NA,NA,3.550782864,8.731762141,85.65273244,11.39,NA,0.38,NA,613.17255,387.5656751,1.267,34.573,2283.726,21.4782717713247,151.11,227,4.944,238,45365,337.109,5.406,13516.409,64607830,2,43.98,62.97180554,1057.588639
"159",684.958,8.1696543,176.43,0.4,37,1.499683,4,-9.5,18140645383318.5,21.7,NA,NA,6.065628933,11.08898779,84.06384961,13.75,9.15,0.21,4.25,1056.9528,568.4556511,1.544,32.692,1529.743,21.5461244869056,257.43,229,2.582,237,226723,226.974,2.985,26524.419,320896618,1,61.57,81.32952957,1434.863426
"160",15.545,9.1377699,185.95,0.4,30.6,1.307074,4,NA,68560712984.2976,6.92,NA,NA,2.356830526,10.75892578,74.8942538,NA,NA,NA,NA,282.98938,784.2311615,1.515,0.864,84.347,2.44755244755244,111.25,NA,1.852,212,54,12.667,0,839.444,3308016,1,55.56,50.73431242,631.7016317
"161",16.642,10.4833885,696.86,1.09,19,NA,2,NA,336874766859.311,NA,23.2,2.3,0.481913574,3.322893256,95.39644889,NA,NA,NA,NA,163.58907,1786.308659,1.013,1.345,60.563,-5.76476057647606,114.78,71,0.843,207,557,8.127,0.09,1973.068,31298900,2,63.89,19.55964005,527.0263589
"162",27.43,9.9360777,231,1.12,28.6,NA,3,NA,309413012163.287,6.28,NA,NA,0.149682439,4.056766995,93.54830111,NA,NA,NA,NA,265.49927,1322.125254,0.717,2.462,96.92,-15.2782047340916,161.15,84,0.863,218,780,12.414,0.106,3179.075,29410446,2,86.11,27.61032969,310.1613633
"163",0.36,5.5387413,277.86,1.03,2.6,32.01523,2,NA,661488430245.345,3.35,17.6,7.1,1.396909176,8.115222817,73.29346956,NA,NA,NA,NA,145.36028,975.9281467,0,0,0.318,10.7142857142857,71.74,NA,2.986,89,35,0.031,0,12.04,71536374,0,79.17,69.92881546,1629.387484
"164",20.117,12.5919634,540.3,2.14,22,NA,2,NA,69042726810.1435,NA,28,45.9,1.832942182,3.062775585,81.48479282,NA,NA,NA,NA,116.98312,3651.551117,25,0.101,0.134,0,1246.62,150,29.07,161,600,0,0,69.201,13277013,0,37.96,12.02697342,385.8005367
"165",18.93,6.4647059,393.06,31.73,12.4,84.97017,2,NA,60978621662.9261,1.83,18.5,56.6,2.340405547,10.27586541,79.19620189,NA,NA,NA,NA,55.894348,4204.166619,0.51,0.163,14.197,-33.9240506329114,360.78,112,2.142,171,348,2.339,0,883.542,7068158,1,50.93,69.17115178,940.6858536
"166",16.282,6.5137745,305.49,17.75,25.3,82.59679,1,NA,22715353540.7873,NA,11.7,29.7,0.568950086,3.765832379,91.64147991,NA,NA,NA,NA,47.00177,4156.238275,6.618,0.807,8.612,-15.2317880794702,82.83,89,2.91,153,242,0.807,0,559.446,5806102,0,73.15,59.11879532,952.2078477
"167",237.838,8.4406733,283.58,0.31,25.4,0.188587,4,-10.7,326100315851.243,12.98,NA,NA,2.981318636,6.603516208,76.39963792,14.72,0.28,0.94,15.2,366.23938,212.3376553,2.112,134.56,8412.284,40.3246156482188,10.19,204,0.897,230,2547,1462.604,16.995,26522.876,10451144,1,35.19,97.44997344,2939.742009
