"","total_confirmed_deaths_due_to_covid_19_per_million_people","age_standardised_diabetes_prevalence_male","age_standardised_diabetes_prevalence_female","crude_diabetes_prevalence_male","crude_diabetes_prevalence_female","ratio_of_diabetes_to_obesity_prevalence","ratio_of_diabetes_to_overweight_prevalence","deaths_no_access_to_handwashing_facility_sex_both_age_70_number","deaths_unsafe_sanitation_sex_both_age_70_number","deaths_unsafe_water_source_sex_both_age_70_number","deaths_no_access_to_handwashing_facility_sex_both_age_70_r_ate","deaths_unsafe_sanitation_sex_both_age_70_rate","deaths_unsafe_water_source_sex_both_age_70_rate","male_lung_cancer_deaths_per_100_000_who_iarc_2016","dementia_ihme_2017","cardiovascular_diseases_ihme_2017","stroke_ihme_2017","kidney_disease_ihme_2017","respiratory_disease_ihme_2017","liver_disease_ihme_2017","diabetes_blood_and_endocrine_disease_ihme_2017","digestive_disease_ihme_2017","hepatitis_ihme_2017","meningitis_ihme_2017","cancers_ihme_2017","parkinsons_disease_ihme_2017","prevalence_of_obesity_both_sexes_who_2019","prevalence_of_obesity_male_who_2019","prevalence_of_obesity_female_who_2019"
"1",39.277,11.565728,12.2499833,8.8120829,8.8120829,2.05,0.46,21.46226904,39.57352779,54.68133576,4.669467218,8.609867408,11.89681782,11.3,60.61,830.19,245.88,74.52,103.76,32.19,201.65,37.47,2.18,17.89,159.11,3.3,5.5,3.2,7.6
"2",169.226,7.6878707,7.081062,8.0693345,8.0693345,0.47,0.18,0.1504723,0.703497643,1.804095769,0.059673811,0.278990789,0.715462385,29.44,28.82,374.06,136.5,11.15,21.85,8.57,19.79,5.47,0.08,0.98,122.34,4.21,21.7,21.6,21.8
"3",44.035,12.2647583,12.5937459,10.7245025,10.7245025,0.29,0.13,16.07761847,19.68895834,63.68725223,1.019307132,1.248262963,4.037716813,16.4,52.78,287.77,66.88,29.4,24.27,13.86,71.2,9.59,0.86,1.04,67.53,3.98,27.4,19.9,34.9
"4",931.858,8.0856197,5.8184757,8.2099398,8.2099398,0.31,0.13,0.026552733,0.016817825,0.024597875,0.339328944,0.214922313,0.314346969,40.4134,45.37,130.3,25.24,4.11,23.83,7.45,14.78,11.03,0.08,0.46,133.38,4.19,25.6,25.9,25.3
"5",8.215,8.5194139,7.825495,5.4878877,5.4878877,0.63,0.18,952.7827003,1205.661598,1839.901489,270.1794406,341.8880044,521.738645,7,50.43,353.12,118.6,13.32,49.81,41.6,58.81,45.36,3.27,14.06,133.57,2.07,8.2,4,12.1
"6",30.635,9.9233293,13.0083446,13.5797672,13.5797672,0.73,0.29,0.132457059,0.168376437,0.533396037,2.533395448,3.220395365,10.20182013,17.13465,30.35,225.66,61.17,27.82,11.31,13.74,100.36,11.03,0.19,1.38,130.33,2.81,18.9,11.6,25.9
"7",657.805,9.8786283,9.4600896,10.5125892,10.5125892,0.21,0.1,28.11222577,41.8137066,162.742742,0.859084543,1.277789575,4.973273025,31.87,28.54,224.34,44.52,22.12,40.59,16.37,53.78,15.63,0.31,1.12,154.12,5.43,28.3,27.3,29
"8",419.474,10.986533,11.9752651,13.4786177,13.4786177,0.32,0.12,0.329858187,1.116599713,0.775209212,0.148641327,0.503164297,0.349326257,45.62,27.85,353.31,62.36,10.56,32.55,26.6,60.53,15.63,0.19,0.34,147.98,3.64,20.2,17.1,23
"9",35.49,6.7891865,4.9997449,6.4767592,6.4767592,0.17,0.08,7.74940969,4.750517175,22.35798455,0.298839333,0.183193487,0.862187633,30.4,34.03,128.73,31.99,10.17,26.43,6.49,28.35,9.43,0.37,0.2,136.09,4.37,29,29.6,28.4
"10",111.698,5.4147456,3.2164117,5.0037759,5.0037759,0.32,0.12,2.487738508,5.641363856,2.160686078,0.210688759,0.47777206,0.182990402,35.92,41.07,178.03,21.47,12.79,19.26,13.49,33.58,8.4,0.04,0.28,133.71,3.97,20.1,21.9,18.3
"11",67.856,11.572171,13.0270691,12.6342799,12.6342799,0.34,0.12,0.485528189,2.879015868,2.957904113,0.139391485,0.826543764,0.849191985,21.83,27.95,538.85,115.88,15.29,32,42.35,45.09,8.4,0.63,1.33,113.32,3.75,19.9,15.8,23.6
"12",335.666,11.2055637,13.6572693,14.2889055,14.2889055,0.42,0.2,0.227348358,0.214321145,1.019459414,1.305280137,1.230486714,5.853044795,19.7,32.34,303.91,73.96,30.54,16.91,16.98,102.35,16.65,0.25,1.3,165.35,2.9,31.6,24.4,38.1
"13",185.709,12.006818,10.6416642,8.2248035,8.2248035,0.7,0.31,0.428260015,0.485430128,1.941009461,1.87528846,2.125628087,8.499398762,28.6,51.43,249.93,35.3,33.35,33.65,14.4,188.6,15.38,1.94,0.82,103.75,4.03,29.8,25.5,36.8
"14",35.449,10.2542749,9.2910122,7.4267267,7.4267267,2.68,0.45,6966.326443,10766.63151,15414.84812,112.7259626,174.2207907,249.436142,20.8,23.94,313.8,144.07,20.86,103.92,25.9,72.27,18.01,4.19,0.98,90.05,1.97,3.6,2.3,5
"15",24.359,10.5051944,13.7144681,16.3594163,16.3594163,0.56,0.25,0.47216115,0.525287214,1.639678792,1.623893897,1.806609246,5.639312724,14.4,31.54,198.43,65.64,22.01,13.08,11.08,106.04,13.77,0.24,1.35,159,2.93,23.1,14.7,31.3
"16",102.124,8.0120648,7.5475883,9.9730906,9.9730906,0.2,0.09,0.470023218,2.439037907,3.084223009,0.051920866,0.269427029,0.34069706,55.31,28.12,527.78,100.19,4.24,15.56,19.51,10.93,12.62,0.22,0.53,133.84,3.97,24.5,22.1,26.3
"17",942.309,5.6681222,3.4641042,5.3784499,5.3784499,0.21,0.08,17.26590116,12.64780464,19.58343854,1.161686942,0.850971482,1.317615839,69.9,46.5,141.99,32.32,8.6,30.28,10.46,23.44,12.98,0.24,0.35,152.31,3.91,22.1,23.1,21
"18",128.263,9.9988558,15.1836179,12.2353456,12.2353456,0.76,0.32,0.574202406,0.923822056,2.189241943,4.886535063,7.86184248,18.63072567,19.6,34.53,313.61,80.28,46.99,38.68,28.42,156.48,19.7,0.44,1.43,154.26,2.91,24.1,16.5,31.5
"19",3.382,7.3902467,6.9945431,5.1142909,5.1142909,0.1,0.03,470.4756371,694.4851655,888.952408,232.1764814,342.7236384,438.6918811,2.4,34.54,327.29,118.85,23.47,53.24,34.97,80.79,37.9,3.71,23.04,137.86,2.16,9.6,4.7,14.2
"20",39.71705,11.9438462,11.5148802,8.8572443,8.8572443,1.69,0.38,12.49109508,41.04472964,55.69004959,43.1003323,141.6242112,192.1576634,11,29.22,270.84,72.7,25.17,92.43,20.92,83.18,18.87,2.75,4.12,78.6,2.94,6.4,4.7,8.5
"21",742.909,6.950181,8.9480019,7.677487,7.677487,0.41,0.14,28.2497269,43.12736664,95.43615511,6.480708413,9.893755392,21.8938008,11.6,33,215.4,55.94,45.48,45.81,28.66,90.18,30.56,0.65,1.88,151.56,2.78,20.2,14.5,25.6
"22",336.502,7.9595233,6.909738,9.1098473,9.1098473,0.52,0.18,0.165359132,0.556440895,1.81389047,0.047956712,0.161376487,0.52605636,52.3,29.45,319.89,107.48,10.77,22.8,10.27,53.65,10.79,0.15,0.38,161.52,4.12,17.9,17.1,18.4
"23",8.93,7.5742542,9.4738462,7.0963344,7.0963344,0.35,0.15,58.12570008,79.48769222,116.732321,100.0783656,136.8585378,200.9847604,8.5,35.2,343.14,107.77,24.71,70.76,15.32,140.84,24.1,0.62,5.06,143.17,2.31,18.9,8.1,29.3
"24",743.068,7.7976249,8.682263,8.8017492,8.8017492,0.48,0.19,462.3082374,1001.567782,1384.006108,3.851812013,8.344758976,11.53111911,16.12,54.18,222.15,63.15,19.62,43.82,18.64,69.08,19.15,0.56,1.25,124.23,2.55,22.1,18.5,25.4
"25",6.857,9.2080746,9.676519,9.2202553,9.2202553,0.97,0.33,0.063669409,0.046031263,0.208097287,0.55648172,0.402321252,1.81880651,22.5,42.78,220.47,60.52,26.52,52.19,6.97,106.26,13.59,0.45,0.92,149.2,3.15,14.1,12.5,15.7
"26",167.088,8.4220956,6.8991835,10.0065948,10.0065948,0.22,0.09,0.269395188,0.273964794,3.27244017,0.0267746,0.027228763,0.325240684,39.73,29.73,508.75,146.22,10.98,25.73,16.41,29.14,11.03,0.26,0.62,140.58,4.41,25,25.5,24.3
"27",3.205,7.3630174,5.4645982,3.7923581,3.7923581,0.51,0.11,794.4770944,1207.21164,1553.730536,215.3210044,327.1812676,421.0956136,4.6,35.63,350.79,87.13,16.09,37.02,28.2,76.38,46.66,5.26,30.89,141.5,2,5.6,2.6,8.1
"28",0.084,4.2383366,4.0934194,2.5851791,2.5851791,0.64,0.14,322.0412056,471.358467,614.7730924,240.4256593,351.9011488,458.969919,3.5,35.51,383.29,131.78,12.68,60.51,34.64,65.71,54.1,5.13,24.8,142.36,1.93,5.4,2.1,8.6
"29",102.69348,7.4169244,6.8944944,6.0548587,6.0548587,0.91,0.15,185.7759159,408.128652,625.805035,38.77179567,85.17724499,130.6067303,20.9,56.87,354.3,172.44,24.86,61.41,75.21,65.58,64.51,7.2,2.79,139.65,3.23,3.9,2.7,4.8
"30",16.048,6.5496373,6.8660443,4.8773871,4.8773871,0.71,0.22,705.0311431,999.343615,1367.268711,152.6414651,216.361043,296.0179862,3,35.82,320.24,114.12,24.89,55.51,46.87,99.53,38.13,3.99,22.12,160.58,2.48,11.4,6.1,16.4
"31",264.982,6.2295715,4.7614839,6.5400874,6.5400874,0.24,0.11,35.60457069,54.32872806,42.54485365,0.857066455,1.307790811,1.024131627,42.85,30.1,126.84,27.89,8.99,24.59,8.24,27.85,10.22,0.25,0.27,147.79,6.91,29.4,29.5,29.3
"32",169.068,9.0616702,8.0251263,6.9133444,6.9133444,0.23,0.07,5.760243668,7.165732482,11.12474185,25.21947203,31.37297661,48.70629301,2.4,27.31,284.41,73.54,19.48,31.22,22.7,60.2,13.67,1.36,4.74,161.02,1.99,11.8,6.9,16.3
"33",12.837,7.9801102,7.6084099,5.7774477,5.7774477,1.03,0.28,211.3721932,327.6010112,426.2713344,337.6809928,523.3641805,680.996517,4.6,43.62,506.18,201.86,16.31,77.35,39.85,77.6,70.42,6.76,24.66,140.1,1.6,7.5,3.7,10.9
"34",5.844,7.893766,6.1519716,4.0834561,4.0834561,1.24,0.3,758.6749847,1170.089097,1504.85658,322.6589163,497.6303263,640.0044854,4.6,32.25,328.47,108.11,22.88,50.59,35.45,72.58,39.75,4.04,30,127.98,1.94,6.1,3.1,8.9
"35",733.723,10.1604348,10.825427,11.9969369,11.9969369,0.35,0.16,19.78179495,46.7489839,81.57838945,1.475934844,3.487977429,6.086626005,18.89,28.96,138.67,45.89,18.62,27.95,23.92,43.92,13.71,0.13,0.67,134.76,4.89,28,24.9,31
"36",3.293,9.8981826,7.6439389,8.2972253,8.2972253,1.58,0.3,268.3886976,837.5005904,1382.527738,0.272490726,0.850300875,1.403658169,36.7,43.8,307.9,132.84,12.13,74.79,10.09,25.64,8.71,0.61,0.61,156.5,3.24,6.2,5.9,6.5
"37",600.693,8.3281758,8.7073733,8.4604687,8.4604687,0.46,0.17,53.91300802,52.47716538,234.2465834,1.764725833,1.717726626,7.667555793,14.41,39.52,185.27,32.92,22.02,43.08,10,50.39,18.23,0.18,1.09,109.16,2.44,22.3,17.6,26.6
"38",8.05,7.863303,8.0245183,6.0384258,6.0384258,1.5,0.41,36.55028147,54.97979736,70.16465757,175.6912717,264.2789638,337.2701227,3.5,40.48,312.61,85.79,12.07,37.63,23.24,64.6,40.5,3.56,19.82,140.96,2.36,7.8,3.3,12.2
"39",16.672,7.7231127,7.6175358,5.7576397,5.7576397,0.86,0.25,214.3269584,310.307522,416.6726565,235.9875363,341.6682072,458.7829475,3.6,51.12,374.62,122.13,15.38,52.38,41.93,69.02,49.78,3.14,13.14,145.47,2.22,9.6,5.5,13.5
"40",260.889,8.8486617,8.9133927,8.7075053,8.7075053,0.34,0.14,11.65821886,2.804006248,24.73488539,4.412595061,1.061306557,9.362067606,9.7,39.46,130.93,22.05,24.85,27.45,17.23,39.65,15.16,0.4,0.85,109.66,2.53,25.7,21.1,30.4
"41",4.625,7.3379487,6.312889,4.4236553,4.4236553,0.26,0.08,486.8208205,684.1582321,951.3260614,133.2425572,187.2536846,260.3773541,6,35.07,422.34,139.42,27.81,58.44,47.95,101.94,43.34,4.59,21.59,143,2.4,10.3,5.8,15.2
"42",114.487,8.3590648,6.3176757,9.2294015,9.2294015,0.21,0.09,0.634493705,1.217902983,6.987970489,0.111150038,0.213351152,1.224146402,58.98,30.22,325.58,88.71,8.95,23.45,18.81,27.81,13.66,0.05,0.31,180.24,4.51,24.4,24.1,24.5
"43",11.301,7.2850055,9.5670743,11.7883774,11.7883774,0.38,0.16,26.79787593,51.27562769,133.0067906,2.340771293,4.478881745,11.61802816,35.8,34.34,214.01,56.83,13.13,24.27,10.7,28.74,12.81,0.09,0.8,152.98,2.87,24.6,18.9,30.3
"44",28.542,8.2802862,5.6710975,6.7227887,6.7227887,0.43,0.16,0.561848339,0.506820861,1.041139077,0.482389041,0.435143815,0.893896176,24.8,43.87,187.14,35.42,17.83,30.02,7.54,63.02,10.77,0.15,0.32,126.42,4.07,21.8,21.9,21.6
"45",3.394,6.2299002,6.064558,4.3320325,4.3320325,1.21,0.3,2637.781537,3663.685833,4972.133082,220.8595465,306.7577737,416.3131186,4.4,48.24,353.13,136.68,11.47,58.92,31.39,55.64,51.98,3.99,16.71,114.31,1.8,6.7,3.6,9.7
"46",122.406,5.3713457,3.2946986,5.0148581,5.0148581,0.34,0.12,8.074058217,4.378149493,7.934043856,1.059482007,0.574502993,1.041109252,40.1,34.51,137.43,36.95,8.07,37.99,10.96,28.41,14.97,0.07,0.44,169.05,3.75,19.7,22.3,17
"47",61.741,8.6408121,7.5921335,5.8525499,5.8525499,0.71,0.24,19.31481957,27.18297244,36.92893674,103.8233809,146.1172387,198.5049382,3.5,41.29,305.33,83.21,13.97,33.29,26.47,65.77,39.81,3.38,19.55,139.33,2.32,13.5,8.6,18.3
"48",185.9281,8.4823535,13.5847999,14.1707703,14.1707703,0.46,0.21,0.162658359,0.231687154,0.612028439,2.866725552,4.083303752,10.78651956,19.42825,31.09,293.7,72.39,42.57,25.8,15.4,127.88,17.63,0.19,1.5,203.15,2.82,27.9,19.9,35.6
"49",205.201,8.6348075,11.4407357,10.6344056,10.6344056,0.34,0.15,42.48574207,36.78264952,98.03372129,8.682168866,7.516714052,20.03366968,6.985,30.5,272.57,70.25,22.63,20.73,18.11,53.27,9.89,0.84,2.52,103.49,2.7,27.6,21,34.1
"50",713.482,7.4656134,8.4553857,7.8982064,7.8982064,0.49,0.17,20.70483616,25.33957075,68.74477193,2.566411094,3.140896891,8.521069378,7.18,28.19,141.95,33.66,40.64,23.92,22.51,80.2,18.46,0.28,0.89,106.11,2.65,19.9,14.9,24.7
"51",60.801,15.9915285,19.8157674,18.2179029,18.2179029,0.55,0.27,29.55839364,95.80742928,118.0654084,1.537230201,4.982614264,6.140175061,8.4,40.61,436.74,107.01,31.43,43.88,122.79,66.91,16.29,1.07,1.27,83.01,3.61,32,22.7,41.1
"52",148.315,9.3025743,10.6596175,9.6655712,9.6655712,0.42,0.16,28.81949485,73.883603,106.2409055,8.679004675,22.25008242,31.99449956,5.95,41.37,179.53,25.27,69.3,23.07,25.7,116.48,15.27,0.14,1.83,98.27,2.47,24.6,18.9,28.9
"53",59.16,9.4867882,9.1859882,7.3285951,7.3285951,1.08,0.31,17.85461943,16.87890766,35.34065549,96.82594982,91.53464588,191.6530649,4.6,49.24,238.66,65.36,11.01,32.48,29.25,60.57,28.6,1.8,9.17,129.09,2.54,8,3.8,12.6
"54",8.87503,5.9635541,5.0479592,3.3054191,3.3054191,0.95,0.19,212.6662146,308.7297806,400.0728624,308.4783183,447.8212194,580.3169254,3.5,42.32,386.59,134.02,13.53,51.58,35.39,70.74,55.09,5.12,26.25,157.28,2.19,5,2,7.6
"55",55.03,7.7077688,6.5439834,9.507434,9.507434,0.19,0.07,0.079756048,0.223907952,0.499390045,0.044648951,0.125347926,0.279568036,60.51,27.81,326.4,45.83,8.79,10.48,14.09,19.43,12.91,0.05,0.41,144.09,4.19,21.2,20.3,21.8
"56",379.83366,9.072957337,9.634427458,7.8732791,7.854238306,0.5483,0.2028,223.84040537469,330.15539302228,457.68195052614,49.47761208224,88.94646067385,132.4212825275,10.8786,41.8164,382.4052,122.4069,35.9849,58.7121,31.8023,108.1681,33.4616,1.3892,4.3062,126.2828,2.6412,19.466,13.811,24.518
"57",12.569,5.7992061,5.0238509,3.5951689,3.5951689,1,0.19,4641.117043,6906.191956,8506.672859,271.5362876,404.0582705,497.6970731,2.6,39.37,360.35,106.98,17.09,47.16,39.55,70.74,50.53,5.17,23.59,151.75,2.13,4.5,1.9,6.9
"58",2.231,15.946039,18.8754833,18.30089,18.30089,0.47,0.22,3.306182604,10.46151617,23.2986789,11.43925761,36.19642133,80.6124833,0.4,41.41,482.67,101.87,83.75,70.5,10.82,459.95,19.12,1.05,3.64,122.79,2.63,30.2,25.1,35.3
"59",63.891,6.4035424,4.3160987,6.8101355,6.8101355,0.24,0.1,1.141119764,0.792747225,1.032838419,0.140951943,0.097920714,0.127576953,31.41,52.29,179.76,43.04,4.09,14.58,12.59,11.61,11.9,0.03,0.22,116.43,4.39,22.2,23.7,20.6
"60",544.493,7.4588522,4.425538,6.6258572,6.6258572,0.23,0.08,29.55886606,25.84692835,52.77921822,0.333688042,0.291784228,0.595821029,43.64,36.62,109.08,25.02,6.13,14.64,10.57,21.03,10.35,0.07,0.3,148.79,3.76,21.6,22,21.1
"61",24.262,10.0069996,9.9846067,8.3337097,8.3337097,0.6,0.21,45.21394737,59.61460208,85.68390025,102.0798828,134.5923536,193.4492121,9.5,55.58,308.36,94.28,16.72,36.52,51.18,77.36,41.84,2.7,11.49,146.79,2.59,15,9.6,20.3
"62",49.241,9.4400826,7.9299876,5.2351226,5.2351226,0.24,0.07,60.67364177,83.36837184,114.214131,135.5411193,186.2397262,255.1472221,4.9,34.41,320.01,92.04,19.24,45.93,29.34,61.6,29.59,2.55,22.42,123.15,2.22,10.3,5.6,14.8
"63",63.422,13.278765,12.0605641,14.9822181,14.9822181,0.28,0.11,0.536494789,2.748147005,2.895055244,0.153549655,0.786544498,0.828590963,31.6,27.94,490.35,149.05,12.9,30.94,24.49,35.78,9.26,0.64,0.84,123.01,3.68,21.7,19.2,23.8
"64",121.539,6.0163501,3.9049721,6.401131,6.401131,0.29,0.12,94.47881279,81.23252609,107.5560226,0.735746351,0.632591931,0.837584097,39.52,37.13,186.93,29.92,12.41,23.73,13.28,30.6,12.76,0.15,0.24,143.53,3.57,22.3,24.2,20.4
"65",10.17,6.4065812,6.6002139,4.9698628,4.9698628,0.25,0.08,584.1093525,811.0063725,1146.344862,93.04392962,129.186803,182.6035317,2.4,33.12,362.74,144.5,18.77,39.15,39.88,86.46,30.99,3.01,23.06,122.03,2.4,10.9,4.5,16.6
"66",56.893,7.2485658,6.015919,8.8226583,8.8226583,0.19,0.08,0.826121662,1.188550991,0.748101222,0.049080746,0.070613049,0.04444547,46.22,40.43,215.53,56.54,11.93,24.69,6.23,21.49,8.24,0.61,0.34,138.73,3.68,24.9,24.2,25.4
"67",141.64844,8.8060987,13.254356,12.1055568,12.1055568,0.59,0.24,0.200695424,0.351517846,0.773208248,1.80703512,3.165020311,6.961865065,17.16675,32.62,340.45,109.34,44.15,24.6,19.14,153.24,21.94,0.25,1.33,201.04,2.74,21.3,13.3,29
"68",204.571,8.933383,10.3592865,8.225591,8.225591,0.61,0.22,157.2738973,322.3879284,545.6001207,27.16939881,55.69319736,94.25357628,5.7,41.48,165.83,38.57,50.47,21.5,43.44,118.24,25.61,0.47,2.16,112.08,2.33,21.2,15.1,26.4
"69",5.406,6.7504811,6.0544232,4.5085532,4.5085532,0.35,0.09,475.096115,681.0557156,916.7504496,192.2882471,275.6474018,371.0414196,7.5,34.31,382.26,137.19,19.77,61.4,39.63,83.14,41.02,4.09,28.13,139.54,2.17,7.7,3.7,11.5
"70",20.833,7.3624409,6.8439213,5.0856492,5.0856492,0.28,0.08,74.40035852,107.6224622,144.2902741,289.0878517,418.1746838,560.6500587,2.4,33.85,495.16,170.77,32.36,73.71,52.51,112.28,47.53,5.28,33.15,165.51,2.14,9.5,5,13.7
"71",151.292,9.0633936,12.596474,10.9003648,10.9003648,0.6,0.24,3.6719118,4.010773659,9.249413705,14.14279139,15.44795689,35.62518264,7.2,32.8,495.73,155.97,36.09,24.93,36.36,159.01,26.08,0.9,1.54,128.21,2.71,20.2,12.7,27.1
"72",20.346,8.5517711,8.7666628,7.0955362,7.0955362,0.35,0.14,92.30855875,144.8636186,195.0337479,34.04920955,53.43482525,71.94072837,10.1,32.61,544.45,184.3,38.25,55.62,22.18,134.81,38.48,0.93,8.02,176.74,2.36,22.7,17.9,26.9
"73",266.442,8.4891994,9.972857,7.8857192,7.8857192,0.49,0.18,60.75258714,181.3742528,278.5056549,19.99434854,59.69227316,91.65929217,14.7,48.16,315.58,56.11,58.97,56.37,34.33,104.03,50.69,0.52,2.61,118.55,2.65,21.4,15.6,26.9
"74",163.348,8.9001676,6.6882506,9.4248907,9.4248907,0.26,0.11,4.840916635,22.05688295,46.66520692,0.389035322,1.772578876,3.750201704,78.66,30.13,361.76,74.59,8.6,32.23,26.66,27.37,17.64,0.06,0.51,202.73,4.43,26.4,28.2,24.6
"75",32.234,7.6316878,4.1564257,5.2995146,5.2995146,0.27,0.1,0.133755738,0.080584068,0.120383674,0.413668974,0.249223918,0.372312934,25.06,43.88,147.84,31.21,5.54,22.17,3.55,15.54,9.83,0.04,0.39,144.51,4.33,21.9,24.2,19.4
"76",86.963,9.053893,8.3259159,7.5498721,7.5498721,2.58,0.5,118987.3967,183143.7234,321468.3266,232.1997819,357.3986305,627.3343008,7.9,26.27,344.27,85.07,27.09,138.8,19.45,80.67,23.45,6.53,5.71,86.89,2.74,3.9,2.7,5.1
"77",49.4,7.4193282,7.9842802,7.347647,7.347647,1,0.24,7272.128659,12446.09086,28585.46572,82.43602785,141.0874781,324.0416058,18.6,48.38,384.93,149.73,20.78,62.84,27.91,83.27,45.3,2.98,1.84,82.91,3.06,6.9,4.8,8.9
"78",396.45,11.3852069,12.860293,11.0630794,11.0630794,0.41,0.17,43.26512702,55.9499208,206.2125559,1.328461976,1.717950402,6.331786323,6.7,47.64,352.24,67.36,20.78,31.62,8.54,59.15,10.94,1.48,1.41,104.48,4.73,25.8,19.3,32.2
"79",266.617,17.2299941,17.4914421,13.7771144,13.7771144,0.35,0.16,3.099555605,12.04861261,24.26456267,0.310474336,1.206877849,2.430517449,21.1,50.31,613.13,129.92,50.48,41.87,10.24,142.58,6.93,1.52,3.37,99.31,3.12,30.4,23.4,37
"80",382.762,7.3088405,5.1438133,6.2155942,6.2155942,0.17,0.07,0.851403099,1.341764391,0.849139936,0.191230184,0.301368238,0.190721865,35.14,42.09,159.45,29.93,9.19,34.72,6.61,22.99,11.65,0.15,0.32,152.01,3.92,25.3,25.1,25.5
"81",286.868,7.0922374,5.7613617,6.7878403,6.7878403,0.29,0.12,6.588797326,8.987716548,9.032278833,0.961916049,1.312140647,1.318646414,28.12,40.79,119.21,26.23,22.52,18.42,7.31,56.8,10.34,0.16,0.37,134.5,3.95,26.1,25.9,26.2
"82",623.534,7.0540891,4.6222522,7.4494739,7.4494739,0.23,0.08,21.33296377,24.20477728,34.517873,0.215294503,0.244277146,0.348357987,44.23,49.15,144.02,31.69,8.78,19.04,10.14,26.86,9.26,0.39,0.22,143.27,3.96,19.9,20.1,19.5
"83",66.19,9.2817333,14.4098648,14.500917,14.500917,0.49,0.21,3.770326911,5.812347618,10.23805723,2.305956156,3.554869136,6.261661563,22.1,31.1,248.65,105.69,30.32,27.8,8.43,147.02,13.58,0.27,1.73,158.63,2.78,24.7,15.3,33.4
"84",13.678,8.3588827,5.0036277,8.4964572,8.4964572,1.36,0.2,139.8796285,94.0614781,426.0182665,0.552538258,0.371552068,1.682813956,30.22,48.28,94.69,31.75,9.7,12.67,8.24,16.2,6.87,0.23,0.2,120.91,2.69,4.3,4.8,3.7
"85",65.47,16.510798,17.1804625,13.4508012,13.4508012,0.36,0.18,1.704340143,1.443525314,5.65300118,0.692248746,0.58631406,2.296069241,15.3,49.27,297.16,72.66,40.39,22.19,11.8,95.57,11.48,0.6,0.78,97.41,3.4,35.5,28.2,43.1
"86",118.285,12.3560972,11.3681004,11.6856272,11.6856272,0.31,0.12,0.629721401,3.35391534,3.395181939,0.084860287,0.451968472,0.457529495,52.04,26.4,534.53,136.11,11.76,46.9,49.78,25.93,13.69,0.22,1.06,121.92,3.41,21,18.9,22.7
"87",17.37,5.8172238,6.1624503,4.2423771,4.2423771,0.42,0.11,1989.655712,2803.290055,3686.789729,243.664114,343.3062231,451.5044224,4.1,35.16,225.89,74.35,8.37,34.06,19.56,41.49,38.5,3.54,17.21,85.11,2.21,7.1,2.8,11.1
"88",144.23484,22.0139868,22.5987826,22.2192174,22.2192174,0.41,0.24,2.445712242,7.961015904,11.33916003,105.530253,343.5105764,489.2744147,11.5531,66.53,498.79,196.77,50.5,131.29,33.35,312.45,67.44,2.95,13.01,143.87,3.06,46,41.6,50.4
"89",177.026,19.6593654,19.6190961,14.6246098,14.6246098,0.55,0.28,0.205670854,0.144062366,0.895677686,0.229314705,0.160623725,0.998644482,12.28,49.61,245.7,47.47,19.5,13.71,8.96,48.74,8.11,0.23,0.55,81.8,4.34,37.9,33.3,45.6
"90",174.428,9.9323155,10.8247126,9.3400427,9.3400427,0.43,0.14,0.319665999,1.866156184,1.674994259,0.184566349,1.077467215,0.967095582,22.15,27.53,574.47,143.43,11.18,52.89,49.2,26.46,8.96,0.69,1.08,96.57,3.36,16.6,14,18.6
"91",65.86906,7.7291924,7.5895286,5.7492174,5.7492174,0.86,0.17,85.56568558,200.4720106,274.6500024,49.4408897,115.8351563,158.6960986,16.9,49.87,443.23,171.64,29.84,84.9,25.05,93.03,33.9,1.24,4.86,123.14,2.8,5.3,3.7,6.7
"92",33.4,7.8315259,6.5982073,9.5992022,9.5992022,0.21,0.09,0.144786768,0.572990928,0.973560693,0.052108848,0.206219792,0.3503851,56.63,28.15,423.55,112.19,6.1,9.69,14.14,22.42,15.36,0.41,0.43,153.46,4.08,23.6,21.6,25.1
"93",86.441,14.4658527,12.2357376,11.051152,11.051152,0.43,0.2,3.794317521,1.441374979,19.76077389,1.219445717,0.463239709,6.350863084,29.1,47.34,217.53,25.17,11.09,19.23,9.24,37.54,5.66,0.25,0.64,134.32,3.62,32,27.4,37
"94",20.072,7.3050801,9.8530791,7.5376578,7.5376578,0.3,0.12,129.9835286,184.6699094,242.5568236,243.4497465,345.873382,454.2913849,11.3,32.64,501.31,199.94,33.31,144.87,18.68,197.82,37.26,1.08,8.64,168.44,1.86,16.6,4.6,26.7
"95",16.213,7.7892159,7.6008282,5.6957736,5.6957736,0.28,0.08,223.6108744,303.8631394,422.6917641,288.1781619,391.603142,544.7433448,1.6,32.67,346.06,114.1,26.69,36.09,41.05,87.07,34.95,3.46,19.99,134.02,2.07,9.9,5.5,14.2
"96",118.173,15.1971092,16.5917053,14.2216907,14.2216907,0.34,0.16,3.875513026,5.109389794,12.80712876,1.984116402,2.615814739,6.556766564,10.1,55.55,310.43,62.95,43.25,30.58,16.93,87.13,9.96,0.5,0.98,129.9,4.15,32.5,25,39.6
"97",26.221,9.177710578,9.623462285,7.813470755,7.79829903,0.5971,0.2137,203.54918882209,325.95713128774,420.93890902629,63.65690882738,95.6909113462999,146.1971214602,10.0721,41.259,392.2934,127.3411,32.0661,61.2134,34.6091,105.3239,35.2623,1.4252,4.6787,125.7355,2.6294,16.241,8.96100000000001,22.627
"98",51.795,8.9232895,7.0877929,9.5350186,9.5350186,0.14,0.06,0.347867144,1.458779845,2.349074471,0.087075621,0.365151358,0.588003554,55.21,27.63,382.11,75.98,4.51,13.87,22.88,13.75,18.61,0.28,0.57,149.49,4.15,26.3,24.2,27.8
"99",234.833,6.9729089,3.9014333,5.2535003,5.2535003,0.2,0.08,0.36267577,0.204403632,0.366062672,0.618367412,0.348511136,0.624142128,44,35.63,150.35,35.46,8.54,24.54,11.32,20.95,11.3,0.11,0.19,139.45,4.15,22.6,24.5,20.7
"100",8.812,6.3172086,4.780814,3.3602759,3.3602759,0.95,0.2,886.1082513,1356.804515,1693.585091,260.5951733,399.0220236,498.0656703,3.5,31.48,505.29,192.37,10.56,89.87,25.66,55.94,43.67,3.04,21.16,124.25,1.8,5.3,3,7.5
"101",9.566,6.6198552,6.0038419,4.2931328,4.2931328,0.8,0.18,884.421835,1291.87512,1679.169686,239.6245676,350.0196453,454.9529353,2.4,42.38,312.91,88.49,14.34,44.41,28.02,64.29,49.16,6.16,25.65,178.75,2.29,5.8,2.2,9.1
"102",7.353,11.4416249,10.7315988,9.4710603,9.4710603,1.22,0.44,21.1943955,22.39138508,182.6385655,1.824511488,1.927553882,15.72237156,27.9,51.62,320.97,81.91,19.58,38.62,12.67,57.6,24.14,1.57,2,119.42,3.44,15.6,13,17.9
"103",68.45,11.063976,10.7239682,8.3438318,8.3438318,1.26,0.34,0.304899155,0.454699471,1.397518944,2.369895313,3.534251004,10.8625214,21.5812,45.12,239.27,43.94,36.26,57.62,9.63,68.04,4.77,0.45,0.53,71.97,3.29,8.6,5.8,11.4
"104",6.716,8.3645204,6.3847485,4.522811,4.522811,0.32,0.09,1131.928963,1686.286246,2198.228221,322.0978258,479.8438342,625.5202878,2.8,34.49,318.64,104.47,19.54,65.31,24.55,70.88,32.04,3.05,28.3,133.06,2.08,8.6,4.6,12.4
"105",124.564,9.0493557,6.3757008,8.7500336,8.7500336,0.32,0.14,0.066645901,0.078658185,0.079641615,0.114238034,0.134828344,0.136514045,41.35,41.06,181.96,33.49,10.76,20,6.18,30.21,10.1,0.1,0.32,122.9,3.8,28.9,29.2,28.5
"106",211.47504,20.7581138,21.4743119,21.0801125,21.0801125,0.41,0.26,0.062633444,0.197932895,0.374600564,6.972972934,22.03584265,41.70423062,10.5689,36.2,421.9,132.85,79.67,77.94,22.21,615.23,22.15,1.43,2.76,105.6,2.06,52.9,48.4,57.3
"107",35.056,8.4635263,9.4024279,7.3046722,7.3046722,0.21,0.07,145.0730909,234.2588265,305.8612241,156.5157742,252.7360612,329.9861193,2.4,35.6,288.87,82.95,20.46,33.92,27.09,67.83,26.1,2.28,15.9,126.87,2.39,12.7,6.6,18.5
"108",7.863,12.8618866,13.0882746,14.6107078,14.6107078,2.01,0.67,0.479762197,1.332114209,2.589771637,0.597681675,1.659531028,3.22630474,15.87,44.47,271.8,66.42,67.1,42.06,19.69,222.12,9.67,0.45,0.91,93,3.03,10.8,5.6,15.7
"109",696.596,10.869791,11.5297297,11.0197769,11.0197769,0.57,0.25,251.8637567,419.4164902,743.3918192,4.202337885,6.997949324,12.40346624,12.5,40.74,158.3,29.57,62.13,36.09,41.18,139.43,21.52,0.52,0.64,92.14,2.61,28.9,24.3,32.8
"110",423.901,7.7593317,8.4339062,10.1435799,10.1435799,0.36,0.13,0.27774471,1.257974609,1.442067511,0.090563719,0.410185523,0.470212366,28.48,27.08,543.97,121.56,4.48,23.52,66.09,17.44,16.38,0.12,0.75,126.44,3.73,18.9,16.2,21.1
"111",25.482,9.065553641,9.586077277,7.804471886,7.771099894,0.5966,0.2125,206.30793362979,324.91761180226,382.78450591844,59.31330854698,95.8042275039,142.8161628408,10.0626,41.2713,389.0306,127.7117,31.9627,61.202,35.0982,105.1228,34.4718,1.5048,4.6652,126.2848,2.6645,16.138,8.92100000000001,22.461
"112",202.08152,12.1686151,11.1872717,9.4505846,9.4505846,0.29,0.1,0.222842164,0.648610697,0.748932307,0.280652723,0.816875746,0.943223168,27.6,29.09,579.93,209.02,20.03,27.18,71.32,32.61,27.09,0.7,1.73,272.06,3.59,20.6,17.5,23.2
"113",437.855,7.5727608,6.6484069,8.4850937,8.4850937,0.43,0.17,0.011582176,0.025020458,0.181463625,0.020101193,0.043423711,0.314935244,41.8521,29.87,412.62,174.89,13.84,6.87,5.47,33.47,10.74,0.24,0.26,144.95,4.43,23.3,23.3,23.1
"114",93.334,14.0416698,13.3969031,12.340708,12.340708,0.33,0.14,38.07487182,45.27218164,140.4340585,2.47060228,2.937621319,9.112485177,19.6,47.7,319.37,70.57,37.14,29.16,12.84,91.46,10.17,0.48,2.28,81.03,3.42,26.1,19.4,32.2
"115",2.848,6.5621686,6.1720894,4.6596229,4.6596229,0.45,0.12,821.5822232,1212.29718,1588.718746,202.4946602,298.7938379,391.5701356,1.7,43.38,338.52,120.8,13.58,37.98,16.02,65.91,40.95,4.96,18.32,138.5,2.25,7.2,3.3,10.5
"116",21.081,6.9114952,7.8750752,7.208295,7.208295,1.26,0.29,986.7222685,1921.851487,3030.073427,49.58457802,96.57651201,152.2666682,25.5,83.84,285.17,130.82,29.02,101.35,56.44,82.14,23.05,1.24,3.28,175.79,4.48,5.8,4,7.3
"117",52.343,7.3191306,7.5376131,5.7685644,5.7685644,0.29,0.12,69.16455963,119.1938648,173.2776072,98.11458318,169.0845199,245.8059488,5.9,37.9,330.6,110.02,21.52,72.09,12.69,105.85,25.72,0.64,5.68,86.87,2.34,17.2,7.5,25.4
"118",370.75246,30.0757634,28.4019317,28.0206037,28.0206037,0.4,0.27,733.75539629835,1288.1160545493,2468.71004389519,82.07203044561,144.48504766705,232.6585251394,13.1586,49.5363,503.3648,184.5027,64.9208,114.531,30.3387,330.375,41.1084,4.5217,8.6093,147.5847,2.6167,61,58.7,63.3
"119",30.065,11.6872047,9.4862663,7.928876,7.928876,1.06,0.19,1831.196387,3428.271168,5704.200515,178.3353156,333.8701546,555.516823,11,31.41,330.7,96.03,26.46,140.68,22.46,80.96,23.47,3.77,4.62,90.06,2.56,4.1,2.7,5.4
"120",416.227,5.1717566,3.5314209,5.2926449,5.2926449,0.24,0.09,8.606314163,5.014641338,7.58486616,0.401740147,0.234081944,0.354059263,49.33,40.22,127.71,34.5,7.93,30.38,5.82,26.32,11.69,0.07,0.41,167.32,4.52,20.4,20.8,20
"121",5.184,7.9042936,5.9634449,7.6297578,7.6297578,0.23,0.11,3.137888936,2.159206438,9.92380928,0.659852275,0.454049621,2.086832347,29.74,35.55,155.77,35.53,10.75,30.96,4.05,26.13,9.87,0.05,0.34,147.73,3.63,30.8,30.1,31.4
"122",23.549,9.2258635,10.9731792,8.9639055,8.9639055,0.43,0.17,10.33266094,26.31890748,37.95275803,4.478730167,11.40802796,16.45076358,5.52,40.19,180.52,35.9,58.52,27.03,28.36,99.69,12.27,0.37,1.44,80.85,2.27,23.7,17.9,29
"123",2.85,5.9408535,5.3203077,3.7354109,3.7354109,0.49,0.11,684.8434672,1069.709241,1360.150943,240.2585023,375.278078,477.171564,4.6,31.19,334.07,110,19.47,50.74,24.98,70.73,38.06,3.75,33.31,116.15,1.81,5.5,2.5,8.7
"124",5.506,6.299279,6.0017798,4.2889467,4.2889467,0.31,0.09,6623.459482,8098.488858,12973.12786,191.762036,234.4670057,375.5972872,1.1,28.37,197.62,56.18,6.72,26.06,27.41,41.12,20.25,3.05,18.9,107.78,2.04,8.9,4.6,13.1
"125",81.42119,5.7529754,5.9210002,6.6706002,6.6706002,0.65,0.13,7.246454118,40.25084588,42.13662186,0.414077254,2.300015906,2.407773015,43,38.55,411.09,206.41,15.08,148.93,13.85,33.15,14.67,1.25,0.96,188.66,2.14,6.8,6.1,7.3
"126",379.83366,9.072957337,9.634427458,7.8732791,7.854238306,0.5483,0.2028,223.84040537469,330.15539302228,457.68195052614,49.47761208224,88.94646067385,132.4212825275,10.8786,41.8164,382.4052,122.4069,35.9849,58.7121,31.8023,108.1681,33.4616,1.3892,4.3062,126.2828,2.6412,19.466,13.811,24.518
"127",51.649,6.2257413,3.8782065,5.5054435,5.5054435,0.24,0.1,7.889693542,4.596251605,6.910706838,1.311901805,0.764266793,1.149115454,31.95,45.16,137.75,30.36,6.14,28.69,4.55,20.58,10.24,0.07,0.3,138.79,3.65,23.1,23.6,22.5
"128",235.576,14.3323602,12.3150791,8.2816983,8.2816983,0.68,0.27,0.946419589,0.4014726,4.487136499,1.407956183,0.597257112,6.675360119,8.8,47.51,314.92,48.99,21.32,14.53,9.8,103.46,4.74,1.16,0.9,69.23,3.78,27,22.9,33.7
"129",30.599,12.5771361,12.1315271,9.6872886,9.6872886,1.09,0.32,4499.728056,7189.719514,13795.64303,99.7710881,159.4154425,305.8865555,18.6,26.69,479.9,136.48,29.37,83.94,26.91,93.89,27.79,3.76,8.52,118.3,2.33,8.6,6,11.3
"130",367.39528,24.7751215,21.5507927,21.1574305,21.1574305,0.38,0.25,674.91968489235,1167.6213402743,2254.35922708469,81.84562188311,138.81869211935,232.5376368154,13.141,49.2306,508.003200000001,181.9959,67.4636,113.67,31.0746,352.2383,40.6445,3.669,8.5829,141.076,2.5734,55.3,51.8,58.8
"131",614.17,8.9030156,9.7735384,9.5552917,9.5552917,0.45,0.17,7.427532739,15.91527833,27.84035356,3.324486531,7.123513324,12.46105317,12.62,37.95,154.03,44.05,27.31,23.09,13.56,67.45,12.12,0.23,1.38,100.48,2.59,22.7,17.8,27.6
"132",0.782,15.357027,14.3210734,11.6053098,11.6053098,0.81,0.31,165.6399375,390.6303765,503.4274706,139.86466,329.8442733,425.0889797,2.1,40.26,591.54,208.12,59.11,343.05,44.8,183.05,37.4,2.21,6.95,121.58,1.91,21.3,16.6,25.8
"133",186.049,8.0133105,8.2721305,7.1140043,7.1140043,0.53,0.19,13.59930623,19.00140258,41.51117122,5.124776849,7.160508515,15.64311338,19.7,48.56,271.74,82.11,38.59,30.83,15.03,109.31,22.5,0.27,1.96,134.45,2.54,20.3,17.1,23.4
"134",1038.977,7.2325752,8.0752417,7.4633108,7.4633108,0.37,0.12,92.34946292,215.8098729,306.8221766,5.336122467,12.46989289,17.72875183,11.6,28.63,108.51,24.82,24.06,31.1,21.3,48.66,15.92,0.29,1.05,106.09,2.73,19.7,15.2,24.2
"135",64.363,7.0508844,7.272278,6.129182,6.129182,1.21,0.27,209.3515731,248.7301522,933.5777717,7.15699953,8.503215697,31.9157653,46.6,47.6,427.92,130.68,50.55,68.78,19.18,111.57,26.94,1.21,2.83,119.22,2.92,6.4,5.2,7.5
"136",121.94,8.394709,6.9763247,9.2658867,9.2658867,0.25,0.1,5.607770888,10.23089526,58.76978116,0.136956892,0.249866059,1.435316582,68.73,29.41,283.08,56.8,7.6,18.6,15.09,22.3,15.08,0.09,0.35,169.81,4.48,23.1,23.7,22.2
"137",232.526,8.4291863,5.2866095,7.7590325,7.7590325,0.44,0.16,4.287564851,15.85104615,13.89678485,0.263138121,0.972816656,0.85287896,28.87,41.34,155.11,58.28,12.82,26.91,12.6,39.07,11.78,0.18,0.34,140.76,3.32,20.8,20.3,21.2
"138",79.832,18.9393887,18.7735012,13.1857956,13.1857956,0.61,0.29,0.039604142,0.031086478,0.172933288,0.269181861,0.21128891,1.17539483,18.5,48.45,187.72,24.99,25.77,10.5,12.09,108.6,7.22,0.37,0.43,81.64,4.24,35.1,32.5,43.1
"139",341.725,7.2931016,6.3776748,8.3916512,8.3916512,0.35,0.14,2.216485464,13.30823442,20.71738689,0.093683425,0.562494546,0.875654634,47.02,28.99,430.29,140.81,8.67,21.46,33.93,17.24,12.78,0.45,0.42,150.5,4.41,22.5,23.4,21.6
"140",182.198,7.4159878,7.9515761,10.2981062,10.2981062,0.37,0.15,8.243218999,41.06300511,53.11255104,0.064354799,0.320578824,0.414649613,56.75,27.98,562.81,168.05,5.21,17.96,25.92,16.04,20.19,0.15,0.96,147.5,3.98,23.1,18.1,26.9
"141",2.702,4.2869468,4.5413895,2.9881491,2.9881491,0.91,0.19,345.4228302,482.9915163,623.1221629,158.9349501,222.2326546,286.709161,1.7,41.11,268.13,82.99,10.84,47.21,26.66,60.85,41.92,4.55,19.02,133.87,2.28,5.8,1.9,9.3
"142",410.60425,12.6933192,16.3036417,16.9508768,16.9508768,0.58,0.25,236.89654527448,354.43172471132,549.13470502444,47.89198488611,90.14449905947,130.646268702,12.39,42.7986,497.4616,157.4968,54.1245,78.4324,28.5464,175.0178,33.1413,1.5873,3.9618,130.2429,2.6721,22.9,15.3,30.1
"143",82.77494,13.7422047,15.1406024,15.4551671,15.4551671,0.57,0.23,0.283352436,0.594360217,1.491103966,2.43436171,5.106318381,12.81050005,15.97135,32.06,215.09,69.38,26.65,23.7,15.82,97.99,10.7,0.15,1.23,129.55,2.77,19.7,12,27
"144",135.99309,9.3436029,11.8484475,11.666134,11.666134,0.52,0.22,0.39938264,0.641402054,1.360602246,5.086883564,8.169452647,17.32980982,15.97745,31.09,366.32,103.23,34.21,18.55,15.88,154.14,21.14,0.1,1.71,183.09,2.65,23.7,16.6,31
"145",164.42589,22.6574192,26.571054,25.1065113,25.1065113,0.18,0.11,0.240711205,0.300389353,2.01008098,3.944089158,4.921924538,32.93547795,16,53.3,389.59,120.01,62.76,60,18.22,180.8,19.64,0.86,1.93,106.54,2.87,47.3,39.9,55
"146",1237.551,9.128013704,9.667384752,7.833078244,7.943139663,0.5198,0.1814,262.42944300308,385.59585894726,526.61593381724,48.18019306779,88.15219477177,122.7524941691,10.94235,41.5823,353.5399,113.0395,36.6548,61.8519,31.0606,106.6322,33.1091,1.3047,4.082,127.4798,2.6106,19.643,14.15,24.836
"147",68.443,8.3453454,7.7847396,5.7104621,5.7104621,0.23,0.07,1.182479901,1.665138708,2.506077838,26.45064956,37.24714506,56.0579394,10.3235,28.01,293.65,122.56,43.5,104.05,69.35,81,33.28,1.83,5.23,130.31,1.94,12.4,7.2,16.9
"148",153.071,17.6139625,17.0134147,13.8250458,13.8250458,0.59,0.29,10.38224065,6.15515015,37.75978201,2.314998101,1.372455271,8.419552829,9.6,51.42,301.43,84.77,44.64,22.13,19.1,85.1,6.27,0.97,0.69,90.21,3.92,35.4,30.8,42.3
"149",19.231,7.5161234,7.3062892,5.2602757,5.2602757,0.31,0.09,651.8171428,969.9338695,1297.648909,200.9618256,299.0404337,400.0782989,1.4,36.95,356.79,110.4,26.55,55.25,32.31,90.21,36.77,3.85,25.53,148.91,2.38,8.8,4,12.9
"150",117.274,7.2703366,6.4741997,8.4988801,8.4988801,0.45,0.17,1.50719623,5.292796122,17.18284253,0.153524584,0.539129749,1.750262313,40.2602,29.92,398.67,116.96,14.08,24.53,9.24,38.43,16.61,0.06,0.41,174.37,4.3,21.5,21.1,21.8
"151",87.48116,10.3003167,10.4253758,10.5117947,10.5117947,1.23,0.47,0.153337457,0.280043343,0.933622301,3.027441991,5.529079401,18.43311747,16.9916,47.22,289.36,56.34,48.93,33.38,22.32,93.95,28.26,1,4.82,162.39,3.11,14,7.6,20.5
"152",9.277,7.1035396,6.6353241,4.6419825,4.6419825,0.31,0.09,406.241183,601.0625282,797.2303555,261.8330403,387.4004798,513.8357621,2.4,31.04,386.95,125.83,23.09,54.01,36.69,86.5,40.23,4.91,31.04,138.42,1.97,8.7,3.8,13.3
"153",4.786,9.3643048,6.542572,7.6571868,7.6571868,1.62,0.32,0.525654718,0.322362997,1.520959215,0.154520554,0.094761271,0.447098548,30.49,38.86,111.1,22.84,13.66,11.72,3.59,22.56,5.14,0.09,0.16,111.78,3.03,6.1,5.8,6.3
"154",32.237,8.1699695,6.3083978,8.1008882,8.1008882,0.36,0.13,0.303444641,0.45204238,2.821787954,0.058192301,0.086689243,0.541140991,52.55,30.25,356.91,65.66,9.5,14.18,21.04,24.19,15.67,0.08,0.5,168.04,4.62,20.5,21,19.9
"155",92.355,7.2928867,6.9791175,9.8495225,9.8495225,0.35,0.13,0.121865262,0.243813876,0.923074812,0.045131477,0.090293823,0.341850739,48.75,29.73,190.44,41.24,5.36,16.04,16.27,18.47,12.91,0.03,0.23,154.68,4.63,20.2,19.4,21
"156",211.36392,12.6337645,15.1037991,11.7706089,11.7706089,0.83,0.32,2.426774443,10.01377305,12.31758065,19.70335513,81.30336427,100.0083327,14.8,49.2,666.43,239.88,86.5,143.2,26.4,282.41,38.27,2,3.4,158.94,2.68,22.5,17.9,27.1
"157",6.544,7.4372867,6.2462293,4.5081573,4.5081573,0.77,0.21,445.4531298,649.511717,847.137449,211.6770966,308.6447154,402.5554735,3.5,37.27,473.9,153.48,17.59,56.13,40.43,86.18,60.12,6.26,33.84,163.49,1.94,8.3,3.9,12.3
"158",321.251,9.666581,12.631978,11.7505881,11.7505881,0.29,0.15,1615.847969,2133.078229,3282.365464,77.47605523,102.2760123,157.3815934,24.88,33.38,249.35,76.83,27.55,57.55,11.73,130.7,20.26,0.54,5.62,133.23,2.11,28.3,15.4,39.6
"159",8.992,9.3042505,6.7262088,8.4375467,8.4375467,1.5,0.23,38.68146316,24.06495766,112.2496836,0.800516322,0.49802644,2.323017191,40.27,53.73,123.61,54.53,9.74,20.25,14.51,36.6,8.72,0.21,0.26,146.57,3,4.7,4.4,4.8
"160",5.003,7.49046675,6.471259163,4.605612312,4.5444451,0.6155,0.1839,460.8228436,690.4437055,882.7365556,342.9839182,513.8874748,657.0083207,4.231,34.75,326.17,106.68,12.64,44.84,26.75,66.45,48.15,4.32,32.47,126.2,1.69,8.051,3.815,11.959
"161",754.96,8.5417676,5.6802586,8.2329689,8.2329689,0.29,0.12,23.59704663,9.975476802,36.93878373,0.368017975,0.155576875,0.576094822,45.1,46.26,117.28,26.87,9.39,30.04,9.64,24.84,12,0.18,0.32,129.92,3.96,23.8,24.6,22.8
"162",0.887,7.0219834,7.712655,8.4048689,8.4048689,1.57,0.34,66.51201084,196.3430677,361.5068164,5.407416978,15.96266335,29.39045252,9.1,41.92,226.84,61.04,23.41,56.53,21.57,89.52,6.2,0.07,2.56,74.72,3.31,5.2,2.9,7.3
"163",19.088,8.3090898,9.4724273,7.1762183,7.1762183,0.5846,0.2112,202.4042067,336.5655065,428.0380857,24.86748244,41.35060708,52.58897408,0.9,43.15,449.28,115.47,37.59,48.64,20.8,79.78,17.03,0.84,3.01,94.4,3.24,16.606,9.987,21.676
"164",189.215,10.946402,13.5358311,13.4875486,13.4875486,0.48,0.21,3.093831384,3.554315911,10.1918065,10.47416438,12.03313449,34.5043551,13.2,35.76,331.98,120.76,45.27,24.15,20.81,126.09,26.27,0.38,2.57,140.51,2.86,26.4,18.9,33.7
"165",585.983,5.8450484,3.9519066,5.9741604,5.9741604,0.22,0.08,16.09295052,12.6039573,16.62200002,1.111636484,0.870630825,1.148181102,20.27,40.27,166.31,35.6,6.45,20.67,6.35,20.46,9.59,0.06,0.22,134.55,4.29,20.6,23.1,18.1
"166",222.887,5.2982009,2.8276539,4.3539265,4.3539265,0.29,0.11,4.994817772,3.566223667,4.817742025,0.444491847,0.317360396,0.42873377,31.85,43.39,130.34,24.76,7.72,17.62,6.87,20.54,9.92,0.65,0.2,120.55,4,19.5,22.2,16.9
"167",15.714,13.9683956,15.2886327,12.6454502,12.6454502,0.32,0.14,2.014161609,2.773388032,8.367179624,0.356202074,0.49047036,1.47972572,30.5,48.87,432.24,60.34,23.78,31.29,12.48,48.55,7.67,0.06,1.79,67.4,3.43,27.8,20.9,34.8
"168",8.493,10.2708067,9.9071062,7.597814,7.597814,0.53,0.16,4.808756272,15.30106375,17.05428184,2.620079653,8.336876216,9.29212759,6.48,27.4,515.37,154.33,11.63,47.15,28.61,37.83,10.94,1.53,4.82,83.38,3.47,14.2,11.6,16.7
"169",0.352,6.0174174,6.1468618,4.455715,4.455715,0.6,0.17,1968.689517,2737.774677,3648.140032,181.5023339,252.407751,336.3384242,2,40.72,327,79.07,13.25,40.71,29.07,66.93,41.64,5.21,20.03,146.77,2.6,8.4,4,12.7
"170",0.845,8.2871193,8.7565508,10.1013816,10.1013816,0.7,0.21,532.4150149,127.4248549,2210.900036,10.32338007,2.470732738,42.86874096,15.92,45.4,132.19,48.19,28.12,32.73,15.63,64.99,13.62,0.49,1.48,129.54,3.35,10,7,12.7
"171",91.78285,5.3768121,5.5188259,4.1040317,4.1040317,2.57,0.41,11.48064684,36.95382136,46.48195163,27.76697859,89.37614581,112.4207872,20.04125,52.43,329.97,117.57,17.62,65.42,16.14,48.09,27.29,0.85,2.69,96.56,3.09,3.8,2.6,4.9
"172",6.523,7.252472,7.0262178,4.9975307,4.9975307,0.71,0.2,219.2836653,313.665578,428.7211848,168.2380822,240.6494584,328.9220372,2.4,34.13,386.86,123.71,18.84,56.29,34.26,71.77,39.43,4.32,20.51,145.27,2.26,8.4,3.9,12.5
"173",190.61741,21.911042,26.3599192,24.5182123,24.5182123,0.3,0.18,0.186551936,0.528367815,1.378481785,4.373741167,12.38767131,32.31873474,15.0235,49.38,274.78,83.93,61.85,66.87,18.7,228.38,42.24,8.97,8.57,189.7,2.6,48.2,41.4,54.5
"174",75.742,10.4106402,12.9583853,14.0860047,14.0860047,0.72,0.29,2.02676184,2.609978705,8.190175784,2.123761395,2.734890654,8.582152476,14.89,32.12,304.78,80.09,30.11,19.5,12.6,168.86,20.62,0.3,1.24,130.92,2.73,18.6,10.8,26
"175",83.174,12.1266469,12.8581778,12.6824945,12.6824945,0.36,0.16,10.38189492,16.63849385,43.2067874,1.66781857,2.672921392,6.941033689,27.1,53.92,282.73,65.66,31.6,27.33,12.18,67.66,8.79,0.44,0.91,105.1,3.68,26.9,19.1,34.3
"176",117.976,13.0451608,14.1696724,14.205187,14.205187,0.41,0.19,31.97276294,39.61941784,154.3051901,0.686735894,0.850976701,3.314287001,44.1,56.98,193.37,39.38,20.59,37.57,7.08,54.35,7.19,0.7,0.62,112.72,3.48,32.1,24.4,39.2
"177",194.9158,12.3522917,11.9818717,10.3663717,10.3663717,0.38,0.13,0.392719106,1.578034081,1.949179031,0.261418361,1.050438027,1.297495283,18.3,25.88,602.58,139.15,24.91,14.27,54.07,51.27,8.91,1.45,1.62,85.46,3.61,18.6,15.9,20.9
"178",372.1168,23.2480556,24.2970242,23.8471629,23.8471629,0.34,0.22,751.48006234063,1248.37057541959,2185.9457876714,80.84525373661,145.61603269927,230.3418293374,13.1809,50.1264,503.0012,183.8667,65.1774,114.4679,30.6845,327.2528,41.9111,4.267,8.8981,150.4034,2.5964,51.6,47,56.2
"179",2.252,4.4017746,4.736887,2.9922044,2.9922044,0.79,0.17,1041.240813,1543.876411,1970.54167,186.7924903,276.9623662,353.5036094,3.3,39.2,306.9,100.29,14.65,50.43,30.96,73.48,50.53,4.33,23.58,179.41,2.21,5.3,1.8,8.6
"180",150.685,7.4189136,7.1748896,9.7013798,9.7013798,0.25,0.11,5.146238766,25.0387715,32.77647672,0.10966075,0.533548982,0.698431063,47.16,27.65,593.07,115.9,3.73,19.56,28.92,11,11.96,0.31,0.96,126.22,3.87,24.1,22,25.7
"181",48.734,15.0211902,15.402467,8.4996671,8.4996671,0.67,0.3,1.350489119,0.359605262,6.190059715,3.99414076,1.063550985,18.30741875,12.7,46.89,339.84,89.9,39.1,36.77,11.37,94.72,9.29,0.61,2.98,98.2,4.21,31.7,27.5,41
"182",668.253,6.6201465,4.9460228,6.9210203,6.9210203,0.16,0.07,30.49522397,5.643354009,36.4053406,0.366635441,0.067848447,0.437691099,37.58,41.6,145.01,36.6,5.26,37.1,10.64,18.3,15.72,0.07,0.4,158.8,4.11,27.8,26.9,28.6
"183",684.958,8.1696543,6.4363376,8.346949,8.346949,0.29,0.16,198.1417956,448.8719521,231.454478,0.59985371,1.358913223,0.700704397,44.11,42.14,176.43,34.28,16.46,38.71,14.14,41.69,10.49,0.25,0.4,145.11,5.07,36.2,35.5,37
"184",15.545,9.1377699,9.7827532,11.9341041,11.9341041,0.21,0.1,7.202059673,5.503096917,39.85485395,2.012371296,1.537653779,11.13608714,46.16,29.37,185.95,62.21,14.4,38.5,11.87,42.13,18.53,0.19,0.4,190.63,4.86,27.9,24.9,30.6
"185",16.642,10.4833885,10.7044365,9.0691813,9.0691813,0.45,0.15,1.328324469,6.321237652,5.530351017,0.169033263,0.804396406,0.703753715,10.98,26.49,696.86,112.58,15.86,24.2,48.17,53.67,9.1,0.91,1.09,80.62,3.53,16.6,13.8,19
"186",195.37113,15.7220979,15.9942814,13.2630981,13.2630981,0.73,0.31,3.293144721,8.109889511,10.86596064,44.15278525,108.7332141,145.6851937,12.7,47.77,685.22,219.21,69.75,128.34,23.15,209.06,35.34,1.78,3.69,139.97,2.7,25.2,20.2,30.1
"187",27.43,9.9360777,8.9778599,8.4720032,8.4720032,0.49,0.19,61.22011846,80.44255288,258.0289084,4.525401616,5.946327254,19.07354099,16.86,38.35,231,47.37,34.95,27,15.6,80.11,14.29,0.66,1.12,120.47,2.49,25.6,22.4,28.6
"188",0.36,5.5387413,5.1369106,5.0445686,5.0445686,3.16,0.34,379.9272853,575.0777246,1115.452496,9.14095489,13.83622536,26.8375064,27.4,52.3,277.86,131.85,26.19,50.08,23.98,68.15,15.57,1.02,1.03,158.41,3.11,2.1,1.6,2.6
"189",20.117,12.5919634,10.1444687,7.051236,7.051236,0.38,0.12,84.73164561,137.2570886,221.9642319,15.63120325,25.32104073,40.94772382,3.8,52.59,540.3,150.32,39.37,59.2,17.35,84.81,18.2,0.89,2.14,104.65,3.32,17.1,12,22
"190",18.93,6.4647059,6.6852064,4.3618839,4.3618839,0.66,0.18,597.1407001,857.409909,1143.515004,231.4820379,332.3755908,443.2844443,6.3,41.2,393.06,111.5,17.28,55.51,47.66,81.49,64.98,7.25,31.73,168.44,2.42,8.1,3.6,12.4
"191",16.282,6.5137745,7.5606705,5.2168611,5.2168611,0.33,0.12,298.6722588,411.161662,599.0010222,114.0073002,156.9460492,228.646911,12.1,44.94,305.49,95.86,36.55,65.02,17.54,137.55,56.25,0.9,17.75,245.77,2.62,15.5,4.7,25.3
"192",237.838,8.4406733,6.6159594,9.060892,9.060892,0.26,0.11,5.136815339,3.176816563,44.40788951,0.378736361,0.234226046,3.274184753,57.02,29.8,283.58,55.86,6.81,18.94,13.41,25.5,13.21,0.1,0.31,156.73,4.6,26,26.4,25.4
"193",213.69184,20.5147725,23.3738716,19.9445514,19.9445514,0.4,0.23,0.15320727,0.472265659,0.98843023,7.046774033,21.72187643,45.46288498,14.6756,52.03,582.98,190.78,86.95,104.16,26.31,273.71,29.02,1.31,2.79,151.91,3.08,45.8,40.1,51.5
