"","Entity","total_confirmed_deaths_due_to_covid_19_per_million_people.x","cost_of_calorie_sufficient_diet_2017_usd_per_day","cost_of_nutrient_adequate_diet_2017_usd_per_day","cost_of_healthy_diet_2017_usd_per_day","calorie_sufficient_diet_cost_percent_of_1_20_poverty_line","nutrient_adequate_diet_cost_percent_of_1_20_poverty_line","healthy_diet_cost_percent_of_1_20_poverty_line","calorie_sufficient_diet_cost_percent_of_average_food_expenditure","nutrient_adequate_diet_cost_percent_of_average_food_expenditure","healthy_diet_cost_percent_of_average_food_expenditure","calorie_sufficient_diet_cost_percent_cannot_afford","nutrient_adequate_diet_cost_percent_cannot_afford","healthy_diet_cost_percent_cannot_afford","calorie_sufficient_diet_cost_number_cannot_afford","nutrient_adequate_diet_cost_number_cannot_afford","healthy_diet_cost_number_cannot_afford","population_with_access_to_improved_sanitation_y","population_without_access_to_improved_sanitation_y","total_confirmed_deaths_due_to_covid_19_per_million_people.y","age_standardised_diabetes_prevalence_male","age_standardised_diabetes_prevalence_female","crude_diabetes_prevalence_male","crude_diabetes_prevalence_female","ratio_of_diabetes_to_obesity_prevalence","ratio_of_diabetes_to_overweight_prevalence","deaths_no_access_to_handwashing_facility_sex_both_age_70_number","deaths_unsafe_sanitation_sex_both_age_70_number","deaths_unsafe_water_source_sex_both_age_70_number","deaths_no_access_to_handwashing_facility_sex_both_age_70_r_ate","deaths_unsafe_sanitation_sex_both_age_70_rate","deaths_unsafe_water_source_sex_both_age_70_rate","male_lung_cancer_deaths_per_100_000_who_iarc_2016","dementia_ihme_2017","cardiovascular_diseases_ihme_2017","stroke_ihme_2017","kidney_disease_ihme_2017","respiratory_disease_ihme_2017","liver_disease_ihme_2017","diabetes_blood_and_endocrine_disease_ihme_2017","digestive_disease_ihme_2017","hepatitis_ihme_2017","meningitis_ihme_2017","cancers_ihme_2017","parkinsons_disease_ihme_2017","prevalence_of_obesity_both_sexes_who_2019","prevalence_of_obesity_male_who_2019","prevalence_of_obesity_female_who_2019"
"1","Afghanistan",39.277,0.881538803639999,2.31091207179,3.65686631344,76.7379794648,194.58010251,304.391146257,26.6190388398,69.0462722088,99.7253657351,3.0866714937,41.5797199,70.361108,1629726.9202945,18291353.56093,25697347.796125,10761942,22974552,39.277,11.565728,12.2499833,8.8120829,8.8120829,2.05,0.46,21.46226904,39.57352779,54.68133576,4.669467218,8.609867408,11.89681782,11.3,60.61,830.19,245.88,74.52,103.76,32.19,201.65,37.47,2.18,17.89,159.11,3.3,5.5,3.2,7.6
"2","Albania",169.226,0.759638581,2.588742379,4.281675858,63.46186972,216.2692046,357.7005729,8.162351323,27.81615538,46.0068031,0,14.59719,42.00774,0,419443.9779,1207074.346,2684815,195888,169.226,7.6878707,7.081062,8.0693345,8.0693345,0.47,0.18,0.1504723,0.703497643,1.804095769,0.059673811,0.278990789,0.715462385,29.44,28.82,374.06,136.5,11.15,21.85,8.57,19.79,5.47,0.08,0.98,122.34,4.21,21.7,21.6,21.8
"3","Algeria",44.035,0.772870191,2.324307773,4.01711778,64.56726742,194.1777588,335.598812,12.42962964,37.38051374,64.60500976,0.1079367,3.01498,25.60362,44674.13448,1247876.042,10597132.98,34927459,4944069,44.035,12.2647583,12.5937459,10.7245025,10.7245025,0.29,0.13,16.07761847,19.68895834,63.68725223,1.019307132,1.248262963,4.037716813,16.4,52.78,287.77,66.88,29.4,24.27,13.86,71.2,9.59,0.86,1.04,67.53,3.98,27.4,19.9,34.9
"4","Andorra",931.858,1.01664736869,2.59902593593,3.47625515463,85.4529071686,223.175606203,295.952661577,31.46819303729,84.5457461915,120.3633250209,6.0579217162,39.54153259,58.16866918,1071786.24886389,9165246.63074571,10278352.0956885,78014,0,931.858,8.0856197,5.8184757,8.2099398,8.2099398,0.31,0.13,0.026552733,0.016817825,0.024597875,0.339328944,0.214922313,0.314346969,40.4134,45.37,130.3,25.24,4.11,23.83,7.45,14.78,11.03,0.08,0.46,133.38,4.19,25.6,25.9,25.3
"5","Angola",8.215,1.401920388,3.230905193,4.582558116,117.1194977,269.9168916,382.8369353,31.49182841,72.57695431,102.9396071,48.10549,81.65487,90.50985,14343492.73,24346826.82,26987093.89,14375401,13483904,8.215,8.5194139,7.825495,5.4878877,5.4878877,0.63,0.18,952.7827003,1205.661598,1839.901489,270.1794406,341.8880044,521.738645,7,50.43,353.12,118.6,13.32,49.81,41.6,58.81,45.36,3.27,14.06,133.57,2.07,8.2,4,12.1
"6","Antigua and Barbuda",30.635,0.86353749154,2.45106779665,3.51534122212,78.0874540533,211.327201454,294.237038223,31.30327382299,88.9983809651,131.975524272,7.0838938437,47.14878973,67.69157878,1005066.63331895,3884040.3416794,6713792.87679,87487,8232,30.635,9.9233293,13.0083446,13.5797672,13.5797672,0.73,0.29,0.132457059,0.168376437,0.533396037,2.533395448,3.220395365,10.20182013,17.13465,30.35,225.66,61.17,27.82,11.31,13.74,100.36,11.03,0.19,1.38,130.33,2.81,18.9,11.6,25.9
"7","Argentina",657.805,0.652093819,2.624991673,3.4968817,54.47734498,219.2975499,292.1371512,7.704990358,31.01629693,41.31834865,0.2028175,4.592546,8.5967,89330.58455,2022778.206,3786400.267,41854725,1563040,657.805,9.8786283,9.4600896,10.5125892,10.5125892,0.21,0.1,28.11222577,41.8137066,162.742742,0.859084543,1.277789575,4.973273025,31.87,28.54,224.34,44.52,22.12,40.59,16.37,53.78,15.63,0.31,1.12,154.12,5.43,28.3,27.3,29
"8","Armenia",419.474,1.013010424,2.207774099,3.561060854,84.62910807,184.4422806,297.4988182,8.819695812,19.22181205,31.00409706,0.2203957,8.268263,36.6346,6490.232409,243484.553,1078818.998,2610670,306280,419.474,10.986533,11.9752651,13.4786177,13.4786177,0.32,0.12,0.329858187,1.116599713,0.775209212,0.148641327,0.503164297,0.349326257,45.62,27.85,353.31,62.36,10.56,32.55,26.6,60.53,15.63,0.19,0.34,147.98,3.64,20.2,17.1,23
"9","Australia",35.49,0.313935579,1.630688031,2.270715631,26.2268654,136.2312474,189.7005539,4.624948464,24.02355328,33.45254083,0.2439287,0.4984838,0.7444149,60010.99727,122636.2866,183139.9115,23789338,0,35.49,6.7891865,4.9997449,6.4767592,6.4767592,0.17,0.08,7.74940969,4.750517175,22.35798455,0.298839333,0.183193487,0.862187633,30.4,34.03,128.73,31.99,10.17,26.43,6.49,28.35,9.43,0.37,0.2,136.09,4.37,29,29.6,28.4
"10","Austria",111.698,0.349012635,2.273825511,2.905280516,29.15727948,189.9603602,242.7134934,4.912528162,32.00523628,40.89328266,0.1970276,0.4091946,0.5476114,17333.63315,35999.165,48176.47434,8633169,0,111.698,5.4147456,3.2164117,5.0037759,5.0037759,0.32,0.12,2.487738508,5.641363856,2.160686078,0.210688759,0.47777206,0.182990402,35.92,41.07,178.03,21.47,12.79,19.26,13.49,33.58,8.4,0.04,0.28,133.71,3.97,20.1,21.9,18.3
"11","Azerbaijan",67.856,0.788297947,1.835305955,2.805918933,65.85613589,153.3254766,234.4126092,9.670721036,22.51525832,34.42259283,0,0,0,0,0,0,8616862,1032479,67.856,11.572171,13.0270691,12.6342799,12.6342799,0.34,0.12,0.485528189,2.879015868,2.957904113,0.139391485,0.826543764,0.849191985,21.83,27.95,538.85,115.88,15.29,32,42.35,45.09,8.4,0.63,1.33,113.32,3.75,19.9,15.8,23.6
"12","Bahamas",335.666,0.87127250082,2.50644456314,3.52350849986,77.4680367345,213.4077581,296.797018155,30.00748403429,78.1680970442,112.7106483125,5.4489870853,39.99569373,60.9854894,964543.305982,9512261.37167741,9671479.781821,355891,30947,335.666,11.2055637,13.6572693,14.2889055,14.2889055,0.42,0.2,0.227348358,0.214321145,1.019459414,1.305280137,1.230486714,5.853044795,19.7,32.34,303.91,73.96,30.54,16.91,16.98,102.35,16.65,0.25,1.3,165.35,2.9,31.6,24.4,38.1
"13","Bahrain",185.709,0.875294865799999,2.43808821889,3.53003641991,76.9532002822,210.709049466,296.55572414,28.27076916769,78.1509239228,112.8041772991,5.5635840478,43.37877573,61.95226788,961484.8721624,9574561.68437601,8826212.2283465,1360880,10975,185.709,12.006818,10.6416642,8.2248035,8.2248035,0.7,0.31,0.428260015,0.485430128,1.941009461,1.87528846,2.125628087,8.499398762,28.6,51.43,249.93,35.3,33.35,33.65,14.4,188.6,15.38,1.94,0.82,103.75,4.03,29.8,25.5,36.8
"14","Bangladesh",35.449,0.643520024,1.946392559,3.441523122,53.76107138,162.6058947,287.5123744,14.4642141,43.74850452,77.35412319,0.2078029,37.54431,77.60098,331800.1227,59947222.41,123905944.9,97687737,63513149,35.449,10.2542749,9.2910122,7.4267267,7.4267267,2.68,0.45,6966.326443,10766.63151,15414.84812,112.7259626,174.2207907,249.436142,20.8,23.94,313.8,144.07,20.86,103.92,25.9,72.27,18.01,4.19,0.98,90.05,1.97,3.6,2.3,5
"15","Barbados",24.359,0.865991506879999,2.44959743968,3.51846416893,76.4478227889,209.39271548,295.128290588,31.22123639149,87.5663244815,130.259442118,7.1774517162,47.20234563,67.88132438,1030885.74297675,4039929.0564574,6882138.276403,273417,10800,24.359,10.5051944,13.7144681,16.3594163,16.3594163,0.56,0.25,0.47216115,0.525287214,1.639678792,1.623893897,1.806609246,5.639312724,14.4,31.54,198.43,65.64,22.01,13.08,11.08,106.04,13.77,0.24,1.35,159,2.93,23.1,14.7,31.3
"16","Belarus",102.124,0.799425284,2.174897893,4.061629992,66.78573798,181.6957304,339.3174596,9.50114393,25.8485919,48.27234256,0,0.02752161,1.027703,0,2614.075175,97613.94408,8948708,540908,102.124,8.0120648,7.5475883,9.9730906,9.9730906,0.2,0.09,0.470023218,2.439037907,3.084223009,0.051920866,0.269427029,0.34069706,55.31,28.12,527.78,100.19,4.24,15.56,19.51,10.93,12.62,0.22,0.53,133.84,3.97,24.5,22.1,26.3
"17","Belgium",942.309,0.266243314,2.440526627,2.876678049,22.24254917,203.8869363,240.3239807,3.22553798,29.56698225,34.85095711,0.05766727,0.2448614,0.292606,6559.743077,27853.37113,33284.39482,11217825,56371,942.309,5.6681222,3.4641042,5.3784499,5.3784499,0.21,0.08,17.26590116,12.64780464,19.58343854,1.161686942,0.850971482,1.317615839,69.9,46.5,141.99,32.32,8.6,30.28,10.46,23.44,12.98,0.24,0.35,152.31,3.91,22.1,23.1,21
"18","Belize",128.263,1.12991063,2.803726473,2.913016384,94.39520716,234.2294463,243.3597648,46.05555438,114.2808764,118.7355716,10.76588,36.95931,38.11414,40454.83962,138881.6296,143221.1227,325156,34132,128.263,9.9988558,15.1836179,12.2353456,12.2353456,0.76,0.32,0.574202406,0.923822056,2.189241943,4.886535063,7.86184248,18.63072567,19.6,34.53,313.61,80.28,46.99,38.68,28.42,156.48,19.7,0.44,1.43,154.26,2.91,24.1,16.5,31.5
"19","Benin",3.382,0.651227469,2.498297764,3.523153305,54.40496818,208.7132635,294.3319386,31.56592909,121.0960744,170.7722919,19.54813,82.3962,89.63388,2184543.406,9207943.438,10016768.94,2083463,8492489,3.382,7.3902467,6.9945431,5.1142909,5.1142909,0.1,0.03,470.4756371,694.4851655,888.952408,232.1764814,342.7236384,438.6918811,2.4,34.54,327.29,118.85,23.47,53.24,34.97,80.79,37.9,3.71,23.04,137.86,2.16,9.6,4.7,14.2
"20","Bhutan",164.62518,1.046312885,2.801838429,4.779471981,87.41126856,234.0717151,399.2875506,17.97673597,48.13847789,82.11626476,0.5288874,22.60959,52.1443,3943.21521,168569.868,388771.2146,396843,390543,39.71705,11.9438462,11.5148802,8.8572443,8.8572443,1.69,0.38,12.49109508,41.04472964,55.69004959,43.1003323,141.6242112,192.1576634,11,29.22,270.84,72.7,25.17,92.43,20.92,83.18,18.87,2.75,4.12,78.6,2.94,6.4,4.7,8.5
"21","Bolivia",742.909,1.467199081,3.338161179,3.758738978,122.5730227,278.8772915,314.0132814,25.7623364,58.6142892,65.99915392,7.438027,21.49098,25.54418,832527.5026,2405454.015,2859122.773,5394527,5330178,742.909,6.950181,8.9480019,7.677487,7.677487,0.41,0.14,28.2497269,43.12736664,95.43615511,6.480708413,9.893755392,21.8938008,11.6,33,215.4,55.94,45.48,45.81,28.66,90.18,30.56,0.65,1.88,151.56,2.78,20.2,14.5,25.6
"22","Bosnia and Herzegovina",336.502,0.705741816,3.118057545,4.284558679,58.95921603,260.4893521,357.9414101,8.933852302,39.47090133,54.23741878,0,1.285606,3.633199,0,43087.4322,121767.6454,3352091,183870,336.502,7.9595233,6.909738,9.1098473,9.1098473,0.52,0.18,0.165359132,0.556440895,1.81389047,0.047956712,0.161376487,0.52605636,52.3,29.45,319.89,107.48,10.77,22.8,10.27,53.65,10.79,0.15,0.38,161.52,4.12,17.9,17.1,18.4
"23","Botswana",8.93,0.505090038,2.24989419,3.958068766,42.19632731,187.9610853,330.6657282,3.825013115,17.0382984,29.97419035,0.752416,37.10923,60.1921,16591.73589,818306.0213,1327312.851,1400631,808566,8.93,7.5742542,9.4738462,7.0963344,7.0963344,0.35,0.15,58.12570008,79.48769222,116.732321,100.0783656,136.8585378,200.9847604,8.5,35.2,343.14,107.77,24.71,70.76,15.32,140.84,24.1,0.62,5.06,143.17,2.31,18.9,8.1,29.3
"24","Brazil",743.068,0.84750795,2.657711216,2.807738164,70.80266919,222.0310122,234.5645918,19.11810954,59.95272863,63.33704097,2.076389,11.95671,12.98858,4315438.805,24850088.45,26994663.41,170536625,35425483,743.068,7.7976249,8.682263,8.8017492,8.8017492,0.48,0.19,462.3082374,1001.567782,1384.006108,3.851812013,8.344758976,11.53111911,16.12,54.18,222.15,63.15,19.62,43.82,18.64,69.08,19.15,0.56,1.25,124.23,2.55,22.1,18.5,25.4
"25","Brunei",6.857,0.885335833209999,2.28539231622,3.63830114137,75.3028652072,189.694763726,304.038349445,29.756537974,80.4943849041001,118.1262467133,4.8260814476,43.946108976,73.5375005,1364583.2968606,11546049.5319,18021010.36866,11050476.19,11792911.99,6.857,9.2080746,9.676519,9.2202553,9.2202553,0.97,0.33,0.063669409,0.046031263,0.208097287,0.55648172,0.402321252,1.81880651,22.5,42.78,220.47,60.52,26.52,52.19,6.97,106.26,13.59,0.45,0.92,149.2,3.15,14.1,12.5,15.7
"26","Bulgaria",167.088,0.514931565,2.828763265,4.167510318,43.01850999,236.3210748,348.1629338,7.843800554,43.08971598,63.48245473,0.1288557,5.284159,9.337595,9117.761038,373904.2902,660723.2733,6173072,1004919,167.088,8.4220956,6.8991835,10.0065948,10.0065948,0.22,0.09,0.269395188,0.273964794,3.27244017,0.0267746,0.027228763,0.325240684,39.73,29.73,508.75,146.22,10.98,25.73,16.41,29.14,11.03,0.26,0.62,140.58,4.41,25,25.5,24.3
"27","Burkina Faso",3.205,0.573611327,2.538903881,3.542036729,47.92074575,212.1055873,295.9095012,36.10796922,159.820176,222.9658782,0.823905,80.15421,89.96324,158134.4265,15384225.16,17266900.15,3567793,14542831,3.205,7.3630174,5.4645982,3.7923581,3.7923581,0.51,0.11,794.4770944,1207.21164,1553.730536,215.3210044,327.1812676,421.0956136,4.6,35.63,350.79,87.13,16.09,37.02,28.2,76.38,46.66,5.26,30.89,141.5,2,5.6,2.6,8.1
"28","Burundi",0.084,0.707986131,1.58855448,3.439233172,59.14671105,132.7113183,287.321067,80.83522961,181.3752565,392.6788828,42.48668,84.76974,97.167,4600043.04,9178040.095,10520294.41,4895650,5303620,0.084,4.2383366,4.0934194,2.5851791,2.5851791,0.64,0.14,322.0412056,471.358467,614.7730924,240.4256593,351.9011488,458.969919,3.5,35.51,383.29,131.78,12.68,60.51,34.64,65.71,54.1,5.13,24.8,142.36,1.93,5.4,2.1,8.6
"29","Cambodia",44.64192,0.875240583289999,2.3249946953,3.62972165301,74.9196274117,195.170281634,302.726027361,26.5443430252,71.7451133478,104.9600314365,3.49873983985,42.2591781,67.5065836,1007343.6927854,10016129.130264,13661004.667161,6579477,8938158,102.69348,7.4169244,6.8944944,6.0548587,6.0548587,0.91,0.15,185.7759159,408.128652,625.805035,38.77179567,85.17724499,130.6067303,20.9,56.87,354.3,172.44,24.86,61.41,75.21,65.58,64.51,7.2,2.79,139.65,3.23,3.9,2.7,4.8
"30","Cameroon",16.048,0.893473526,2.064990798,3.601684469,74.642734,172.5138512,300.892604,38.52634765,89.04186981,155.303704,11.02579,41.82046,66.43285,2708600.533,10273633.02,16319923.83,10458211,12376311,16.048,6.5496373,6.8660443,4.8773871,4.8773871,0.71,0.22,705.0311431,999.343615,1367.268711,152.6414651,216.361043,296.0179862,3,35.82,320.24,114.12,24.89,55.51,46.87,99.53,38.13,3.99,22.12,160.58,2.48,11.4,6.1,16.4
"31","Canada",264.982,0.678612354,2.130181041,2.976252719,56.69276143,177.9599867,248.6426666,10.6897202,33.55529731,46.88289067,0,0.4973831,0.4973831,0,181760.3028,181760.3028,35776913,71697,264.982,6.2295715,4.7614839,6.5400874,6.5400874,0.24,0.11,35.60457069,54.32872806,42.54485365,0.857066455,1.307790811,1.024131627,42.85,30.1,126.84,27.89,8.99,24.59,8.24,27.85,10.22,0.25,0.27,147.79,6.91,29.4,29.5,29.3
"32","Cape Verde",169.068,0.619501806,2.521965051,3.364083781,51.75453686,210.6904804,281.0429223,13.88320642,56.5179327,75.39004581,0.1623494,19.00103,32.42308,872.6231545,102129.9662,174273.0823,384763,148150,169.068,9.0616702,8.0251263,6.9133444,6.9133444,0.23,0.07,5.760243668,7.165732482,11.12474185,25.21947203,31.37297661,48.70629301,2.4,27.31,284.41,73.54,19.48,31.22,22.7,60.2,13.67,1.36,4.74,161.02,1.99,11.8,6.9,16.3
"33","Central African Republic",12.837,1.020846914,1.705468567,3.267034795,85.28378563,142.478577,272.9352377,82.33635294,137.5544755,263.5025157,62.8391,81.09219,93.04771,2888102.631,3727019.758,4276498.805,991050,3555050,12.837,7.9801102,7.6084099,5.7774477,5.7774477,1.03,0.28,211.3721932,327.6010112,426.2713344,337.6809928,523.3641805,680.996517,4.6,43.62,506.18,201.86,16.31,77.35,39.85,77.6,70.42,6.76,24.66,140.1,1.6,7.5,3.7,10.9
"34","Chad",5.844,0.708813159,1.761556199,3.216645812,59.21580272,147.1642606,268.7256318,36.5146798,90.74698992,165.7062802,17.41418,57.60084,83.21726,2615047.88,8649787.389,12496547.03,1695139,12314274,5.844,7.893766,6.1519716,4.0834561,4.0834561,1.24,0.3,758.6749847,1170.089097,1504.85658,322.6589163,497.6303263,640.0044854,4.6,32.25,328.47,108.11,22.88,50.59,35.45,72.58,39.75,4.04,30,127.98,1.94,6.1,3.1,8.9
"35","Chile",733.723,0.622463862,2.106671037,3.075040316,52.00199348,175.9959095,256.8955987,10.00461942,33.85970377,49.42392635,0.1547775,0.6200612,1.807866,28588.08372,114528.0257,333920.7867,17602817,159864,733.723,10.1604348,10.825427,11.9969369,11.9969369,0.35,0.16,19.78179495,46.7489839,81.57838945,1.475934844,3.487977429,6.086626005,18.89,28.96,138.67,45.89,18.62,27.95,23.92,43.92,13.71,0.13,0.67,134.76,4.89,28,24.9,31
"36","China",3.293,0.847186882,2.110779841,3.608958352,70.77584646,176.339168,301.5002801,30.79742586,76.73228543,131.1949342,0.07885481,3.222103,17.94347,1093239.143,44671074.89,248767370.9,1048983300,322236700,3.293,9.8981826,7.6439389,8.2972253,8.2972253,1.58,0.3,268.3886976,837.5005904,1382.527738,0.272490726,0.850300875,1.403658169,36.7,43.8,307.9,132.84,12.13,74.79,10.09,25.64,8.71,0.61,0.61,156.5,3.24,6.2,5.9,6.5
"37","Colombia",600.693,1.024257877,2.611167317,3.266096458,85.56874495,218.142633,272.856847,23.07791175,58.83312227,73.58955935,2.649699,15.29894,22.39919,1295731.057,7481344.747,10953442.69,39113473,9115224,600.693,8.3281758,8.7073733,8.4604687,8.4604687,0.46,0.17,53.91300802,52.47716538,234.2465834,1.764725833,1.717726626,7.667555793,14.41,39.52,185.27,32.92,22.02,43.08,10,50.39,18.23,0.18,1.09,109.16,2.44,22.3,17.6,26.6
"38","Comoros",8.05,1.100676758,3.461404191,3.357260846,91.95294552,289.1732824,280.4729195,29.69686059,93.39057717,90.58073281,14.84323,60.93004,60.2145,120807.8615,495904.7212,490080.9983,278318,499106,8.05,7.863303,8.0245183,6.0384258,6.0384258,1.5,0.41,36.55028147,54.97979736,70.16465757,175.6912717,264.2789638,337.2701227,3.5,40.48,312.61,85.79,12.07,37.63,23.24,64.6,40.5,3.56,19.82,140.96,2.36,7.8,3.3,12.2
"39","Congo",16.672,0.986611486,2.575960331,3.876845836,82.42368303,215.2013644,323.8801868,44.85581396,117.1147904,176.2589206,36.00113,77.87475,90.04419,1839910.471,3979946.406,4601890.219,749347,4246301,16.672,7.7231127,7.6175358,5.7576397,5.7576397,0.86,0.25,214.3269584,310.307522,416.6726565,235.9875363,341.6682072,458.7829475,3.6,51.12,374.62,122.13,15.38,52.38,41.93,69.02,49.78,3.14,13.14,145.47,2.22,9.6,5.5,13.5
"40","Costa Rica",260.889,0.942631128,2.736463189,3.879117852,78.7494677,228.6101244,324.069996,15.2863986,44.37649658,62.90662372,0.5103955,4.925115,10.59034,25264.34247,243790.9269,524216.9584,4543420,264432,260.889,8.8486617,8.9133927,8.7075053,8.7075053,0.34,0.14,11.65821886,2.804006248,24.73488539,4.412595061,1.061306557,9.362067606,9.7,39.46,130.93,22.05,24.85,27.45,17.23,39.65,15.16,0.4,0.85,109.66,2.53,25.7,21.1,30.4
"41","Cote d'Ivoire",4.625,0.814961923,1.618856167,2.889052155,68.08370288,135.2427876,241.3577406,25.8448894,51.33878944,91.62051781,9.432848,36.85344,68.84484,2305149.306,9006047.975,16823936.43,5199406,17909066,4.625,7.3379487,6.312889,4.4236553,4.4236553,0.26,0.08,486.8208205,684.1582321,951.3260614,133.2425572,187.2536846,260.3773541,6,35.07,422.34,139.42,27.81,58.44,47.95,101.94,43.34,4.59,21.59,143,2.4,10.3,5.8,15.2
"42","Croatia",114.487,0.673078637,3.262815203,4.373040879,56.23046257,272.5827237,365.3334068,7.771650708,37.67384477,50.49298014,0.3083222,2.453549,5.311003,12716.84472,101197.3891,219053.9651,4077496,126108,114.487,8.3590648,6.3176757,9.2294015,9.2294015,0.21,0.09,0.634493705,1.217902983,6.987970489,0.111150038,0.213351152,1.224146402,58.98,30.22,325.58,88.71,8.95,23.45,18.81,27.81,13.66,0.05,0.31,180.24,4.51,24.4,24.1,24.5
"43","Cuba",11.301,0.895724832779999,2.37062562253,3.61887158295,75.5524184543,195.572482598,303.470642344,29.32741514839,75.8881773553,116.2513051458,5.24183547265,42.93306763,68.1359847,1141708.4791939,6743007.076961,9023420.9735344,10682055,779377,11.301,7.2850055,9.5670743,11.7883774,11.7883774,0.38,0.16,26.79787593,51.27562769,133.0067906,2.340771293,4.478881745,11.61802816,35.8,34.34,214.01,56.83,13.13,24.27,10.7,28.74,12.81,0.09,0.8,152.98,2.87,24.6,18.9,30.3
"44","Cyprus",28.542,0.581570659,2.085576347,3.051524636,48.58568577,174.233613,254.9310472,9.553222324,34.25890599,50.12614175,0.002312479,0.05130247,0.05130247,27.27985227,605.2049781,605.2049781,1160985,0,28.542,8.2802862,5.6710975,6.7227887,6.7227887,0.43,0.16,0.561848339,0.506820861,1.041139077,0.482389041,0.435143815,0.893896176,24.8,43.87,187.14,35.42,17.83,30.02,7.54,63.02,10.77,0.15,0.32,126.42,4.07,21.8,21.9,21.6
"45","Czech Republic",237.838,0.449308988,2.407971577,3.108033837,37.53625634,201.1672161,259.6519496,5.952627554,31.90178325,41.17649176,0,0.1187588,0.188587,0,12581.82744,19979.73279,10451144,94915,237.838,8.4406733,6.6159594,9.060892,9.060892,0.26,0.11,5.136815339,3.176816563,44.40788951,0.378736361,0.234226046,3.274184753,57.02,29.8,283.58,55.86,6.81,18.94,13.41,25.5,13.21,0.1,0.31,156.73,4.6,26,26.4,25.4
"46","Democratic Republic of Congo",3.394,0.560192577,2.049379486,3.24618016,46.79971401,171.2096479,271.1929958,36.02248181,131.7827803,208.7415482,28.68827,87.43453,95.51018,23351897.19,71170626.73,77744106.01,21868430,54328189,3.394,6.2299002,6.064558,4.3320325,4.3320325,1.21,0.3,2637.781537,3663.685833,4972.133082,220.8595465,306.7577737,416.3131186,4.4,48.24,353.13,136.68,11.47,58.92,31.39,55.64,51.98,3.99,16.71,114.31,1.8,6.7,3.6,9.7
"47","Denmark",122.406,0.303741478,1.74842859,2.389893956,25.37522787,146.0675513,199.6569721,4.451481478,25.62408513,35.02507712,0.1092044,0.1425427,0.1710614,6295.611819,8217.558146,9861.655498,5660749,22734,122.406,5.3713457,3.2946986,5.0148581,5.0148581,0.34,0.12,8.074058217,4.378149493,7.934043856,1.059482007,0.574502993,1.041109252,40.1,34.51,137.43,36.95,8.07,37.99,10.96,28.41,14.97,0.07,0.44,169.05,3.75,19.7,22.3,17
"48","Djibouti",61.741,0.615534816,2.459454634,3.540836588,51.4231258,205.4682234,295.8092388,25.67767887,102.5987234,147.709703,3.311857,46.17658,66.70957,31267.14258,435951.7065,629803.0491,439594,487820,61.741,8.6408121,7.5921335,5.8525499,5.8525499,0.71,0.24,19.31481957,27.18297244,36.92893674,103.8233809,146.1172387,198.5049382,3.5,41.29,305.33,83.21,13.97,33.29,26.47,65.77,39.81,3.38,19.55,139.33,2.32,13.5,8.6,18.3
"49","Dominica",369.5022,0.89372118471,2.50680056228,3.50567950161,78.9037156897,215.527328882,293.206041792,31.34457119719,89.1175936258,118.8611988901,6.2020227069,44.37503879,61.14803338,975886.58277385,9459569.29554841,11417980.133778,57540,13410,185.9281,8.4823535,13.5847999,14.1707703,14.1707703,0.46,0.21,0.162658359,0.231687154,0.612028439,2.866725552,4.083303752,10.78651956,19.42825,31.09,293.7,72.39,42.57,25.8,15.4,127.88,17.63,0.19,1.5,203.15,2.82,27.9,19.9,35.6
"50","Dominican Republic",205.201,1.180382518,2.875454061,4.024191138,98.61173919,240.2217261,336.1897358,15.24125693,37.12824737,51.96089413,0.5847719,7.921777,18.58065,61477.8359,832826.7935,1953408.075,8843851,1684543,205.201,8.6348075,11.4407357,10.6344056,10.6344056,0.34,0.15,42.48574207,36.78264952,98.03372129,8.682168866,7.516714052,20.03366968,6.985,30.5,272.57,70.25,22.63,20.73,18.11,53.27,9.89,0.84,2.52,103.49,2.7,27.6,21,34.1
"51","Ecuador",713.482,1.345774261,2.50948,3.182589661,112.4289274,209.647452,265.8805063,31.37819024,58.51125492,74.20553857,3.393462,10.93528,17.05914,569604.8471,1835526.224,2863438.232,13674280,2470088,713.482,7.4656134,8.4553857,7.8982064,7.8982064,0.49,0.17,20.70483616,25.33957075,68.74477193,2.566411094,3.140896891,8.521069378,7.18,28.19,141.95,33.66,40.64,23.92,22.51,80.2,18.46,0.28,0.89,106.11,2.65,19.9,14.9,24.7
"52","Egypt",60.801,0.987348298,2.265912852,4.148056121,82.48523794,189.2993193,346.5376876,8.165371609,18.739102,34.30442909,0.7054973,26.9977,75.18362,680399.8897,26037281.93,72509032.64,88807929,4970243,60.801,15.9915285,19.8157674,18.2179029,18.2179029,0.55,0.27,29.55839364,95.80742928,118.0654084,1.537230201,4.982614264,6.140175061,8.4,40.61,436.74,107.01,31.43,43.88,122.79,66.91,16.29,1.07,1.27,83.01,3.61,32,22.7,41.1
"53","El Salvador",148.315,1.459323301,5.867017476,4.686519279,121.9150627,490.1434817,391.5220784,27.08448184,108.8895985,86.98000382,2.749257,54.69082,41.0972,175625.8913,3493716.304,2625339.275,4734359,1578120,148.315,9.3025743,10.6596175,9.6655712,9.6655712,0.42,0.16,28.81949485,73.883603,106.2409055,8.679004675,22.25008242,31.99449956,5.95,41.37,179.53,25.27,69.3,23.07,25.7,116.48,15.27,0.14,1.83,98.27,2.47,24.6,18.9,28.9
"54","Equatorial Guinea",59.16,0.84764290959,2.36700248272,3.57058299021,70.7617482645,198.472235329,300.366124094,27.88888476379,75.5950912532,111.0858087197,4.8781613031,43.28994083,65.1212756,910116.9939576,4420673.3294314,5355738.9798404,875665,299724,59.16,9.4867882,9.1859882,7.3285951,7.3285951,1.08,0.31,17.85461943,16.87890766,35.34065549,96.82594982,91.53464588,191.6530649,4.6,49.24,238.66,65.36,11.01,32.48,29.25,60.57,28.6,1.8,9.17,129.09,2.54,8,3.8,12.6
"55","Eritrea",53.7341,0.88976412994,2.3787078962,3.61304771312,76.0243626374,197.287640687,301.529407545,29.46038069919,76.2266290454,111.3267098183,4.8654197083,43.4966969,69.7679966,920539.22718395,13490485.160077,9881790.065497,666729,3807961,8.87503,5.9635541,5.0479592,3.3054191,3.3054191,0.95,0.19,212.6662146,308.7297806,400.0728624,308.4783183,447.8212194,580.3169254,3.5,42.32,386.59,134.02,13.53,51.58,35.39,70.74,55.09,5.12,26.25,157.28,2.19,5,2,7.6
"56","Estonia",55.03,0.424691275,2.599478188,3.287714057,35.47963869,217.1660976,274.6628285,5.054385528,30.93721416,39.12812747,0.1485402,0.6071837,0.7833411,1956.844828,7998.940914,10319.61032,1278576,36831,55.03,7.7077688,6.5439834,9.507434,9.507434,0.19,0.07,0.079756048,0.223907952,0.499390045,0.044648951,0.125347926,0.279568036,60.51,27.81,326.4,45.83,8.79,10.48,14.09,19.43,12.91,0.05,0.41,144.09,4.19,21.2,20.3,21.8
"57","Eswatini",166.26726,0.930994443,2.243610657,3.202414589,77.7773135,187.4361451,267.5367242,15.26028991,36.77588985,52.49201585,15.93032,52.68501,66.43794,179176.7521,592576.2305,747262.7233,6904638.44,4072645.46,379.83366,9.072957337,9.634427458,7.8732791,7.854238306,0.5483,0.2028,223.84040537469,330.15539302228,457.68195052614,49.47761208224,88.94646067385,132.4212825275,10.8786,41.8164,382.4052,122.4069,35.9849,58.7121,31.8023,108.1681,33.4616,1.3892,4.3062,126.2828,2.6412,19.466,13.811,24.518
"58","Ethiopia",12.569,0.720331215,2.003412194,3.647435865,60.17804634,167.3694398,304.7147757,50.71781197,141.0582811,256.8123699,5.599133,52.99223,87.36121,5957478.856,56383745.44,92952348.41,27964449,71908584,12.569,5.7992061,5.0238509,3.5951689,3.5951689,1,0.19,4641.117043,6906.191956,8506.672859,271.5362876,404.0582705,497.6970731,2.6,39.37,360.35,106.98,17.09,47.16,39.55,70.74,50.53,5.17,23.59,151.75,2.13,4.5,1.9,6.9
"59","Fiji",2.231,0.848623732,2.557932049,3.955216302,70.89588406,213.6952422,330.4274271,10.98752775,33.11874072,51.21003245,0.03736218,7.515299,28.74499,327.837811,65943.66745,252225.5018,812748,79401,2.231,15.946039,18.8754833,18.30089,18.30089,0.47,0.22,3.306182604,10.46151617,23.2986789,11.43925761,36.19642133,80.6124833,0.4,41.41,482.67,101.87,83.75,70.5,10.82,459.95,19.12,1.05,3.64,122.79,2.63,30.2,25.1,35.3
"60","Finland",63.891,0.281521543,2.48,2.574301349,23.51892593,207.1846282,215.0627693,3.962456887,34.90636262,36.2336679,0.06272282,0.09872849,0.09872849,3454.907152,5438.176508,5438.176508,5348022,131509,63.891,6.4035424,4.3160987,6.8101355,6.8101355,0.24,0.1,1.141119764,0.792747225,1.032838419,0.140951943,0.097920714,0.127576953,31.41,52.29,179.76,43.04,4.09,14.58,12.59,11.61,11.9,0.03,0.22,116.43,4.39,22.2,23.7,20.6
"61","France",544.493,0.319270299,1.903125749,2.994268773,26.67253963,158.9912906,250.1477672,4.059037715,24.19535799,38.06758693,0.002388263,0.02060666,0.0396873,1596.915494,13778.67288,26536.97029,65757955,866113,544.493,7.4588522,4.425538,6.6258572,6.6258572,0.23,0.08,29.55886606,25.84692835,52.77921822,0.333688042,0.291784228,0.595821029,43.64,36.62,109.08,25.02,6.13,14.64,10.57,21.03,10.35,0.07,0.3,148.79,3.76,21.6,22,21.1
"62","Gabon",24.262,0.9553951,2.569921043,3.759603537,79.8157978,214.696829,314.0855085,21.99218217,59.15685746,86.54208702,1.150285,15.18224,32.0472,23751.34925,313486.3834,661717.9565,808743,1121432,24.262,10.0069996,9.9846067,8.3337097,8.3337097,0.6,0.21,45.21394737,59.61460208,85.68390025,102.0798828,134.5923536,193.4492121,9.5,55.58,308.36,94.28,16.72,36.52,51.18,77.36,41.84,2.7,11.49,146.79,2.59,15,9.6,20.3
"63","Gambia",49.241,0.98305743,2.529438269,3.849925952,82.12676944,211.3148095,321.6312408,38.99404664,100.3329315,152.7115177,3.858992,47.66144,73.06253,85433.99235,1055173.76,1617526.968,1164801,812789,49.241,9.4400826,7.9299876,5.2351226,5.2351226,0.24,0.07,60.67364177,83.36837184,114.214131,135.5411193,186.2397262,255.1472221,4.9,34.41,320.01,92.04,19.24,45.93,29.34,61.6,29.59,2.55,22.42,123.15,2.22,10.3,5.6,14.8
"64","Georgia",63.422,0.87737978791,2.38173052577,3.62943242078,75.729034797,199.101678117,303.454422249,26.58602204049,71.8228949348,105.9124513583,3.9212537001,43.13650903,65.1517038,921623.9223125,6317942.731927,7076965.7137894,3207857,509243,63.422,13.278765,12.0605641,14.9822181,14.9822181,0.28,0.11,0.536494789,2.748147005,2.895055244,0.153549655,0.786544498,0.828590963,31.6,27.94,490.35,149.05,12.9,30.94,24.49,35.78,9.26,0.64,0.84,123.01,3.68,21.7,19.2,23.8
"65","Germany",121.539,0.266420584,2.258621347,2.778415742,22.25735877,188.690171,232.1149325,3.672619731,31.13519677,38.30058588,0,0.2406784,0.2406784,0,198937.5499,198937.5499,81033118,653493,121.539,6.0163501,3.9049721,6.401131,6.401131,0.29,0.12,94.47881279,81.23252609,107.5560226,0.735746351,0.632591931,0.837584097,39.52,37.13,186.93,29.92,12.41,23.73,13.28,30.6,12.76,0.15,0.24,143.53,3.57,22.3,24.2,20.4
"66","Ghana",10.17,0.823971445,2.514906339,4.250567979,68.83637802,210.1007802,355.1017527,50.05460845,152.7755032,258.2134578,5.28721,34.26132,60.90227,1539713.327,9977400.368,17735636.9,4109840,23472981,10.17,6.4065812,6.6002139,4.9698628,4.9698628,0.25,0.08,584.1093525,811.0063725,1146.344862,93.04392962,129.186803,182.6035317,2.4,33.12,362.74,144.5,18.77,39.15,39.88,86.46,30.99,3.01,23.06,122.03,2.4,10.9,4.5,16.6
"67","Greece",56.893,0.677560681,2.580448916,3.085863011,56.60490235,215.5763506,257.7997503,7.706613058,29.35017021,35.09877836,0.45555,2.04858,2.895735,48992.94018,220318.2031,311427.0039,10712674,108209,56.893,7.2485658,6.015919,8.8226583,8.8226583,0.19,0.08,0.826121662,1.188550991,0.748101222,0.049080746,0.070613049,0.04444547,46.22,40.43,215.53,56.54,11.93,24.69,6.23,21.49,8.24,0.61,0.34,138.73,3.68,24.9,24.2,25.4
"68","Grenada",426.85058,0.90008390623,2.51481723988,3.4947907554,80.7501821528,216.128952311,293.332060536,31.41087008551,89.1268663383,118.2658146039,6.2246677589,39.70360359,60.13264158,965656.43885799,8781178.1410064,10668343.9680545,104687,2136,141.64844,8.8060987,13.254356,12.1055568,12.1055568,0.59,0.24,0.200695424,0.351517846,0.773208248,1.80703512,3.165020311,6.961865065,17.16675,32.62,340.45,109.34,44.15,24.6,19.14,153.24,21.94,0.25,1.33,201.04,2.74,21.3,13.3,29
"69","Guatemala",204.571,0.935347683489999,2.43680988788,3.5694058492,79.8389536943,207.409364966,300.59970194,26.2522147495,67.1716761873,96.504951056,3.7894076592,40.4002048,64.8438825,965611.2388285,14663668.98358,15152197.708714,10385302,5867127,204.571,8.933383,10.3592865,8.225591,8.225591,0.61,0.22,157.2738973,322.3879284,545.6001207,27.16939881,55.69319736,94.25357628,5.7,41.48,165.83,38.57,50.47,21.5,43.44,118.24,25.61,0.47,2.16,112.08,2.33,21.2,15.1,26.4
"70","Guinea",5.406,0.903217626,2.214249044,4.147675709,75.45677748,184.9832117,346.5059072,24.58392943,60.2678033,112.8921358,8.894817,59.42562,90.28445,1073385.51,7171209.869,10895111.21,2430398,9661135,5.406,6.7504811,6.0544232,4.5085532,4.5085532,0.35,0.09,475.096115,681.0557156,916.7504496,192.2882471,275.6474018,371.0414196,7.5,34.31,382.26,137.19,19.77,61.4,39.63,83.14,41.02,4.09,28.13,139.54,2.17,7.7,3.7,11.5
"71","Guinea-Bissau",20.833,0.925029393,1.857224191,3.778343141,77.27898019,155.156574,315.651056,26.10351682,52.4092351,106.6215241,45.31672,78.24714,92.62132,828455.804,1430471.96,1693252.957,368269,1402257,20.833,7.3624409,6.8439213,5.0856492,5.0856492,0.28,0.08,74.40035852,107.6224622,144.2902741,289.0878517,418.1746838,560.6500587,2.4,33.85,495.16,170.77,32.36,73.71,52.51,112.28,47.53,5.28,33.15,165.51,2.14,9.5,5,13.7
"72","Guyana",151.292,0.726962015,3.605647519,4.771648186,60.73199795,301.2236858,398.6339337,18.50998834,91.80740137,121.4962411,3.969284,25.4164,39.30348,30770.72312,197033.2702,304688.8307,643246,125268,151.292,9.0633936,12.596474,10.9003648,10.9003648,0.6,0.24,3.6719118,4.010773659,9.249413705,14.14279139,15.44795689,35.62518264,7.2,32.8,495.73,155.97,36.09,24.93,36.36,159.01,26.08,0.9,1.54,128.21,2.71,20.2,12.7,27.1
"73","Haiti",20.346,1.094127898,2.928761213,4.698406729,91.4058394,244.6751222,392.515182,41.09860075,110.0127216,176.4857132,14.42873,60.68664,82.16744,1584615.938,6664828.918,9023928.994,2956253,7754808,20.346,8.5517711,8.7666628,7.0955362,7.0955362,0.35,0.14,92.30855875,144.8636186,195.0337479,34.04920955,53.43482525,71.94072837,10.1,32.61,544.45,184.3,38.25,55.62,22.18,134.81,38.48,0.93,8.02,176.74,2.36,22.7,17.9,26.9
"74","Honduras",266.442,1.145273549,3.471640373,3.649055412,95.67865908,290.0284355,304.8500762,32.60270703,98.82780761,103.8783133,12.80576,46.9657,48.85315,1207456.775,4428401.959,4606369.864,7401645,1559184,266.442,8.4891994,9.972857,7.8857192,7.8857192,0.49,0.18,60.75258714,181.3742528,278.5056549,19.99434854,59.69227316,91.65929217,14.7,48.16,315.58,56.11,58.97,56.37,34.33,104.03,50.69,0.52,2.61,118.55,2.65,21.4,15.6,26.9
"75","Hungary",163.348,0.45006955,2.342294252,3.721089004,37.59979528,195.6803887,310.8679202,6.690511856,34.81939065,55.31587313,0.3069299,1.281289,3.021302,30042.19426,125412.1317,295724.0125,9646167,196861,163.348,8.9001676,6.6882506,9.4248907,9.4248907,0.26,0.11,4.840916635,22.05688295,46.66520692,0.389035322,1.772578876,3.750201704,78.66,30.13,361.76,74.59,8.6,32.23,26.66,27.37,17.64,0.06,0.51,202.73,4.43,26.4,28.2,24.6
"76","Iceland",32.234,0.382420976,2.450969495,2.386684087,31.94828534,204.7593563,199.3888126,4.271764756,27.37811411,26.66002552,0,0.01792546,0.01792546,0,61.55602964,61.55602964,326845,3970,32.234,7.6316878,4.1564257,5.2995146,5.2995146,0.27,0.1,0.133755738,0.080584068,0.120383674,0.413668974,0.249223918,0.372312934,25.06,43.88,147.84,31.21,5.54,22.17,3.55,15.54,9.83,0.04,0.39,144.51,4.33,21.9,24.2,19.4
"77","India",86.963,0.788195593,2.124408033,3.219106537,65.84758505,177.477697,268.9312061,27.32972627,73.66127208,111.6186151,0.6541131,42.66327,71.48567,8756342.804,571115633.2,956949237.2,518385376,790668604,86.963,9.053893,8.3259159,7.5498721,7.5498721,2.58,0.5,118987.3967,183143.7234,321468.3266,232.1997819,357.3986305,627.3343008,7.9,26.27,344.27,85.07,27.09,138.8,19.45,80.67,23.45,6.53,5.71,86.89,2.74,3.9,2.7,5.1
"78","Indonesia",49.4,1.020366482,2.663409884,5.056987635,85.24364932,222.5070914,422.4718158,20.86858118,54.47217871,103.4257385,1.066842,35.58759,71.30388,2823353.463,94181092.86,188702785,156962565,101199548,49.4,7.4193282,7.9842802,7.347647,7.347647,1,0.24,7272.128659,12446.09086,28585.46572,82.43602785,141.0874781,324.0416058,18.6,48.38,384.93,149.73,20.78,62.84,27.91,83.27,45.3,2.98,1.84,82.91,3.06,6.9,4.8,8.9
"79","Iran",396.45,0.870882295,2.008571733,3.459457249,72.75541312,167.800479,289.0106306,21.81011213,50.30206145,86.63759836,0.03890009,2.204791,10.49139,31382.23955,1778692.011,8463818.828,71424438,7936049,396.45,11.3852069,12.860293,11.0630794,11.0630794,0.41,0.17,43.26512702,55.9499208,206.2125559,1.328461976,1.717950402,6.331786323,6.7,47.64,352.24,67.36,20.78,31.62,8.54,59.15,10.94,1.48,1.41,104.48,4.73,25.8,19.3,32.2
"80","Iraq",266.617,1.164338457,2.504804723,3.919958686,97.27138321,209.2568691,327.4819287,25.02542643,53.83641323,84.25268194,0.706506,18.24499,50.81578,265312.6509,6851501.138,19082738.58,30914996,5200653,266.617,17.2299941,17.4914421,13.7771144,13.7771144,0.35,0.16,3.099555605,12.04861261,24.26456267,0.310474336,1.206877849,2.430517449,21.1,50.31,613.13,129.92,50.48,41.87,10.24,142.58,6.93,1.52,3.37,99.31,3.12,30.4,23.4,37
"81","Ireland",382.762,0.577231411,2.058216272,2.470563485,48.22317552,171.9478924,206.3962812,11.81372843,42.12384777,50.56302468,0.1854279,0.3040497,0.3353735,8914.238613,14616.84879,16122.70539,4232536,444299,382.762,7.3088405,5.1438133,6.2155942,6.2155942,0.17,0.07,0.851403099,1.341764391,0.849139936,0.191230184,0.301368238,0.190721865,35.14,42.09,159.45,29.93,9.19,34.72,6.61,22.99,11.65,0.15,0.32,152.01,3.92,25.3,25.1,25.5
"82","Israel",286.868,0.508129071,1.918522938,2.675549201,42.45021475,160.2776055,223.5212365,6.230197422,23.52311126,32.80505032,0,0.4831344,0.9977683,0,42096.94968,86938.54528,8380100,0,286.868,7.0922374,5.7613617,6.7878403,6.7878403,0.29,0.12,6.588797326,8.987716548,9.032278833,0.961916049,1.312140647,1.318646414,28.12,40.79,119.21,26.23,22.52,18.42,7.31,56.8,10.34,0.16,0.37,134.5,3.95,26.1,25.9,26.2
"83","Italy",623.534,0.316287353,2.256911343,3.093535301,26.42333779,188.5473135,258.4407102,3.563861467,25.43041726,34.85732559,0.996795,1.881131,2.472911,603426.8885,1138774.799,1497018.936,60426929,303653,623.534,7.0540891,4.6222522,7.4494739,7.4494739,0.23,0.08,21.33296377,24.20477728,34.517873,0.215294503,0.244277146,0.348357987,44.23,49.15,144.02,31.69,8.78,19.04,10.14,26.86,9.26,0.39,0.22,143.27,3.96,19.9,20.1,19.5
"84","Jamaica",66.19,1.014786055,4.057104501,5.497522295,84.77744822,338.9393902,459.2750456,15.58050759,62.29071352,84.40615377,0.876297,34.51796,52.39908,25595.34721,1008218.87,1530500.1,2349242,522692,66.19,9.2817333,14.4098648,14.500917,14.500917,0.49,0.21,3.770326911,5.812347618,10.23805723,2.305956156,3.554869136,6.261661563,22.1,31.1,248.65,105.69,30.32,27.8,8.43,147.02,13.58,0.27,1.73,158.63,2.78,24.7,15.3,33.4
"85","Japan",13.678,3.034385921,3.649771285,5.199124462,253.4992416,304.9098818,434.3462374,35.14447641,42.27191404,60.21663419,0.9434035,1.209406,1.616443,1196101.646,1533355.036,2049420.141,127141000,0,13.678,8.3588827,5.0036277,8.4964572,8.4964572,1.36,0.2,139.8796285,94.0614781,426.0182665,0.552538258,0.371552068,1.682813956,30.22,48.28,94.69,31.75,9.7,12.67,8.24,16.2,6.87,0.23,0.2,120.91,2.69,4.3,4.8,3.7
"86","Jordan",65.47,0.643548024,1.610624012,4.130602626,53.76341055,134.5550553,345.0795845,13.79841212,34.53363704,88.5648859,0,0.3593719,19.90089,0,35143.59981,1946142.462,9031072,128230,65.47,16.510798,17.1804625,13.4508012,13.4508012,0.36,0.18,1.704340143,1.443525314,5.65300118,0.692248746,0.58631406,2.296069241,15.3,49.27,297.16,72.66,40.39,22.19,11.8,95.57,11.48,0.6,0.78,97.41,3.4,35.5,28.2,43.1
"87","Kazakhstan",118.285,0.652794041,1.759645705,2.796565717,54.53584305,147.0046538,233.6312211,7.72641415,20.82701529,33.09991139,0,0.1029689,1.16534,0,18573.29953,210201.4188,17105523,438603,118.285,12.3560972,11.3681004,11.6856272,11.6856272,0.31,0.12,0.629721401,3.35391534,3.395181939,0.084860287,0.451968472,0.457529495,52.04,26.4,534.53,136.11,11.76,46.9,49.78,25.93,13.69,0.22,1.06,121.92,3.41,21,18.9,22.7
"88","Kenya",17.37,0.766345623,1.851108442,3.084440941,64.0221907,154.645651,257.6809474,21.26219634,51.35885164,85.57756047,10.6535,55.18997,78.95827,5350344.626,27717215.88,39654006.25,14218114,33018145,17.37,5.8172238,6.1624503,4.2423771,4.2423771,0.42,0.11,1989.655712,2803.290055,3686.789729,243.664114,343.3062231,451.5044224,4.1,35.16,225.89,74.35,8.37,34.06,19.56,41.49,38.5,3.54,17.21,85.11,2.21,7.1,2.8,11.1
"89","Kiribati",320.53447,0.8877813187,2.5027517222,3.51087496624,77.53315488,212.977480751,295.232738978,31.48571430049,83.0248422946,114.8124251532,5.7601622294,44.28855963,62.3123056,998907.87744085,9991158.5695874,9540955.951127,44626,67781,144.23484,22.0139868,22.5987826,22.2192174,22.2192174,0.41,0.24,2.445712242,7.961015904,11.33916003,105.530253,343.5105764,489.2744147,11.5531,66.53,498.79,196.77,50.5,131.29,33.35,312.45,67.44,2.95,13.01,143.87,3.06,46,41.6,50.4
"90","Kuwait",177.026,0.950459801479999,2.48216335054,3.52443497432,82.4390042567,213.668932218,296.672086807,28.50883509599,77.3051813649,111.3564774213,4.9568537343,41.86144669,60.74302688,934089.4052652,9589042.714147,10198902.675644,3935794,0,177.026,19.6593654,19.6190961,14.6246098,14.6246098,0.55,0.28,0.205670854,0.144062366,0.895677686,0.229314705,0.160623725,0.998644482,12.28,49.61,245.7,47.47,19.5,13.71,8.96,48.74,8.11,0.23,0.55,81.8,4.34,37.9,33.3,45.6
"91","Kyrgyzstan",174.428,0.964181593,2.45844371,3.641826927,80.54984068,205.3837686,304.2461928,21.95190177,55.97235545,82.91490687,0.2792233,22.42636,57.584,17306.81858,1390030.646,3569171.488,5557788,399112,174.428,9.9323155,10.8247126,9.3400427,9.3400427,0.43,0.14,0.319665999,1.866156184,1.674994259,0.184566349,1.077467215,0.967095582,22.15,27.53,574.47,143.43,11.18,52.89,49.2,26.46,8.96,0.69,1.08,96.57,3.36,16.6,14,18.6
"92","Laos",58.23747,0.723769965,2.901042564,5.015950742,60.46532703,242.3594456,419.0435039,17.14388809,68.71679056,118.8124714,0.5873047,57.43221,83.7078,40835.50135,3993281.663,5820232.632,4724753,1939214,65.86906,7.7291924,7.5895286,5.7492174,5.7492174,0.86,0.17,85.56568558,200.4720106,274.6500024,49.4408897,115.8351563,158.6960986,16.9,49.87,443.23,171.64,29.84,84.9,25.05,93.03,33.9,1.24,4.86,123.14,2.8,5.3,3.7,6.7
"93","Latvia",33.4,0.448210108,2.058050542,3.328510193,37.44445349,171.9340469,278.071027,6.133481535,28.16316446,45.54862871,0.1421721,1.378721,2.62944,2761.334769,26778.18105,51070.24581,1736269,241258,33.4,7.8315259,6.5982073,9.5992022,9.5992022,0.21,0.09,0.144786768,0.572990928,0.973560693,0.052108848,0.206219792,0.3503851,56.63,28.15,423.55,112.19,6.1,9.69,14.14,22.42,15.36,0.41,0.43,153.46,4.08,23.6,21.6,25.1
"94","Lebanon",86.441,0.884725419489999,2.3813505764,3.61731949746,75.1848767877,197.274296381,302.556125077,26.51827231499,72.2244450331,103.7194515327,4.0406068211,43.2358444,65.5742372,969055.7284125,13589003.901338,11399918.6913484,4722144,1129335,86.441,14.4658527,12.2357376,11.051152,11.051152,0.43,0.2,3.794317521,1.441374979,19.76077389,1.219445717,0.463239709,6.350863084,29.1,47.34,217.53,25.17,11.09,19.23,9.24,37.54,5.66,0.25,0.64,134.32,3.62,32,27.4,37
"95","Lesotho",20.072,0.607529939,2.306327231,4.189361766,50.75438087,192.675625,349.9884516,23.5681349,89.47021014,162.5194693,6.356867,51.53199,76.94296,132948.2793,1077746.223,1609194.299,658917,1515728,20.072,7.3050801,9.8530791,7.5376578,7.5376578,0.3,0.12,129.9835286,184.6699094,242.5568236,243.4497465,345.873382,454.2913849,11.3,32.64,501.31,199.94,33.31,144.87,18.68,197.82,37.26,1.08,8.64,168.44,1.86,16.6,4.6,26.7
"96","Liberia",16.213,0.970414826,2.982044337,5.066444218,81.07057863,249.126511,423.2618395,127.3360987,391.2985269,664.809753,26.97557,87.50218,97.57058,1268452.806,4114552.009,4587991.133,760436,3739185,16.213,7.7892159,7.6008282,5.6957736,5.6957736,0.28,0.08,223.6108744,303.8631394,422.6917641,288.1781619,391.603142,544.7433448,1.6,32.67,346.06,114.1,26.69,36.09,41.05,87.07,34.95,3.46,19.99,134.02,2.07,9.9,5.5,14.2
"97","Libya",118.173,0.863135457819999,2.39957177818,3.60537017531,74.5281855597,200.274678584,301.53912389,26.14620457369,68.0123106849,101.4198019785,4.1973845005,42.12819383,60.8859479,923675.8470469,12222817.577008,10925149.750481,6022967,211988,118.173,15.1971092,16.5917053,14.2216907,14.2216907,0.34,0.16,3.875513026,5.109389794,12.80712876,1.984116402,2.615814739,6.556766564,10.1,55.55,310.43,62.95,43.25,30.58,16.93,87.13,9.96,0.5,0.98,129.9,4.15,32.5,25,39.6
"98","Liechtenstein",26.221,0.896223238659999,2.31364172964,3.64159181859,75.4744804243,193.002094856,304.607352507,26.60480783329,72.5354208778,101.5818995323,3.47669577085,41.68922553,67.2975538,1003467.9535412,8610669.102873,12563953.029983,10360579.28,5017461.5,26.221,9.177710578,9.623462285,7.813470755,7.79829903,0.5971,0.2137,203.54918882209,325.95713128774,420.93890902629,63.65690882738,95.6909113462999,146.1971214602,10.0721,41.259,392.2934,127.3411,32.0661,61.2134,34.6091,105.3239,35.2623,1.4252,4.6787,125.7355,2.6294,16.241,8.96100000000001,22.627
"99","Lithuania",51.795,0.512512295,1.999557172,3.215128148,42.81639892,167.0473828,268.5988427,4.492018174,17.52552523,28.1796441,0.8064244,1.322372,2.856601,22808.93192,37402.00932,80796.18838,2684137,220773,51.795,8.9232895,7.0877929,9.5350186,9.5350186,0.14,0.06,0.347867144,1.458779845,2.349074471,0.087075621,0.365151358,0.588003554,55.21,27.63,382.11,75.98,4.51,13.87,22.88,13.75,18.61,0.28,0.57,149.49,4.15,26.3,24.2,27.8
"100","Luxembourg",234.833,0.334489337,2.038379917,2.491222593,27.94397138,170.2907199,208.1221882,4.005149997,24.40740677,29.82971067,0.1291701,0.3475719,0.4126038,770.2878075,2072.696366,2460.504997,555934,13670,234.833,6.9729089,3.9014333,5.2535003,5.2535003,0.2,0.08,0.36267577,0.204403632,0.366062672,0.618367412,0.348511136,0.624142128,44,35.63,150.35,35.46,8.54,24.54,11.32,20.95,11.3,0.11,0.19,139.45,4.15,22.6,24.5,20.7
"101","Madagascar",8.812,1.07819951,2.588895697,3.45983533,90.07514702,216.2820131,289.0422163,58.73564044,141.031827,188.4768469,70.25125,93.5762,96.73974,17963623.98,23927939.65,24736873.91,2908091,21325997,8.812,6.3172086,4.780814,3.3602759,3.3602759,0.95,0.2,886.1082513,1356.804515,1693.585091,260.5951733,399.0220236,498.0656703,3.5,31.48,505.29,192.37,10.56,89.87,25.66,55.94,43.67,3.04,21.16,124.25,1.8,5.3,3,7.5
"102","Malawi",9.566,0.28486552,1.615605276,2.703610821,23.79828901,134.971201,225.8655657,21.90721089,124.2460146,207.9176606,1.302718,79.03726,92.84431,230193.6577,13966089.34,16405830.97,7205179,10368428,9.566,6.6198552,6.0038419,4.2931328,4.2931328,0.8,0.18,884.421835,1291.87512,1679.169686,239.6245676,350.0196453,454.9529353,2.4,42.38,312.91,88.49,14.34,44.41,28.02,64.29,49.16,6.16,25.65,178.75,2.29,5.8,2.2,9.1
"103","Malaysia",7.353,0.908167921,2.383309207,3.962462647,75.87033594,199.1068677,331.0328026,10.43814427,27.3928695,45.54307174,0,0.3087978,2.754231,0,96051.64215,856704.3237,29494229,1228926,7.353,11.4416249,10.7315988,9.4710603,9.4710603,1.22,0.44,21.1943955,22.39138508,182.6385655,1.824511488,1.927553882,15.72237156,27.9,51.62,320.97,81.91,19.58,38.62,12.67,57.6,24.14,1.57,2,119.42,3.44,15.6,13,17.9
"104","Maldives",68.45,0.422614866,2.68616602,3.638542468,35.30617095,224.4081888,303.9718019,14.46101393,91.9150918,124.5034605,0,0.5116307,2.729918,0,2539.745027,13551.36755,400571,8592,68.45,11.063976,10.7239682,8.3438318,8.3438318,1.26,0.34,0.304899155,0.454699471,1.397518944,2.369895313,3.534251004,10.8625214,21.5812,45.12,239.27,43.94,36.26,57.62,9.63,68.04,4.77,0.45,0.53,71.97,3.29,8.6,5.8,11.4
"105","Mali",6.716,0.599600045,1.98490498,3.25869826,50.09190015,165.8233066,272.2387853,23.27170321,77.03821906,126.4767397,4.556961,70.88705,90.62164,843602.5747,13122889.99,16776235.05,4314573,13153332,6.716,8.3645204,6.3847485,4.522811,4.522811,0.32,0.09,1131.928963,1686.286246,2198.228221,322.0978258,479.8438342,625.5202878,2.8,34.49,318.64,104.47,19.54,65.31,24.55,70.88,32.04,3.05,28.3,133.06,2.08,8.6,4.6,12.4
"106","Malta",124.564,0.763473885,2.727949045,3.932199898,63.78227948,227.8988341,328.5045863,11.18872343,39.97814199,57.62645976,0.1004015,0.2212111,0.3113678,469.878016,1035.265736,1457.19819,431874,0,124.564,9.0493557,6.3757008,8.7500336,8.7500336,0.32,0.14,0.066645901,0.078658185,0.079641615,0.114238034,0.134828344,0.136514045,41.35,41.06,181.96,33.49,10.76,20,6.18,30.21,10.1,0.1,0.32,122.9,3.8,28.9,29.2,28.5
"107","Marshall Islands",385.94827,0.89372439539,2.51106941074,3.50567950161,78.9037156897,215.593830203,292.73262136,31.23244651829,88.9599327678,119.9687743331,6.1567178869,44.37503879,61.14803338,975856.34017035,9459569.29554841,11560518.815202,40752,12242,211.47504,20.7581138,21.4743119,21.0801125,21.0801125,0.41,0.26,0.062633444,0.197932895,0.374600564,6.972972934,22.03584265,41.70423062,10.5689,36.2,421.9,132.85,79.67,77.94,22.21,615.23,22.15,1.43,2.76,105.6,2.06,52.9,48.4,57.3
"108","Mauritania",35.056,0.87682579,2.813919311,4.429886868,73.25194567,235.0809784,370.0824451,26.33259037,84.50684894,133.0371411,1.558018,38.10409,68.03631,66723.27378,1631835.851,2913705.323,1672936,2509405,35.056,8.4635263,9.4024279,7.3046722,7.3046722,0.21,0.07,145.0730909,234.2588265,305.8612241,156.5157742,252.7360612,329.9861193,2.4,35.6,288.87,82.95,20.46,33.92,27.09,67.83,26.1,2.28,15.9,126.87,2.39,12.7,6.6,18.5
"109","Mauritius",7.863,0.813268366,2.518435227,3.719799844,67.94221937,210.3955912,310.7602209,7.803701639,24.16559888,35.69327096,0.008474872,3.255958,12.04238,107.174333,41175.26814,152289.503,1175485,87120,7.863,12.8618866,13.0882746,14.6107078,14.6107078,2.01,0.67,0.479762197,1.332114209,2.589771637,0.597681675,1.659531028,3.22630474,15.87,44.47,271.8,66.42,67.1,42.06,19.69,222.12,9.67,0.45,0.91,93,3.03,10.8,5.6,15.7
"110","Mexico",696.596,0.661079505,2.551728019,3.266979428,55.22802883,213.176944,272.9306122,8.387502822,32.37526772,41.45008121,0.3591183,10.29462,17.93763,448098.2047,12845351.35,22382094.7,107259089,18631860,696.596,10.869791,11.5297297,11.0197769,11.0197769,0.57,0.25,251.8637567,419.4164902,743.3918192,4.202337885,6.997949324,12.40346624,12.5,40.74,158.3,29.57,62.13,36.09,41.18,139.43,21.52,0.52,0.64,92.14,2.61,28.9,24.3,32.8
"111","Micronesia (country)",324.81758,0.87761169225,2.48778679511,3.49392741527,77.960041058,213.875960977,294.150399446,31.35744043989,83.0220659113,113.9728536518,5.8064091964,44.53166773,62.3004122,997235.91620145,9940343.1007104,9591478.459767,59631,44802,213.69184,20.5147725,23.3738716,19.9445514,19.9445514,0.4,0.23,0.15320727,0.472265659,0.98843023,7.046774033,21.72187643,45.46288498,14.6756,52.03,582.98,190.78,86.95,104.16,26.31,273.71,29.02,1.31,2.79,151.91,3.08,45.8,40.1,51.5
"112","Moldova",423.901,0.801924017,1.683741188,2.878004293,66.99448763,140.6634242,240.434778,11.57654974,24.30643451,41.54677892,0,0.1976474,4.655106,0,5445.498153,128255.5254,2715339,838769,423.901,7.7593317,8.4339062,10.1435799,10.1435799,0.36,0.13,0.27774471,1.257974609,1.442067511,0.090563719,0.410185523,0.470212366,28.48,27.08,543.97,121.56,4.48,23.52,66.09,17.44,16.38,0.12,0.75,126.44,3.73,18.9,16.2,21.1
"113","Monaco",25.482,0.9123247265,2.49361794877,3.5139663475,80.3573001427,213.752657027,294.24426086,31.99802188769,92.4100321382,134.7235269236,7.06419311879999,47.02975039,68.41795588,1001510.22577015,4080571.2261044,6634403.961286,38307,0,25.482,9.065553641,9.586077277,7.804471886,7.771099894,0.5966,0.2125,206.30793362979,324.91761180226,382.78450591844,59.31330854698,95.8042275039,142.8161628408,10.0626,41.2713,389.0306,127.7117,31.9627,61.202,35.0982,105.1228,34.4718,1.5048,4.6652,126.2848,2.6645,16.138,8.92100000000001,22.461
"114","Mongolia",109.61981,0.74255342,2.25840429,4.610406534,62.03453805,188.6720376,385.1634532,16.00626804,48.68151357,99.38059775,0.005172975,6.585204,43.16624,161.0750092,205048.6993,1344101.316,1777196,1199681,202.08152,12.1686151,11.1872717,9.4505846,9.4505846,0.29,0.1,0.222842164,0.648610697,0.748932307,0.280652723,0.816875746,0.943223168,27.6,29.09,579.93,209.02,20.03,27.18,71.32,32.61,27.09,0.7,1.73,272.06,3.59,20.6,17.5,23.2
"115","Montenegro",437.855,0.560815752,2.336085919,3.763333674,46.85177542,195.1617309,314.3971323,5.117920388,21.31876952,34.34361834,1.260342,6.163432,14.87213,7844.028316,38359.53664,92560.12164,596650,25509,437.855,7.5727608,6.6484069,8.4850937,8.4850937,0.43,0.17,0.011582176,0.025020458,0.181463625,0.020101193,0.043423711,0.314935244,41.8521,29.87,412.62,174.89,13.84,6.87,5.47,33.47,10.74,0.24,0.26,144.95,4.43,23.3,23.3,23.1
"116","Morocco",93.334,0.607821254,1.911529014,2.889392766,50.77871794,159.6933178,241.386196,14.38297969,45.23284241,68.37220189,0.02480398,3.521767,13.70442,8825.577048,1253090.27,4876209.971,26694148,8109174,93.334,14.0416698,13.3969031,12.340708,12.340708,0.33,0.14,38.07487182,45.27218164,140.4340585,2.47060228,2.937621319,9.112485177,19.6,47.7,319.37,70.57,37.14,29.16,12.84,91.46,10.17,0.48,2.28,81.03,3.42,26.1,19.4,32.2
"117","Mozambique",2.848,0.382520329,1.969263689,3.488296239,31.95658557,164.5165989,291.419903,24.38008097,125.511782,222.3279085,8.464884,78.01917,90.62317,2425105.21,22351717.47,25962638.32,5742192,22268499,2.848,6.5621686,6.1720894,4.6596229,4.6596229,0.45,0.12,821.5822232,1212.29718,1588.718746,202.4946602,298.7938379,391.5701356,1.7,43.38,338.52,120.8,13.58,37.98,16.02,65.91,40.95,4.96,18.32,138.5,2.25,7.2,3.3,10.5
"118","Myanmar",21.081,0.909689542,2.5998543,3.665605709,75.99745545,217.1975188,306.2327242,25.383855,72.54598582,102.2845702,0.166441,24.74539,51.92937,88850.50164,13209727.86,27721238,41713321,10690348,21.081,6.9114952,7.8750752,7.208295,7.208295,1.26,0.29,986.7222685,1921.851487,3030.073427,49.58457802,96.57651201,152.2666682,25.5,83.84,285.17,130.82,29.02,101.35,56.44,82.14,23.05,1.24,3.28,175.79,4.48,5.8,4,7.3
"119","Namibia",52.343,1.008157292,1.83890403,3.187241981,84.22366683,153.6260677,266.2691713,30.32594162,55.31527343,95.87404169,9.829656,25.26397,45.98487,236167.6099,606992.9011,1104833.866,834393,1591168,52.343,7.3191306,7.5376131,5.7685644,5.7685644,0.29,0.12,69.16455963,119.1938648,173.2776072,98.11458318,169.0845199,245.8059488,5.9,37.9,330.6,110.02,21.52,72.09,12.69,105.85,25.72,0.64,5.68,86.87,2.34,17.2,7.5,25.4
"120","Nauru",452.1795,0.901741196599999,2.51765671752,3.4947907554,80.8228729213,216.369517288,292.771707916,31.50299549121,89.3468810542,120.6148434622,6.1438364619,39.70360359,60.32447318,968990.81122999,8808423.3546364,10586908.6960515,8184,4291,370.75246,30.0757634,28.4019317,28.0206037,28.0206037,0.4,0.27,733.75539629835,1288.1160545493,2468.71004389519,82.07203044561,144.48504766705,232.6585251394,13.1586,49.5363,503.3648,184.5027,64.9208,114.531,30.3387,330.375,41.1084,4.5217,8.6093,147.5847,2.6167,61,58.7,63.3
"121","Nepal",30.065,0.986364173,2.564141513,3.836645519,82.40302194,214.2139944,320.5217644,25.25250389,65.64613288,98.22427517,1.988262,44.20274,72.0897,549299.6082,12211945.79,19916310.81,13124577,15531705,30.065,11.6872047,9.4862663,7.928876,7.928876,1.06,0.19,1831.196387,3428.271168,5704.200515,178.3353156,333.8701546,555.516823,11,31.41,330.7,96.03,26.46,140.68,22.46,80.96,23.47,3.77,4.62,90.06,2.56,4.1,2.7,5.4
"122","Netherlands",416.227,0.300922706,1.794010588,2.768451443,25.13974151,149.8755713,231.2824932,4.317916748,25.74211987,39.72429671,0.01160897,0.2121892,0.3128131,1988.767013,36350.75993,53588.93809,16550305,389618,416.227,5.1717566,3.5314209,5.2926449,5.2926449,0.24,0.09,8.606314163,5.014641338,7.58486616,0.401740147,0.234081944,0.354059263,49.33,40.22,127.71,34.5,7.93,30.38,5.82,26.32,11.69,0.07,0.41,167.32,4.52,20.4,20.8,20
"123","New Zealand",5.184,0.883508002529999,2.29043470671,3.61429829352,75.5451975706,187.965725659,302.676431506,28.9637825763,77.5258075477001,118.4205929031,5.0852843001,43.50126333,73.0245328,1518705.1698108,11767091.64752,17986562.72626,11388730.95,11801616.19,5.184,7.9042936,5.9634449,7.6297578,7.6297578,0.23,0.11,3.137888936,2.159206438,9.92380928,0.659852275,0.454049621,2.086832347,29.74,35.55,155.77,35.53,10.75,30.96,4.05,26.13,9.87,0.05,0.34,147.73,3.63,30.8,30.1,31.4
"124","Nicaragua",23.549,1.43555517,2.550074601,3.51918096,119.9294211,213.0388138,294.0000802,42.05064417,74.69742849,103.0847364,3.431858,14.81904,27.84136,219119.1571,946174.2164,1777630.466,4129702,1952333,23.549,9.2258635,10.9731792,8.9639055,8.9639055,0.43,0.17,10.33266094,26.31890748,37.95275803,4.478730167,11.40802796,16.45076358,5.52,40.19,180.52,35.9,58.52,27.03,28.36,99.69,12.27,0.37,1.44,80.85,2.27,23.7,17.9,29
"125","Niger",2.85,0.608233806,1.657867923,3.607580503,50.8131835,138.501915,301.3851715,86.72748077,236.3938125,514.4014775,5.401048,58.42961,91.94135,1166759.882,12622240.14,19861604.39,2168769,17728196,2.85,5.9408535,5.3203077,3.7354109,3.7354109,0.49,0.11,684.8434672,1069.709241,1360.150943,240.2585023,375.278078,477.171564,4.6,31.19,334.07,110,19.47,50.74,24.98,70.73,38.06,3.75,33.31,116.15,1.81,5.5,2.5,8.7
"126","Nigeria",5.506,1.3811754,2.114463238,3.388323049,115.386416,176.646887,283.0679239,23.35485848,35.75432177,57.29453717,44.86684,69.88703,89.12486,85638823.05,133395688.1,170115571.2,52542706,128639038,5.506,6.299279,6.0017798,4.2889467,4.2889467,0.31,0.09,6623.459482,8098.488858,12973.12786,191.762036,234.4670057,375.5972872,1.1,28.37,197.62,56.18,6.72,26.06,27.41,41.12,20.25,3.05,18.9,107.78,2.04,8.9,4.6,13.1
"127","North Korea",677.17593,0.951173908479999,2.43154552231,3.53093171596,82.5155488283,211.515270285,295.713799992,26.09541965691,64.4021335112,93.00330769,4.0780024976,35.7450468,61.0025714,1043286.7131387,12368228.967193,14470375.020558,20674768,4569149,81.42119,5.7529754,5.9210002,6.6706002,6.6706002,0.65,0.13,7.246454118,40.25084588,42.13662186,0.414077254,2.300015906,2.407773015,43,38.55,411.09,206.41,15.08,148.93,13.85,33.15,14.67,1.25,0.96,188.66,2.14,6.8,6.1,7.3
"128","North Macedonia",245.79862,0.741783281,3.019520007,3.690535055,61.97019895,252.2573105,308.3153764,9.705311515,39.50666324,48.28606045,2.337817,13.93327,18.23828,48673.25643,290090.1241,379720.2601,7453019.19,466131.69,379.83366,9.072957337,9.634427458,7.8732791,7.854238306,0.5483,0.2028,223.84040537469,330.15539302228,457.68195052614,49.47761208224,88.94646067385,132.4212825275,10.8786,41.8164,382.4052,122.4069,35.9849,58.7121,31.8023,108.1681,33.4616,1.3892,4.3062,126.2828,2.6412,19.466,13.811,24.518
"129","Norway",51.649,1.084304198,2.753281206,3.458190307,90.58514604,230.0151384,288.9047876,14.52968225,36.89398339,46.33976923,0.222648,0.3605376,0.4563593,11749.06371,19025.45378,24081.93423,5090023,98584,51.649,6.2257413,3.8782065,5.5054435,5.5054435,0.24,0.1,7.889693542,4.596251605,6.910706838,1.311901805,0.764266793,1.149115454,31.95,45.16,137.75,30.36,6.14,28.69,4.55,20.58,10.24,0.07,0.3,138.79,3.65,23.1,23.6,22.5
"130","Oman",235.576,0.905994335019999,2.42803715476,3.5429610732,77.4086997129,208.128825232,297.916838887,26.84919251659,72.2586472102,103.0968854861,3.7176734648,40.32528118,60.0129011,888849.53545415,9118370.62722901,8953705.913206,4061216,138594,235.576,14.3323602,12.3150791,8.2816983,8.2816983,0.68,0.27,0.946419589,0.4014726,4.487136499,1.407956183,0.597257112,6.675360119,8.8,47.51,314.92,48.99,21.32,14.53,9.8,103.46,4.74,1.16,0.9,69.23,3.78,27,22.9,33.7
"131","Pakistan",30.599,0.767463234,1.94525909,3.827949612,64.11555841,162.5112022,319.7952892,20.90436108,52.9854677,104.2666766,0.04515375,24.10479,75.2726,93873.14985,50113059.58,156489240.9,120256626,69123887,30.599,12.5771361,12.1315271,9.6872886,9.6872886,1.09,0.32,4499.728056,7189.719514,13795.64303,99.7710881,159.4154425,305.8865555,18.6,26.69,479.9,136.48,29.37,83.94,26.91,93.89,27.79,3.76,8.52,118.3,2.33,8.6,6,11.3
"132","Palau",408.50165,0.962700783649999,2.57170234152,3.50056655007,83.0443924113,217.604767091,292.038099454,31.69300582691,92.3524138028,125.3993579986,6.2856373428,44.70790969,60.99722588,827303.13059965,9039366.1292208,8801260.7199955,21288,0,367.39528,24.7751215,21.5507927,21.1574305,21.1574305,0.38,0.25,674.91968489235,1167.6213402743,2254.35922708469,81.84562188311,138.81869211935,232.5376368154,13.141,49.2306,508.003200000001,181.9959,67.4636,113.67,31.0746,352.2383,40.6445,3.669,8.5829,141.076,2.5734,55.3,51.8,58.8
"133","Panama",614.17,1.127964567,3.223740157,4.876472158,94.23262882,269.3183089,407.3911578,13.78461908,39.39665427,59.59434641,1.85989,11.42699,19.78807,76381.42315,469280.3115,812650.7202,2976937,992312,614.17,8.9030156,9.7735384,9.5552917,9.5552917,0.45,0.17,7.427532739,15.91527833,27.84035356,3.324486531,7.123513324,12.46105317,12.62,37.95,154.03,44.05,27.31,23.09,13.56,67.45,12.12,0.23,1.38,100.48,2.59,22.7,17.8,27.6
"134","Papua New Guinea",0.782,0.85464437228,2.25028530094,3.60021060924,70.1902332545,184.208988463,301.92126837,32.0076536164,90.5356602043,150.2619940238,6.4921323452,45.35024926,76.7160170000001,1414101.62530645,9436477.20136,12960784.549522,1496847,6422978,0.782,15.357027,14.3210734,11.6053098,11.6053098,0.81,0.31,165.6399375,390.6303765,503.4274706,139.86466,329.8442733,425.0889797,2.1,40.26,591.54,208.12,59.11,343.05,44.8,183.05,37.4,2.21,6.95,121.58,1.91,21.3,16.6,25.8
"135","Paraguay",186.049,0.949812696,3.886502873,3.603425935,79.34943156,324.6869568,301.0380898,16.1907157,66.25018108,61.42478945,0.1282366,17.94588,15.44793,8806.086829,1232354.706,1060818.931,5882259,756860,186.049,8.0133105,8.2721305,7.1140043,7.1140043,0.53,0.19,13.59930623,19.00140258,41.51117122,5.124776849,7.160508515,15.64311338,19.7,48.56,271.74,82.11,38.59,30.83,15.03,109.31,22.5,0.27,1.96,134.45,2.54,20.3,17.1,23.4
"136","Peru",1038.977,0.91506283,2.239451954,3.591001371,76.44635171,187.0887179,300.0001146,20.64388293,50.52219634,81.01324794,1.298749,10.30363,22.43048,408382.4928,3239904.019,7053106.75,23909023,7467648,1038.977,7.2325752,8.0752417,7.4633108,7.4633108,0.37,0.12,92.34946292,215.8098729,306.8221766,5.336122467,12.46989289,17.72875183,11.6,28.63,108.51,24.82,24.06,31.1,21.3,48.66,15.92,0.29,1.05,106.09,2.73,19.7,15.2,24.2
"137","Philippines",64.363,1.157734234,2.819760223,4.07534677,96.71965196,235.5689409,340.4633893,17.63895856,42.96118423,62.09099695,3.313564,42.61489,64.24689,3484983.414,44819470.76,67570551.23,75168389,26547970,64.363,7.0508844,7.272278,6.129182,6.129182,1.21,0.27,209.3515731,248.7301522,933.5777717,7.15699953,8.503215697,31.9157653,46.6,47.6,427.92,130.68,50.55,68.78,19.18,111.57,26.94,1.21,2.83,119.22,2.92,6.4,5.2,7.5
"138","Poland",121.94,0.397012866,1.961194354,3.097216182,33.16732385,163.842469,258.748219,5.196970716,25.67239122,40.5431238,0,0.02204507,0.449238,0,8371.576974,170597.3488,36922792,1063620,121.94,8.394709,6.9763247,9.2658867,9.2658867,0.25,0.1,5.607770888,10.23089526,58.76978116,0.136956892,0.249866059,1.435316582,68.73,29.41,283.08,56.8,7.6,18.6,15.09,22.3,15.08,0.09,0.35,169.81,4.48,23.1,23.7,22.2
"139","Portugal",232.526,0.417757991,1.863018265,2.688893108,34.90041695,155.6406236,224.6360157,4.616332218,20.58682641,29.7129538,0.1087342,0.465337,0.9322764,11199.9488,47931.10701,96027.26603,10327002,31074,232.526,8.4291863,5.2866095,7.7590325,7.7590325,0.44,0.16,4.287564851,15.85104615,13.89678485,0.263138121,0.972816656,0.85287896,28.87,41.34,155.11,58.28,12.82,26.91,12.6,39.07,11.78,0.18,0.34,140.76,3.32,20.8,20.3,21.2
"140","Qatar",79.832,0.840577538969999,2.42379054016,3.55678598555,70.5404805137,205.849217915,299.260770582,27.88584571509,75.0314793482001,113.0529320429,4.253088838,41.97292063,63.6051708,906437.2734631,12512907.153589,11376313.658556,2431908,49631,79.832,18.9393887,18.7735012,13.1857956,13.1857956,0.61,0.29,0.039604142,0.031086478,0.172933288,0.269181861,0.21128891,1.17539483,18.5,48.45,187.72,24.99,25.77,10.5,12.09,108.6,7.22,0.37,0.43,81.64,4.24,35.1,32.5,43.1
"141","Romania",341.725,0.508367756,2.271961773,3.306929619,42.47015507,189.8046594,276.2681386,4.759807879,21.27220189,30.96252558,0.7519175,6.444023,11.02077,147281.7726,1262222.425,2158692.332,15674045,4141436,341.725,7.2931016,6.3776748,8.3916512,8.3916512,0.35,0.14,2.216485464,13.30823442,20.71738689,0.093683425,0.562494546,0.875654634,47.02,28.99,430.29,140.81,8.67,21.46,33.93,17.24,12.78,0.45,0.42,150.5,4.41,22.5,23.4,21.6
"142","Russia",182.198,0.621210643,2.270001586,3.398629889,51.89729684,189.6409011,283.9289799,6.770769513,24.7414588,37.04273244,0.001276778,0.4716394,2.541048,1844.902587,681503.5576,3671731.522,104037940,40058930,182.198,7.4159878,7.9515761,10.2981062,10.2981062,0.37,0.15,8.243218999,41.06300511,53.11255104,0.064354799,0.320578824,0.414649613,56.75,27.98,562.81,168.05,5.21,17.96,25.92,16.04,20.19,0.15,0.96,147.5,3.98,23.1,18.1,26.9
"143","Rwanda",2.702,0.762956708,1.310426108,3.607720503,63.73907337,109.4758653,301.3968674,52.86538101,90.79961513,249.9794771,23.69054,56.56786,91.14971,2838348.672,6777359.669,10920589.33,7163805,4465748,2.702,4.2869468,4.5413895,2.9881491,2.9881491,0.91,0.19,345.4228302,482.9915163,623.1221629,158.9349501,222.2326546,286.709161,1.7,41.11,268.13,82.99,10.84,47.21,26.66,60.85,41.92,4.55,19.02,133.87,2.28,5.8,1.9,9.3
"144","Saint Kitts and Nevis",392.08724,0.895088483779999,2.5110593015,3.50610046561,80.6432747722,215.93535632,292.892199027,31.27423579281,89.1428454671,120.4762774604,6.1874814729,44.30005759,60.65144118,969295.9792857,9494098.8808734,12004506.194769,43461,6322,410.60425,12.6933192,16.3036417,16.9508768,16.9508768,0.58,0.25,236.89654527448,354.43172471132,549.13470502444,47.89198488611,90.14449905947,130.646268702,12.39,42.7986,497.4616,157.4968,54.1245,78.4324,28.5464,175.0178,33.1413,1.5873,3.9618,130.2429,2.6721,22.9,15.3,30.1
"145","Saint Lucia",213.74471,1.050054834,2.6511443,3.481056905,87.7238792,221.4823977,290.8151132,59.09355178,149.197478,195.902166,3.748323,12.98524,17.73234,6782.777885,23497.44104,32087.55585,160371,16835,82.77494,13.7422047,15.1406024,15.4551671,15.4551671,0.57,0.23,0.283352436,0.594360217,1.491103966,2.43436171,5.106318381,12.81050005,15.97135,32.06,215.09,69.38,26.65,23.7,15.82,97.99,10.7,0.15,1.23,129.55,2.77,19.7,12,27
"146","Saint Vincent and the Grenadines",321.03958,0.87036355239,2.51010548492,3.49810274562,76.8972530642,213.756007431,293.473427245,31.37187315799,87.499395373,118.8233959441,6.0773820223,44.73408153,61.926054,969301.24414055,9484828.85353541,11499571.616321,82985,26062,135.99309,9.3436029,11.8484475,11.666134,11.666134,0.52,0.22,0.39938264,0.641402054,1.360602246,5.086883564,8.169452647,17.32980982,15.97745,31.09,366.32,103.23,34.21,18.55,15.88,154.14,21.14,0.1,1.71,183.09,2.65,23.7,16.6,31
"147","Samoa",119.75637,0.866349727019999,2.46499443257,3.52017157501,75.8765386267,210.67722655,294.915283355,30.84803036969,87.2543476439,125.748862295,6.6823201456,44.30421403,63.09972978,1064857.6741983,12253623.0849334,11684887.441412,177289,16470,164.42589,22.6574192,26.571054,25.1065113,25.1065113,0.18,0.11,0.240711205,0.300389353,2.01008098,3.944089158,4.921924538,32.93547795,16,53.3,389.59,120.01,62.76,60,18.22,180.8,19.64,0.86,1.93,106.54,2.87,47.3,39.9,55
"148","San Marino",1237.551,0.974408966539999,2.50245967642,3.52961935069,84.0010763846,214.309003516,293.89847932,26.20401356719,66.1458851602,92.3749969815,3.9104549136,35.6990107,59.3781944,1117738.6156991,12833927.808108,13771474.674351,27173195.01,4189767.51,1237.551,9.128013704,9.667384752,7.833078244,7.943139663,0.5198,0.1814,262.42944300308,385.59585894726,526.61593381724,48.18019306779,88.15219477177,122.7524941691,10.94235,41.5823,353.5399,113.0395,36.6548,61.8519,31.0606,106.6322,33.1091,1.3047,4.082,127.4798,2.6106,19.643,14.15,24.836
"149","Sao Tome and Principe",68.443,0.895221716,2.528955099,3.2009921,74.78878163,211.2744444,267.4178864,19.10498482,53.97059513,68.31258044,18.5827,71.84284,81.26451,38482.7276,148778.6189,168289.8611,67857,127696,68.443,8.3453454,7.7847396,5.7104621,5.7104621,0.23,0.07,1.182479901,1.665138708,2.506077838,26.45064956,37.24714506,56.0579394,10.3235,28.01,293.65,122.56,43.5,104.05,69.35,81,33.28,1.83,5.23,130.31,1.94,12.4,7.2,16.9
"150","Saudi Arabia",153.071,0.958833238849999,2.47583461972,3.52363660941,82.9166668299,214.447902374,296.30618801,28.18529094489,74.0130162057,101.7495860806,3.6701400382,32.96654487,55.53731743,1032723.47435895,6765111.570513,10186410.0271585,31557144,0,153.071,17.6139625,17.0134147,13.8250458,13.8250458,0.59,0.29,10.38224065,6.15515015,37.75978201,2.314998101,1.372455271,8.419552829,9.6,51.42,301.43,84.77,44.64,22.13,19.1,85.1,6.27,0.97,0.69,90.21,3.92,35.4,30.8,42.3
"151","Senegal",19.231,0.744343569,1.857560211,3.178888156,62.18409098,155.1846459,265.5712745,23.01494333,57.43536287,98.29053922,8.035439,49.44025,77.24802,1239014.954,7623380.515,11911166.52,7129049,7847945,19.231,7.5161234,7.3062892,5.2602757,5.2602757,0.31,0.09,651.8171428,969.9338695,1297.648909,200.9618256,299.0404337,400.0782989,1.4,36.95,356.79,110.4,26.55,55.25,32.31,90.21,36.77,3.85,25.53,148.91,2.38,8.8,4,12.9
"152","Serbia",117.274,0.613036548,2.721453576,4.336531784,51.21441502,227.3561884,362.283357,9.152198781,40.62936245,64.74132912,2.950878,12.28619,23.87022,207176.9541,862595.9535,1675894.25,6839949,255434,117.274,7.2703366,6.4741997,8.4988801,8.4988801,0.45,0.17,1.50719623,5.292796122,17.18284253,0.153524584,0.539129749,1.750262313,40.2602,29.92,398.67,116.96,14.08,24.53,9.24,38.43,16.61,0.06,0.41,174.37,4.3,21.5,21.1,21.8
"153","Seychelles",193.58351,0.633518334,2.166685499,3.840847424,52.92550826,181.009649,320.8728006,12.75066837,43.60834845,77.30379553,0.06652946,1.354531,5.710876,63.76383035,1298.223146,5473.474885,91924,1495,87.48116,10.3003167,10.4253758,10.5117947,10.5117947,1.23,0.47,0.153337457,0.280043343,0.933622301,3.027441991,5.529079401,18.43311747,16.9916,47.22,289.36,56.34,48.93,33.38,22.32,93.95,28.26,1,4.82,162.39,3.11,14,7.6,20.5
"154","Sierra Leone",9.277,1.241975289,2.201196701,2.770219681,103.7573341,183.8927904,231.4302156,57.83079465,102.4955613,128.9912987,40.10301,76.5531,85.57656,3003086.233,5732626.072,6408341.648,962524,6274501,9.277,7.1035396,6.6353241,4.6419825,4.6419825,0.31,0.09,406.241183,601.0625282,797.2303555,261.8330403,387.4004798,513.8357621,2.4,31.04,386.95,125.83,23.09,54.01,36.69,86.5,40.23,4.91,31.04,138.42,1.97,8.7,3.8,13.3
"155","Singapore",4.786,0.921942895259999,2.41736876429,3.56320321273,79.9180480538,207.24419367,300.459750484,29.71828965709,81.6078867689,124.2964512686,7.0329120027,46.27967732,69.22835298,1175733.1681354,6392353.512817,11682689.455134,5535002,0,4.786,9.3643048,6.542572,7.6571868,7.6571868,1.62,0.32,0.525654718,0.322362997,1.520959215,0.154520554,0.094761271,0.447098548,30.49,38.86,111.1,22.84,13.66,11.72,3.59,22.56,5.14,0.09,0.16,111.78,3.03,6.1,5.8,6.3
"156","Slovakia",32.237,0.387426943,2.110823834,3.333447784,32.36649482,176.3428433,278.4835241,5.577298781,30.38687786,47.98745827,0.5420523,1.311294,2.348883,29483.48216,71324.32286,127761.1958,5358715,65086,32.237,8.1699695,6.3083978,8.1008882,8.1008882,0.36,0.13,0.303444641,0.45204238,2.821787954,0.058192301,0.086689243,0.541140991,52.55,30.25,356.91,65.66,9.5,14.18,21.04,24.19,15.67,0.08,0.5,168.04,4.62,20.5,21,19.9
"157","Slovenia",92.355,0.440995618,2.047126761,3.041276348,36.84173919,171.0214503,254.0748829,6.205535896,28.80645084,42.79577567,0,0,0.01920434,0,0,396.8361772,2044959,18572,92.355,7.2928867,6.9791175,9.8495225,9.8495225,0.35,0.13,0.121865262,0.243813876,0.923074812,0.045131477,0.090293823,0.341850739,48.75,29.73,190.44,41.24,5.36,16.04,16.27,18.47,12.91,0.03,0.23,154.68,4.63,20.2,19.4,21
"158","Solomon Islands",131.9457,0.88397358438,2.4336465268,3.55310133639,75.3415758328,209.68147027,297.58969398,30.48028485109,88.3932970519,120.8799509943,6.7151134677,45.12844663,64.4181018,1070522.9976331,12595173.523664,11651593.0692155,175070,412412,211.36392,12.6337645,15.1037991,11.7706089,11.7706089,0.83,0.32,2.426774443,10.01377305,12.31758065,19.70335513,81.30336427,100.0083327,14.8,49.2,666.43,239.88,86.5,143.2,26.4,282.41,38.27,2,3.4,158.94,2.68,22.5,17.9,27.1
"159","Somalia",6.544,0.85669006805,2.30577341494,3.64113053391,71.5133844293,189.999244814,305.054748651,29.995391885,84.4212145633001,134.1729612962,5.1737957652,45.3739932,73.8623148,1206779.6510344,10566928.8865,14030135.271052,2915110,9489615,6.544,7.4372867,6.2462293,4.5081573,4.5081573,0.77,0.21,445.4531298,649.511717,847.137449,211.6770966,308.6447154,402.5554735,3.5,37.27,473.9,153.48,17.59,56.13,40.43,86.18,60.12,6.26,33.84,163.49,1.94,8.3,3.9,12.3
"160","South Africa",321.251,1.264708811,3.407425561,4.276109309,105.6565422,284.6637896,357.2355313,29.2795996,78.8861873,98.99730862,18.0559,54.05105,61.10259,10291944.43,30809342.27,34828751.87,36527953,18484024,321.251,9.666581,12.631978,11.7505881,11.7505881,0.29,0.15,1615.847969,2133.078229,3282.365464,77.47605523,102.2760123,157.3815934,24.88,33.38,249.35,76.83,27.55,57.55,11.73,130.7,20.26,0.54,5.62,133.23,2.11,28.3,15.4,39.6
"161","South Korea",8.992,0.68144879,4.320287496,4.860810844,56.92972348,360.9262737,406.0827773,13.13085791,83.24775401,93.66311521,0,0.9978241,1.228063,0,512501.5262,630756.6251,51014947,0,8.992,9.3042505,6.7262088,8.4375467,8.4375467,1.5,0.23,38.68146316,24.06495766,112.2496836,0.800516322,0.49802644,2.323017191,40.27,53.73,123.61,54.53,9.74,20.25,14.51,36.6,8.72,0.21,0.26,146.57,3,4.7,4.4,4.8
"162","South Sudan",5.003,0.8440594136,2.29658260035,3.60241988229,71.3646592014,188.367804803,302.734277761,30.7482235878,89.3412736961,144.5502287583,6.5204031652,46.33403403,76.4522437000001,1269127.3141098,10504692.71027,14451498.428522,796103,11086033,5.003,7.49046675,6.471259163,4.605612312,4.5444451,0.6155,0.1839,460.8228436,690.4437055,882.7365556,342.9839182,513.8874748,657.0083207,4.231,34.75,326.17,106.68,12.64,44.84,26.75,66.45,48.15,4.32,32.47,126.2,1.69,8.051,3.815,11.959
"163","Spain",754.96,0.442280512,1.770827881,2.715095317,36.94908205,147.9388371,226.8250056,6.080570696,24.34573494,37.32773335,0.5017389,0.9513059,1.480493,233776.3898,443244.2031,689809.5975,46401249,46448,754.96,8.5417676,5.6802586,8.2329689,8.2329689,0.29,0.12,23.59704663,9.975476802,36.93878373,0.368017975,0.155576875,0.576094822,45.1,46.26,117.28,26.87,9.39,30.04,9.64,24.84,12,0.18,0.32,129.92,3.96,23.8,24.6,22.8
"164","Sri Lanka",0.887,0.971934199,2.227864363,4.050519973,81.19751039,186.1206652,338.3893043,17.60403343,40.35190729,73.36452306,0.08013956,10.67173,45.437,17185.12725,2288445.781,9743510.28,19938666,1027334,0.887,7.0219834,7.712655,8.4048689,8.4048689,1.57,0.34,66.51201084,196.3430677,361.5068164,5.407416978,15.96266335,29.39045252,9.1,41.92,226.84,61.04,23.41,56.53,21.57,89.52,6.2,0.07,2.56,74.72,3.31,5.2,2.9,7.3
"165","Sudan",19.088,1.078303515,2.088458248,4.232425264,90.08383584,174.4743733,353.5860705,24.17271361,46.81771173,94.87978326,5.536669,35.98657,81.57917,2259702.644,14687341.32,33295229.71,8906147,28831766,19.088,8.3090898,9.4724273,7.1762183,7.1762183,0.5846,0.2112,202.4042067,336.5655065,428.0380857,24.86748244,41.35060708,52.58897408,0.9,43.15,449.28,115.47,37.59,48.64,20.8,79.78,17.03,0.84,3.01,94.4,3.24,16.606,9.987,21.676
"166","Suriname",189.215,0.869059555909999,2.4769053178,3.55147958532,74.3266458598,211.302203951,298.126942084,28.86115517519,82.9336505011,114.0114841338,5.0990842742,40.12947055,61.1614889,949617.92711535,8903602.50860741,6989951.9387265,438141,115067,189.215,10.946402,13.5358311,13.4875486,13.4875486,0.48,0.21,3.093831384,3.554315911,10.1918065,10.47416438,12.03313449,34.5043551,13.2,35.76,331.98,120.76,45.27,24.15,20.81,126.09,26.27,0.38,2.57,140.51,2.86,26.4,18.9,33.7
"167","Sweden",585.983,0.822322346,2.502307275,2.889616398,68.69860871,209.0482268,241.4048787,11.10858749,33.80316664,39.03524782,0.1356052,0.3259973,0.3404294,13638.76149,32787.82392,34239.36096,9730592,68594,585.983,5.8450484,3.9519066,5.9741604,5.9741604,0.22,0.08,16.09295052,12.6039573,16.62200002,1.111636484,0.870630825,1.148181102,20.27,40.27,166.31,35.6,6.45,20.67,6.35,20.46,9.59,0.06,0.22,134.55,4.29,20.6,23.1,18.1
"168","Switzerland",222.887,0.422059823,2.123611479,2.45778473,35.25980145,177.4111511,205.3287159,5.577981123,28.06584301,32.48230717,0,0.02182594,0.02182594,0,1844.693527,1844.693527,8274114,8282,222.887,5.2982009,2.8276539,4.3539265,4.3539265,0.29,0.11,4.994817772,3.566223667,4.817742025,0.444491847,0.317360396,0.42873377,31.85,43.39,130.34,24.76,7.72,17.62,6.87,20.54,9.92,0.65,0.2,120.55,4,19.5,22.2,16.9
"169","Syria",15.714,0.895123540889999,2.35395184792,3.65534503638,75.4813246363,197.307177435,304.086484576,28.08932612069,76.1556974882,111.332880245,4.86559097695,42.645768706,67.9691092,1123951.3943955,6783352.022531,9024122.0324614,17929383,805604,15.714,13.9683956,15.2886327,12.6454502,12.6454502,0.32,0.14,2.014161609,2.773388032,8.367179624,0.356202074,0.49047036,1.47972572,30.5,48.87,432.24,60.34,23.78,31.29,12.48,48.55,7.67,0.06,1.79,67.4,3.43,27.8,20.9,34.8
"170","Tajikistan",8.493,0.911056262,2.344516378,3.217305785,76.11163426,195.8660299,268.7807673,36.19254302,93.13805678,127.810414,0.7854215,16.24259,34.01277,69747.53413,1442385.522,3020425.13,8121218,427433,8.493,10.2708067,9.9071062,7.597814,7.597814,0.53,0.16,4.808756272,15.30106375,17.05428184,2.620079653,8.336876216,9.29212759,6.48,27.4,515.37,154.33,11.63,47.15,28.61,37.83,10.94,1.53,4.82,83.38,3.47,14.2,11.6,16.7
"171","Tanzania",0.352,0.993807355,1.943333143,2.670800338,83.02484168,162.3503044,223.1245061,37.34486265,73.02573176,100.3621791,31.10177,71.84402,84.53875,17001442.32,39272747.56,46212182.83,8405273,45474684,0.352,6.0174174,6.1468618,4.455715,4.455715,0.6,0.17,1968.689517,2737.774677,3648.140032,181.5023339,252.407751,336.3384242,2,40.72,327,79.07,13.25,40.71,29.07,66.93,41.64,5.21,20.03,146.77,2.6,8.4,4,12.7
"172","Thailand",0.845,1.046140589,2.883112817,5.012801356,87.39687457,240.8615553,418.7803973,17.28115243,47.62601951,82.80625501,0.002042557,2.216301,19.70135,1413.650799,1533898.775,13635276.36,63851568,4806032,0.845,8.2871193,8.7565508,10.1013816,10.1013816,0.7,0.21,532.4150149,127.4248549,2210.900036,10.32338007,2.470732738,42.86874096,15.92,45.4,132.19,48.19,28.12,32.73,15.63,64.99,13.62,0.49,1.48,129.54,3.35,10,7,12.7
"173","Timor",50.84214,0.86650114764,2.4282077799,3.63906348204,74.1676662225,207.112988274,304.229968389,29.37018854479,83.2261231489001,117.06051827,5.3471236031,44.82326133,67.2570462,950226.4409771,7864311.287089,6166842.147778,503837,737140,91.78285,5.3768121,5.5188259,4.1040317,4.1040317,2.57,0.41,11.48064684,36.95382136,46.48195163,27.76697859,89.37614581,112.4207872,20.04125,52.43,329.97,117.57,17.62,65.42,16.14,48.09,27.29,0.85,2.69,96.56,3.09,3.8,2.6,4.9
"174","Togo",6.523,1.938657561,2.309871612,6.206968342,161.959696,192.9717303,518.5437211,143.9768989,171.5455881,460.9684924,66.35256,74.28932,97.28955,5108135.243,5719144.728,7489811.684,860349,6556453,6.523,7.252472,7.0262178,4.9975307,4.9975307,0.71,0.2,219.2836653,313.665578,428.7211848,168.2380822,240.6494584,328.9220372,2.4,34.13,386.86,123.71,18.84,56.29,34.26,71.77,39.43,4.32,20.51,145.27,2.26,8.4,3.9,12.5
"175","Tonga",223.98023,0.87568240908,2.50316802465,3.5048226199,77.1073859449,213.740750608,292.972467085,31.27453780599,88.8836786733,119.4419036715,6.9344578718,46.00319043,61.81588358,984997.22731095,9023304.30307041,9329168.9205105,96791,9573,190.61741,21.911042,26.3599192,24.5182123,24.5182123,0.3,0.18,0.186551936,0.528367815,1.378481785,4.373741167,12.38767131,32.31873474,15.0235,49.38,274.78,83.93,61.85,66.87,18.7,228.38,42.24,8.97,8.57,189.7,2.6,48.2,41.4,54.5
"176","Trinidad and Tobago",75.742,1.008387702,3.134152422,4.08868259,84.24291577,261.8339534,341.5774929,12.85923731,39.96757366,52.14000489,0.1681227,3.472017,7.340323,2326.939216,48055.21513,101595.3554,1244484,115608,75.742,10.4106402,12.9583853,14.0860047,14.0860047,0.72,0.29,2.02676184,2.609978705,8.190175784,2.123761395,2.734890654,8.582152476,14.89,32.12,304.78,80.09,30.11,19.5,12.6,168.86,20.62,0.3,1.24,130.92,2.73,18.6,10.8,26
"177","Tunisia",83.174,0.603618059,1.881483827,3.447835621,50.42757388,157.1832772,288.0397344,11.11575981,34.64794,63.49265403,0,1.57308,13.31939,0,179857.2051,1522864.864,10326673,946988,83.174,12.1266469,12.8581778,12.6824945,12.6824945,0.36,0.16,10.38189492,16.63849385,43.2067874,1.66781857,2.672921392,6.941033689,27.1,53.92,282.73,65.66,31.6,27.33,12.18,67.66,8.79,0.44,0.91,105.1,3.68,26.9,19.1,34.3
"178","Turkey",117.976,0.734378871,2.370504554,3.440223518,61.35161827,198.037139,287.4038026,9.986639878,32.23591562,46.78276397,0,2.007663,6.668437,0,1628252.678,5408228.574,74279627,3991845,117.976,13.0451608,14.1696724,14.205187,14.205187,0.41,0.19,31.97276294,39.61941784,154.3051901,0.686735894,0.850976701,3.314287001,44.1,56.98,193.37,39.38,20.59,37.57,7.08,54.35,7.19,0.7,0.62,112.72,3.48,32.1,24.4,39.2
"179","Turkmenistan",61.59934,0.880979153409999,2.39312248874,3.62729922179,76.1981015303,199.900230403,303.606773313,26.86772375999,73.8025549912001,109.3366564577,3.2708496507,42.7189715,67.0990574,872140.8429521,7713498.410739,7603874.955591,3015936,1794169,194.9158,12.3522917,11.9818717,10.3663717,10.3663717,0.38,0.13,0.392719106,1.578034081,1.949179031,0.261418361,1.050438027,1.297495283,18.3,25.88,602.58,139.15,24.91,14.27,54.07,51.27,8.91,1.45,1.62,85.46,3.61,18.6,15.9,20.9
"180","Tuvalu",468.83967,0.901651101379999,2.54655782401,3.49287515079,81.5763480358,218.137614911,292.207482129,31.79615192541,91.3332697324,124.0499908632,6.1852560319,39.70360359,59.24667298,968637.07253849,8802205.7032408,10412303.934112,9012,1807,372.1168,23.2480556,24.2970242,23.8471629,23.8471629,0.34,0.22,751.48006234063,1248.37057541959,2185.9457876714,80.84525373661,145.61603269927,230.3418293374,13.1809,50.1264,503.0012,183.8667,65.1774,114.4679,30.6845,327.2528,41.9111,4.267,8.8981,150.4034,2.5964,51.6,47,56.2
"181","Uganda",2.252,0.648064841,1.799356803,3.000061375,54.14075527,150.3222058,250.6316938,42.58860861,118.2475855,197.1537903,7.880419,60.01055,81.69172,3243774.713,24701821.64,33626325.65,7667670,32477200,2.252,4.4017746,4.736887,2.9922044,2.9922044,0.79,0.17,1041.240813,1543.876411,1970.54167,186.7924903,276.9623662,353.5036094,3.3,39.2,306.9,100.29,14.65,50.43,30.96,73.48,50.53,4.33,23.58,179.41,2.21,5.3,1.8,8.6
"182","Ukraine",150.685,0.929161627979999,2.43603765732,3.58381223612,79.9561959158,210.854196116,300.909753369,26.53548373839,66.3337390216,94.7017318086,3.1448616953,33.65235863,59.7059443,894716.32629949,6853599.741681,9367290.975803,43302714,1851315,150.685,7.4189136,7.1748896,9.7013798,9.7013798,0.25,0.11,5.146238766,25.0387715,32.77647672,0.10966075,0.533548982,0.698431063,47.16,27.65,593.07,115.9,3.73,19.56,28.92,11,11.96,0.31,0.96,126.22,3.87,24.1,22,25.7
"183","United Arab Emirates",48.734,0.864821210139999,2.32465681935,3.60880540321,75.0991495389,194.986750994,301.62141032,26.18372059289,66.7358916294,95.7993368565,3.9562323415,41.54350703,63.289492,941715.2909054,5623598.305224,6408572.5811744,8934599,219703,48.734,15.0211902,15.402467,8.4996671,8.4996671,0.67,0.3,1.350489119,0.359605262,6.190059715,3.99414076,1.063550985,18.30741875,12.7,46.89,339.84,89.9,39.1,36.77,11.37,94.72,9.29,0.61,2.98,98.2,4.21,31.7,27.5,41
"184","United Kingdom",668.253,0.265348333,1.539730769,1.887692082,22.16778056,128.6324786,157.7019283,4.963690084,28.80269213,35.31176681,0.1003027,0.3433783,0.4246,66258.81917,226831.787,280485.9153,64607830,521031,668.253,6.6201465,4.9460228,6.9210203,6.9210203,0.16,0.07,30.49522397,5.643354009,36.4053406,0.366635441,0.067848447,0.437691099,37.58,41.6,145.01,36.6,5.26,37.1,10.64,18.3,15.72,0.07,0.4,158.8,4.11,27.8,26.9,28.6
"185","United States",684.958,0.9044263,2.21435,2.974152331,75.55775272,184.9916458,248.4671956,12.8980859,31.57899822,42.41459171,0.9991196,1.499683,1.499683,3246994.217,4873752.881,4873752.881,320896618,0,684.958,8.1696543,6.4363376,8.346949,8.346949,0.29,0.16,198.1417956,448.8719521,231.454478,0.59985371,1.358913223,0.700704397,44.11,42.14,176.43,34.28,16.46,38.71,14.14,41.69,10.49,0.25,0.4,145.11,5.07,36.2,35.5,37
"186","Uruguay",15.545,0.694181218,2.128675062,2.961332191,57.99341841,177.834174,247.396173,9.391300947,28.79799626,40.06268259,0.02453968,0.3399476,1.307074,843.3419311,11682.7956,44919.50634,3308016,123536,15.545,9.1377699,9.7827532,11.9341041,11.9341041,0.21,0.1,7.202059673,5.503096917,39.85485395,2.012371296,1.537653779,11.13608714,46.16,29.37,185.95,62.21,14.4,38.5,11.87,42.13,18.53,0.19,0.4,190.63,4.86,27.9,24.9,30.6
"187","Uzbekistan",16.642,0.94246958845,2.41754205853,3.56001508167,80.5866291296,206.659540299,300.219970246,29.02994604479,80.0477816709,115.2686154,4.3471648855,41.181265326,63.65633503,1158508.7514307,9976986.653188,12177482.980138,31298900,0,16.642,10.4833885,10.7044365,9.0691813,9.0691813,0.45,0.15,1.328324469,6.321237652,5.530351017,0.169033263,0.804396406,0.703753715,10.98,26.49,696.86,112.58,15.86,24.2,48.17,53.67,9.1,0.91,1.09,80.62,3.53,16.6,13.8,19
"188","Vanuatu",300.15571,0.87878140584,2.4997625047,3.51876690007,76.4516529061,212.52919116,295.940729976,30.69878937789,87.7909529487,118.5580352353,6.2029222249,44.29413643,62.1378536,1000073.4051487,9945790.96114841,11659928.188525,153205,111398,195.37113,15.7220979,15.9942814,13.2630981,13.2630981,0.73,0.31,3.293144721,8.109889511,10.86596064,44.15278525,108.7332141,145.6851937,12.7,47.77,685.22,219.21,69.75,128.34,23.15,209.06,35.34,1.78,3.69,139.97,2.7,25.2,20.2,30.1
"189","Venezuela",27.43,0.891993374849999,2.36231974752,3.63154675489,77.1652960163,196.278607382,303.772597606,26.88283735299,73.1731384993,98.4489108553,2.8578878831,40.90223796,65.7381137,1034883.0955591,9999417.711813,12389892.4781,29410446,1744688,27.43,9.9360777,8.9778599,8.4720032,8.4720032,0.49,0.19,61.22011846,80.44255288,258.0289084,4.525401616,5.946327254,19.07354099,16.86,38.35,231,47.37,34.95,27,15.6,80.11,14.29,0.66,1.12,120.47,2.49,25.6,22.4,28.6
"190","Vietnam",0.36,0.974507314,2.513795511,4.306775634,81.41247403,210.0079792,359.7974631,28.58516223,73.73700685,126.3303809,0.4951231,10.18864,32.01523,468369.8264,9638111.305,30285332.51,71536374,20176926,0.36,5.5387413,5.1369106,5.0445686,5.0445686,3.16,0.34,379.9272853,575.0777246,1115.452496,9.14095489,13.83622536,26.8375064,27.4,52.3,277.86,131.85,26.19,50.08,23.98,68.15,15.57,1.02,1.03,158.41,3.11,2.1,1.6,2.6
"191","Yemen",20.117,0.886337415279999,2.30899897241,3.63576478614,75.7862731973,190.324288286,304.825642824,27.7772783043,73.3147052501,104.5225808748,3.6041048767,41.647690906,68.8120968,1058225.235197,11636699.0905,17681051.370871,13277013,11632956,20.117,12.5919634,10.1444687,7.051236,7.051236,0.38,0.12,84.73164561,137.2570886,221.9642319,15.63120325,25.32104073,40.94772382,3.8,52.59,540.3,150.32,39.37,59.2,17.35,84.81,18.2,0.89,2.14,104.65,3.32,17.1,12,22
"192","Zambia",18.93,1.278012074,2.379476799,3.306079267,106.767926,198.7867,276.1970983,75.42884391,140.4377844,195.1262762,57.78896,77.14788,84.97017,9739571.017,13002262.99,14320607.34,7068158,9032429,18.93,6.4647059,6.6852064,4.3618839,4.3618839,0.66,0.18,597.1407001,857.409909,1143.515004,231.4820379,332.3755908,443.2844443,6.3,41.2,393.06,111.5,17.28,55.51,47.66,81.49,64.98,7.25,31.73,168.44,2.42,8.1,3.6,12.4
"193","Zimbabwe",16.282,0.774647423,2.29716701,3.967124844,64.71574124,191.9103601,331.4222928,34.26312295,101.6050831,175.4683258,8.090322,63.16433,82.59679,1151798.513,8992544.593,11759094.37,5806102,9971349,16.282,6.5137745,7.5606705,5.2168611,5.2168611,0.33,0.12,298.6722588,411.161662,599.0010222,114.0073002,156.9460492,228.646911,12.1,44.94,305.49,95.86,36.55,65.02,17.54,137.55,56.25,0.9,17.75,245.77,2.62,15.5,4.7,25.3
